,pb_lf
2015-01-05,2.9245
2015-01-06,2.9532
2015-01-07,2.9562
2015-01-08,2.9275
2015-01-09,2.9088
2015-01-12,2.8661
2015-01-13,2.9028
2015-01-14,2.8847
2015-01-15,2.9221
2015-01-16,2.9593
2015-01-19,2.829
2015-01-20,2.9295
2015-01-21,3.0066
2015-01-22,3.0475
2015-01-23,3.0201
2015-01-26,3.0859
2015-01-27,3.0925
2015-01-28,3.0737
2015-01-29,3.0547
2015-01-30,3.0196
2015-02-02,3.0019
2015-02-03,3.0501
2015-02-04,3.0396
2015-02-05,3.0244
2015-02-06,2.9573
2015-02-09,2.9413
2015-02-10,2.9735
2015-02-11,3.0012
2015-02-12,3.0219
2015-02-13,3.0669
2015-02-16,3.1158
2015-02-17,3.1354
2015-02-25,3.1319
2015-02-26,3.1622
2015-02-27,3.1845
2015-03-02,3.2471
2015-03-03,3.2362
2015-03-04,3.2839
2015-03-05,3.2802
2015-03-06,3.2416
2015-03-09,3.2832
2015-03-10,3.3147
2015-03-11,3.3052
2015-03-12,3.3
2015-03-13,3.335
2015-03-16,3.428
2015-03-17,3.4825
2015-03-18,3.5429
2015-03-19,3.5724
2015-03-20,3.607
2015-03-23,3.6898
2015-03-24,3.7064
2015-03-25,3.749
2015-03-26,3.7227
2015-03-27,3.7441
2015-03-30,3.7882
2015-03-31,3.788
2015-04-01,3.8755
2015-04-02,3.9421
2015-04-03,4.0017
2015-04-07,4.0986
2015-04-08,4.0701
2015-04-09,4.0359
2015-04-10,4.1297
2015-04-13,4.2107
2015-04-14,4.2132
2015-04-15,4.0507
2015-04-16,4.103
2015-04-17,4.1406
2015-04-20,4.0691
2015-04-21,4.1983
2015-04-22,4.3002
2015-04-23,4.3393
2015-04-24,4.335
2015-04-27,4.3698
2015-04-28,4.231
2015-04-29,4.2956
2015-04-30,4.2943
2015-05-04,4.3166
2015-05-05,4.1581
2015-05-06,4.0933
2015-05-07,4.0002
2015-05-08,4.1507
2015-05-11,4.3284
2015-05-12,4.4241
2015-05-13,4.4595
2015-05-14,4.4637
2015-05-15,4.426
2015-05-18,4.504
2015-05-19,4.6176
2015-05-20,4.6989
2015-05-21,4.8733
2015-05-22,4.9615
2015-05-25,5.0938
2015-05-26,5.2586
2015-05-27,5.3201
2015-05-28,5.0007
2015-05-29,5.0451
2015-06-01,5.3094
2015-06-02,5.5104
2015-06-03,5.5493
2015-06-04,5.5403
2015-06-05,5.6425
2015-06-08,5.5922
2015-06-09,5.5819
2015-06-10,5.6774
2015-06-11,5.7586
2015-06-12,5.859
2015-06-15,5.8859
2015-06-16,5.6525
2015-06-17,5.7718
2015-06-18,5.5824
2015-06-19,5.2033
2015-06-23,5.2414
2015-06-24,5.3633
2015-06-25,5.175
2015-06-26,4.7364
2015-06-29,4.4294
2015-06-30,4.6455
2015-07-01,4.3863
2015-07-02,4.0801
2015-07-03,3.8256
2015-07-06,3.7696
2015-07-07,3.5202
2015-07-08,3.4452
2015-07-09,3.6065
2015-07-10,3.7972
2015-07-13,4.0376
2015-07-14,4.1080000000000005
2015-07-15,3.8649
2015-07-16,3.9581
2015-07-17,4.1799
2015-07-20,4.2445
2015-07-21,4.2991
2015-07-22,4.3539
2015-07-23,4.4791
2015-07-24,4.4117
2015-07-27,4.074
2015-07-28,4.001
2015-07-29,4.2010000000000005
2015-07-30,4.074
2015-07-31,4.0360000000000005
2015-08-03,3.9381
2015-08-04,4.1498
2015-08-05,4.0917
2015-08-06,4.0576
2015-08-07,4.1714
2015-08-10,4.3722
2015-08-11,4.3933
2015-08-12,4.334
2015-08-13,4.4363
2015-08-14,4.4878
2015-08-17,4.582
2015-08-18,4.232
2015-08-19,4.3242
2015-08-20,4.1642
2015-08-21,3.9304
2015-08-24,3.6022
2015-08-25,3.3206
2015-08-26,3.1911
2015-08-27,3.3038
2015-08-28,3.4969
2015-08-31,3.3542
2015-09-01,3.1413
2015-09-02,3.127
2015-09-07,3.1329
2015-09-08,3.2505
2015-09-09,3.3397
2015-09-10,3.2818
2015-09-11,3.3035
2015-09-14,3.0739
2015-09-15,2.8968
2015-09-16,3.0943
2015-09-17,3.0301
2015-09-18,3.0654
2015-09-21,3.1757
2015-09-22,3.2039
2015-09-23,3.1669
2015-09-24,3.2142
2015-09-25,3.1085
2015-09-28,3.1642
2015-09-29,3.1041
2015-09-30,3.1122
2015-10-08,3.24
2015-10-09,3.29
2015-10-12,3.4181
2015-10-13,3.4609
2015-10-14,3.4212
2015-10-15,3.5258
2015-10-16,3.5888
2015-10-19,3.5903
2015-10-20,3.6472
2015-10-21,3.4159
2015-10-22,3.5415
2015-10-23,3.6272
2015-10-26,3.6547
2015-10-27,3.6706
2015-10-28,3.5831
2015-10-29,3.5906
2015-10-30,3.5729
2015-11-02,3.4934
2015-11-03,3.4865
2015-11-04,3.66
2015-11-05,3.6643
2015-11-06,3.7496
2015-11-09,3.7978
2015-11-10,3.8108
2015-11-11,3.8673
2015-11-12,3.8658
2015-11-13,3.8049
2015-11-16,3.8799
2015-11-17,3.8468
2015-11-18,3.783
2015-11-19,3.8789
2015-11-20,3.9223
2015-11-23,3.8925
2015-11-24,3.9185
2015-11-25,3.9789
2015-11-26,3.9544
2015-11-27,3.7047
2015-11-30,3.7082
2015-12-01,3.7258
2015-12-02,3.7077
2015-12-03,3.7887
2015-12-04,3.7545
2015-12-07,3.795
2015-12-08,3.6967
2015-12-09,3.6786
2015-12-10,3.666
2015-12-11,3.6312
2015-12-14,3.7307
2015-12-15,3.7593
2015-12-16,3.7588
2015-12-17,3.8497
2015-12-18,3.8317
2015-12-21,3.8735
2015-12-22,3.906
2015-12-23,3.8611
2015-12-24,3.8498
2015-12-25,3.8702
2015-12-28,3.7775
2015-12-29,3.8026
2015-12-30,3.8334
2015-12-31,3.7655
2016-01-04,3.4526
2016-01-05,3.4054
2016-01-06,3.4936
2016-01-07,3.1918
2016-01-08,3.2493
2016-01-11,3.0259
2016-01-12,3.0225
2016-01-13,2.9188
2016-01-14,3.0165
2016-01-15,2.8956
2016-01-18,2.9325
2016-01-19,3.0387
2016-01-20,3.0067
2016-01-21,2.8854
2016-01-22,2.93
2016-01-25,2.9566
2016-01-26,2.7364
2016-01-27,2.6991
2016-01-28,2.5795
2016-01-29,2.6754
2016-02-01,2.6417
2016-02-02,2.7294
2016-02-03,2.736
2016-02-04,2.7854
2016-02-05,2.7538
2016-02-15,2.7522
2016-02-16,2.866
2016-02-17,2.899
2016-02-18,2.8909
2016-02-19,2.9012
2016-02-22,2.9635
2016-02-23,2.9498
2016-02-24,2.9685
2016-02-25,2.7323
2016-02-26,2.745
2016-02-29,2.5933
2016-03-01,2.6562
2016-03-02,2.7918
2016-03-03,2.8017
2016-03-04,2.7283
2016-03-07,2.7866
2016-03-08,2.7907
2016-03-09,2.7179
2016-03-10,2.6718
2016-03-11,2.6695
2016-03-14,2.7561
2016-03-15,2.7279
2016-03-16,2.6899
2016-03-17,2.7783
2016-03-18,2.8728
2016-03-21,2.9442
2016-03-22,2.9331
2016-03-23,2.9523
2016-03-24,2.906
2016-03-25,2.9274
2016-03-28,2.9088
2016-03-29,2.8533
2016-03-30,2.9523
2016-03-31,2.9798
2016-04-01,2.9649
2016-04-05,3.0406
2016-04-06,3.0576
2016-04-07,3.0136
2016-04-08,2.9814
2016-04-11,3.0464
2016-04-12,3.0185
2016-04-13,3.0804
2016-04-14,3.1073
2016-04-15,3.0977
2016-04-18,3.049
2016-04-19,3.055
2016-04-20,2.908
2016-04-21,2.8835
2016-04-22,2.902
2016-04-25,2.8834
2016-04-26,2.9079
2016-04-27,2.8853
2016-04-28,2.8637
2016-04-29,2.8548
2016-05-03,2.9343
2016-05-04,2.9345
2016-05-05,2.9509
2016-05-06,2.8364
2016-05-09,2.736
2016-05-10,2.7364
2016-05-11,2.7309
2016-05-12,2.7322
2016-05-13,2.7273
2016-05-16,2.7901
2016-05-17,2.779
2016-05-18,2.7035
2016-05-19,2.7167
2016-05-20,2.7506
2016-05-23,2.7864
2016-05-24,2.7536
2016-05-25,2.7448
2016-05-26,2.7539
2016-05-27,2.7455
2016-05-30,2.7319
2016-05-31,2.8447
2016-06-01,2.8591
2016-06-02,2.8783
2016-06-03,2.8897
2016-06-06,2.8975
2016-06-07,2.8960000000000004
2016-06-08,2.889
2016-06-13,2.7335
2016-06-14,2.7402
2016-06-15,2.8293
2016-06-16,2.817
2016-06-17,2.8346
2016-06-20,2.8434
2016-06-21,2.8131
2016-06-22,2.8591
2016-06-23,2.8473
2016-06-24,2.8068
2016-06-27,2.8727
2016-06-28,2.9041
2016-06-29,2.9096
2016-06-30,2.9118
2016-07-01,2.9054
2016-07-04,2.9613
2016-07-05,2.9802
2016-07-06,2.9962
2016-07-07,2.9958
2016-07-08,2.9726
2016-07-11,2.979
2016-07-12,3.0167
2016-07-13,3.0382
2016-07-14,3.0437
2016-07-15,3.0381
2016-07-18,3.0254
2016-07-19,3.0322
2016-07-20,3.0257
2016-07-21,3.037
2016-07-22,3.0121
2016-07-25,3.0165
2016-07-26,3.0557
2016-07-27,2.929
2016-07-28,2.9356
2016-07-29,2.9079
2016-08-01,2.8618
2016-08-02,2.887
2016-08-03,2.9012
2016-08-04,2.9191
2016-08-05,2.9012
2016-08-08,2.9409
2016-08-09,2.9629
2016-08-10,2.9501
2016-08-11,2.906
2016-08-12,2.9345
2016-08-15,2.9983
2016-08-16,3.0047
2016-08-17,3.0095
2016-08-18,3.0047
2016-08-19,3.0227
2016-08-22,2.9825
2016-08-23,2.9819
2016-08-24,2.9832
2016-08-25,2.955
2016-08-26,2.9612
2016-08-29,2.9629
2016-08-30,2.947
2016-08-31,2.9488
2016-09-01,2.9431
2016-09-02,2.9311
2016-09-05,2.9471
2016-09-06,2.9911
2016-09-07,2.9930000000000003
2016-09-08,3.0042
2016-09-09,2.9824
2016-09-12,2.8969
2016-09-13,2.9087
2016-09-14,2.8883
2016-09-19,2.9189
2016-09-20,2.9148
2016-09-21,2.9157
2016-09-22,2.9286
2016-09-23,2.9210000000000003
2016-09-26,2.861
2016-09-27,2.8812
2016-09-28,2.8783
2016-09-29,2.8862
2016-09-30,2.8975
2016-10-10,2.9483
2016-10-11,2.9638
2016-10-12,2.962
2016-10-13,2.9633
2016-10-14,2.9501
2016-10-17,2.9228
2016-10-18,2.9655
2016-10-19,2.9551
2016-10-20,2.9592
2016-10-21,2.9434
2016-10-24,2.9642
2016-10-25,2.9679
2016-10-26,2.9544
2016-10-27,2.9388
2016-10-28,2.8941
2016-10-31,2.8726
2016-11-01,2.8972
2016-11-02,2.8728
2016-11-03,2.8819
2016-11-04,2.8726
2016-11-07,2.8753
2016-11-08,2.8888
2016-11-09,2.8663
2016-11-10,2.9041
2016-11-11,2.9249
2016-11-14,2.9389
2016-11-15,2.949
2016-11-16,2.9508
2016-11-17,2.9465
2016-11-18,2.9313
2016-11-21,2.9366
2016-11-22,2.9585
2016-11-23,2.9455
2016-11-24,2.9416
2016-11-25,2.9528
2016-11-28,2.9601
2016-11-29,2.938
2016-11-30,2.9212
2016-12-01,2.9383
2016-12-02,2.8897
2016-12-05,2.8721
2016-12-06,2.8763
2016-12-07,2.9064
2016-12-08,2.8882
2016-12-09,2.88
2016-12-12,2.8074
2016-12-13,2.8215
2016-12-14,2.8048
2016-12-15,2.8223
2016-12-16,2.8387
2016-12-19,2.8391
2016-12-20,2.8286
2016-12-21,2.8484
2016-12-22,2.8438
2016-12-23,2.8155
2016-12-26,2.8199
2016-12-27,2.818
2016-12-28,2.809
2016-12-29,2.801
2016-12-30,2.807
2017-01-03,2.8323
2017-01-04,2.8646
2017-01-05,2.8639
2017-01-06,2.8434
2017-01-09,2.8591
2017-01-10,2.8504
2017-01-11,2.8208
2017-01-12,2.795
2017-01-13,2.7607
2017-01-16,2.6867
2017-01-17,2.7137
2017-01-18,2.6692
2017-01-19,2.6563
2017-01-20,2.6901
2017-01-23,2.7122
2017-01-24,2.7076
2017-01-25,2.7139
2017-01-26,2.7318
2017-02-03,2.7237
2017-02-06,2.7468
2017-02-07,2.7449
2017-02-08,2.76
2017-02-09,2.7782
2017-02-10,2.7751
2017-02-13,2.7877
2017-02-14,2.7884
2017-02-15,2.7676
2017-02-16,2.7866
2017-02-17,2.7633
2017-02-20,2.7962
2017-02-21,2.8095
2017-02-22,2.8254
2017-02-23,2.8238
2017-02-24,2.822
2017-02-27,2.7946
2017-02-28,2.8311
2017-03-01,2.8374
2017-03-02,2.8222
2017-03-03,2.8292
2017-03-06,2.8562
2017-03-07,2.8588
2017-03-08,2.847
2017-03-09,2.8201
2017-03-10,2.8243
2017-03-13,2.847
2017-03-14,2.8408
2017-03-15,2.8372
2017-03-16,2.862
2017-03-17,2.8362
2017-03-20,2.844
2017-03-21,2.8493
2017-03-22,2.8366
2017-03-23,2.8419
2017-03-24,2.8566
2017-03-27,2.8428
2017-03-28,2.8404
2017-03-29,2.8287
2017-03-30,2.7766
2017-03-31,2.786
2017-04-05,2.8505
2017-04-06,2.8615
2017-04-07,2.8694
2017-04-10,2.8629
2017-04-11,2.8884
2017-04-12,2.8644
2017-04-13,2.8822
2017-04-14,2.8372
2017-04-17,2.8026
2017-04-18,2.7871
2017-04-19,2.7547
2017-04-20,2.7545
2017-04-21,2.7339
2017-04-24,2.6618
2017-04-25,2.6698
2017-04-26,2.6695
2017-04-27,2.6664
2017-04-28,2.6612
2017-05-02,2.6578
2017-05-03,2.6505
2017-05-04,2.6411
2017-05-05,2.6052
2017-05-08,2.5563
2017-05-09,2.5724
2017-05-10,2.5206
2017-05-11,2.5157
2017-05-12,2.512
2017-05-15,2.5255
2017-05-16,2.5774
2017-05-17,2.5838
2017-05-18,2.5637
2017-05-19,2.5636
2017-05-22,2.5275
2017-05-23,2.4756
2017-05-24,2.4909
2017-05-25,2.5145
2017-05-26,2.5074
2017-05-31,2.5033
2017-06-01,2.4545
2017-06-02,2.4818
2017-06-05,2.5006
2017-06-06,2.513
2017-06-07,2.5631
2017-06-08,2.5654
2017-06-09,2.5722
2017-06-12,2.567
2017-06-13,2.5997
2017-06-14,2.5945
2017-06-15,2.6203
2017-06-16,2.6186
2017-06-19,2.6393
2017-06-20,2.6403
2017-06-21,2.6479
2017-06-22,2.6113
2017-06-23,2.6183
2017-06-26,2.6606
2017-06-27,2.6618
2017-06-28,2.6492
2017-06-29,2.6653
2017-06-30,2.6755
2017-07-03,2.6925
2017-07-04,2.6793
2017-07-05,2.6998
2017-07-06,2.7027
2017-07-07,2.7132
2017-07-10,2.7055
2017-07-11,2.6724
2017-07-12,2.6734
2017-07-13,2.6798
2017-07-14,2.6716
2017-07-17,2.5608
2017-07-18,2.5886
2017-07-19,2.6408
2017-07-20,2.6568
2017-07-21,2.6687
2017-07-24,2.6858
2017-07-25,2.6787
2017-07-26,2.676
2017-07-27,2.6929
2017-07-28,2.7044
2017-07-31,2.7376
2017-08-01,2.7309
2017-08-02,2.7141
2017-08-03,2.7196
2017-08-04,2.7032
2017-08-07,2.7356
2017-08-08,2.7346
2017-08-09,2.7513
2017-08-10,2.7283
2017-08-11,2.674
2017-08-14,2.7282
2017-08-15,2.7343
2017-08-16,2.7355
2017-08-17,2.7544
2017-08-18,2.7422
2017-08-21,2.7588
2017-08-22,2.7439
2017-08-23,2.7222
2017-08-24,2.6998
2017-08-25,2.7241
2017-08-28,2.7485
2017-08-29,2.7325
2017-08-30,2.7441
2017-08-31,2.7467
2017-09-01,2.7686
2017-09-04,2.7839
2017-09-05,2.7847
2017-09-06,2.7968
2017-09-07,2.7741
2017-09-08,2.7801
2017-09-11,2.8081
2017-09-12,2.8049
2017-09-13,2.8183
2017-09-14,2.8135
2017-09-15,2.793
2017-09-18,2.8136
2017-09-19,2.8008
2017-09-20,2.8219
2017-09-21,2.7901
2017-09-22,2.7726
2017-09-25,2.7382
2017-09-26,2.7503
2017-09-27,2.7754
2017-09-28,2.7697
2017-09-29,2.7832
2017-10-09,2.8148
2017-10-10,2.8258
2017-10-11,2.8135
2017-10-12,2.8109
2017-10-13,2.8310000000000004
2017-10-16,2.7911
2017-10-17,2.7905
2017-10-18,2.7702
2017-10-19,2.7435
2017-10-20,2.7679
2017-10-23,2.7831
2017-10-24,2.7748
2017-10-25,2.7899
2017-10-26,2.7862
2017-10-27,2.7587
2017-10-30,2.6909
2017-10-31,2.6993
2017-11-01,2.6961
2017-11-02,2.6692
2017-11-03,2.6425
2017-11-06,2.677
2017-11-07,2.6922
2017-11-08,2.6952
2017-11-09,2.7142
2017-11-10,2.7253
2017-11-13,2.737
2017-11-14,2.7135
2017-11-15,2.6844
2017-11-16,2.6919
2017-11-17,2.6101
2017-11-20,2.6349
2017-11-21,2.6453
2017-11-22,2.637
2017-11-23,2.5686
2017-11-24,2.5696
2017-11-27,2.537
2017-11-28,2.5794
2017-11-29,2.5875
2017-11-30,2.5657
2017-12-01,2.5873
2017-12-04,2.5725
2017-12-05,2.5153
2017-12-06,2.5307
2017-12-07,2.5169
2017-12-08,2.5441
2017-12-11,2.4657
2017-12-12,2.4435
2017-12-13,2.4615
2017-12-14,2.4645
2017-12-15,2.4459
2017-12-18,2.4338
2017-12-19,2.4537
2017-12-20,2.4348
2017-12-21,2.4483
2017-12-22,2.4493
2017-12-25,2.4286
2017-12-26,2.4419
2017-12-27,2.4232
2017-12-28,2.4342
2017-12-29,2.4531
2018-01-02,2.485
2018-01-03,2.507
2018-01-04,2.5195
2018-01-05,2.5198
2018-01-08,2.5318
2018-01-09,2.5317
2018-01-10,2.5155
2018-01-11,2.5212
2018-01-12,2.512
2018-01-15,2.4575
2018-01-16,2.4773
2018-01-17,2.4649
2018-01-18,2.4747
2018-01-19,2.4683
2018-01-22,2.4971
2018-01-23,2.5008
2018-01-24,2.5138
2018-01-25,2.5085
2018-01-26,2.5066
2018-01-29,2.4785
2018-01-30,2.4773
2018-01-31,2.4313
2018-02-01,2.3535
2018-02-02,2.3566
2018-02-05,2.3557
2018-02-06,2.2402
2018-02-07,2.2418
2018-02-08,2.262
2018-02-09,2.1767
2018-02-12,2.2318
2018-02-13,2.2456
2018-02-14,2.2519
2018-02-22,2.298
2018-02-23,2.3071
2018-02-26,2.3562
2018-02-27,2.3448
2018-02-28,2.339
2018-03-01,2.3627
2018-03-02,2.3491
2018-03-05,2.3494
2018-03-06,2.3817
2018-03-07,2.3589
2018-03-08,2.3763
2018-03-09,2.405
2018-03-12,2.4377
2018-03-13,2.4204
2018-03-14,2.3972
2018-03-15,2.3913
2018-03-16,2.3778
2018-03-19,2.377
2018-03-20,2.3822
2018-03-21,2.3652
2018-03-22,2.3531
2018-03-23,2.2323
2018-03-26,2.2731
2018-03-27,2.3193
2018-03-28,2.2941
2018-03-29,2.3174
2018-03-30,2.3442
2018-04-02,2.3451
2018-04-03,2.3238
2018-04-04,2.3092
2018-04-09,2.3111
2018-04-10,2.3265
2018-04-11,2.3359
2018-04-12,2.3248
2018-04-13,2.3074
2018-04-16,2.2976
2018-04-17,2.2505
2018-04-18,2.2746
2018-04-19,2.2884
2018-04-20,2.237
2018-04-23,2.2147
2018-04-24,2.263
2018-04-25,2.2657
2018-04-26,2.2176
2018-04-27,2.212
2018-05-02,2.1943
2018-05-03,2.2155
2018-05-04,2.2174
2018-05-07,2.259
2018-05-08,2.2692
2018-05-09,2.264
2018-05-10,2.2701
2018-05-11,2.2526
2018-05-14,2.2448
2018-05-15,2.2648
2018-05-16,2.2609
2018-05-17,2.2515
2018-05-18,2.2612
2018-05-21,2.2905
2018-05-22,2.2995
2018-05-23,2.2702
2018-05-24,2.263
2018-05-25,2.2416
2018-05-28,2.2342
2018-05-29,2.2129
2018-05-30,2.157
2018-05-31,2.1862
2018-06-01,2.1613
2018-06-04,2.1616
2018-06-05,2.1973
2018-06-06,2.1968
2018-06-07,2.1835
2018-06-08,2.1587
2018-06-11,2.1362
2018-06-12,2.1606
2018-06-13,2.1284
2018-06-14,2.1195
2018-06-15,2.0846
2018-06-19,1.9583
2018-06-20,1.9809
2018-06-21,1.942
2018-06-22,1.9707
2018-06-25,1.9593
2018-06-26,1.9703
2018-06-27,1.9491
2018-06-28,1.9275
2018-06-29,1.9896
2018-07-02,1.9601
2018-07-03,1.9798
2018-07-04,1.9532
2018-07-05,1.9017
2018-07-06,1.9059
2018-07-09,1.9503
2018-07-10,1.9643
2018-07-11,1.9283
2018-07-12,1.9802
2018-07-13,1.9873
2018-07-16,1.9835
2018-07-17,1.982
2018-07-18,1.9682
2018-07-19,1.9517
2018-07-20,1.976
2018-07-23,1.9898
2018-07-24,2.0245
2018-07-25,2.0257
2018-07-26,2.012
2018-07-27,2.0037
2018-07-30,1.9765
2018-07-31,1.9747
2018-08-01,1.943
2018-08-02,1.8996
2018-08-03,1.8744
2018-08-06,1.8339
2018-08-07,1.8832
2018-08-08,1.854
2018-08-09,1.8996
2018-08-10,1.9079
2018-08-13,1.9159
2018-08-14,1.9094
2018-08-15,1.8687
2018-08-16,1.8496
2018-08-17,1.8177
2018-08-20,1.8254
2018-08-21,1.8472
2018-08-22,1.8245
2018-08-23,1.8313
2018-08-24,1.8231
2018-08-27,1.8626
2018-08-28,1.861
2018-08-29,1.8469
2018-08-30,1.816
2018-08-31,1.7936
2018-09-03,1.801
2018-09-04,1.8189
2018-09-05,1.7907
2018-09-06,1.7812
2018-09-07,1.7823
2018-09-10,1.7498
2018-09-11,1.7486
2018-09-12,1.7452
2018-09-13,1.7554
2018-09-14,1.7380000000000002
2018-09-17,1.7126
2018-09-18,1.7429
2018-09-19,1.7631
2018-09-20,1.763
2018-09-21,1.789
2018-09-25,1.7848
2018-09-26,1.7944
2018-09-27,1.7735
2018-09-28,1.7899
2018-10-08,1.7343
2018-10-09,1.7249
2018-10-10,1.7286
2018-10-11,1.612
2018-10-12,1.6037
2018-10-15,1.5752
2018-10-16,1.5387
2018-10-17,1.5491
2018-10-18,1.5071
2018-10-19,1.5458
2018-10-22,1.6202
2018-10-23,1.5892
2018-10-24,1.5851
2018-10-25,1.5789
2018-10-26,1.5732
2018-10-29,1.5387
2018-10-30,1.5454
2018-10-31,1.5698
2018-11-01,1.5801
2018-11-02,1.6309
2018-11-05,1.6308
2018-11-06,1.6296
2018-11-07,1.6211
2018-11-08,1.6092
2018-11-09,1.6046
2018-11-12,1.6453
2018-11-13,1.6742
2018-11-14,1.6674
2018-11-15,1.6945
2018-11-16,1.7084
2018-11-19,1.7128
2018-11-20,1.664
2018-11-21,1.6704
2018-11-22,1.6695
2018-11-23,1.6063
2018-11-26,1.6034
2018-11-27,1.6098
2018-11-28,1.6292
2018-11-29,1.5953
2018-11-30,1.6067
2018-12-03,1.6569
2018-12-04,1.6642
2018-12-05,1.652
2018-12-06,1.6184
2018-12-07,1.6186
2018-12-10,1.618
2018-12-11,1.6315
2018-12-12,1.6297
2018-12-13,1.6483
2018-12-14,1.6102
2018-12-17,1.6062
2018-12-18,1.5976
2018-12-19,1.5745
2018-12-20,1.579
2018-12-21,1.568
2018-12-24,1.585
2018-12-25,1.5682
2018-12-26,1.5619999999999998
2018-12-27,1.5457
2018-12-28,1.5466
2019-01-02,1.5322
2019-01-03,1.5244
2019-01-04,1.5595
2019-01-07,1.5877
2019-01-08,1.5837
2019-01-09,1.5884
2019-01-10,1.5863
2019-01-11,1.5978
2019-01-14,1.5875
2019-01-15,1.6102
2019-01-16,1.6068
2019-01-17,1.5946
2019-01-18,1.611
2019-01-21,1.6217
2019-01-22,1.5982
2019-01-23,1.6011
2019-01-24,1.6076
2019-01-25,1.6012
2019-01-28,1.5969
2019-01-29,1.5782
2019-01-30,1.5613
2019-01-31,1.5494
2019-02-01,1.5932
2019-02-11,1.6322
2019-02-12,1.6455
2019-02-13,1.6711
2019-02-14,1.6787
2019-02-15,1.6668
2019-02-18,1.7241
2019-02-19,1.725
2019-02-20,1.7245
2019-02-21,1.7238
2019-02-22,1.7663
2019-02-25,1.8636
2019-02-26,1.859
2019-02-27,1.8534
2019-02-28,1.8637
2019-03-01,1.8808
2019-03-04,1.913
2019-03-05,1.9598
2019-03-06,1.9929
2019-03-07,2.0164
2019-03-08,1.9374
2019-03-11,2.0148
2019-03-12,2.0512
2019-03-13,2.0065
2019-03-14,1.9627
2019-03-15,1.9857
2019-03-18,2.0387
2019-03-19,2.0452
2019-03-20,2.0429
2019-03-21,2.0682
2019-03-22,2.081
2019-03-25,2.0534
2019-03-26,1.9972
2019-03-27,2.0204
2019-03-28,1.9905
2019-03-29,2.0534
2019-04-01,2.131
2019-04-02,2.1354
2019-04-03,2.1618
2019-04-04,2.1753
2019-04-08,2.1664
2019-04-09,2.1659
2019-04-10,2.1623
2019-04-11,2.1171
2019-04-12,2.1109
2019-04-15,2.0934
2019-04-16,2.1379
2019-04-17,2.1487
2019-04-18,2.1358
2019-04-19,2.1475
2019-04-22,2.1134
2019-04-23,2.0867
2019-04-24,2.1028
2019-04-25,2.0215
2019-04-26,2.0003
2019-04-29,1.9439
2019-04-30,1.9536
2019-05-06,1.8089
2019-05-07,1.8325
2019-05-08,1.8223
2019-05-09,1.8001
2019-05-10,1.865
2019-05-13,1.846
2019-05-14,1.8312
2019-05-15,1.8728
2019-05-16,1.8849
2019-05-17,1.8248
2019-05-20,1.8154
2019-05-21,1.8466
2019-05-22,1.8357
2019-05-23,1.7957
2019-05-24,1.7866
2019-05-27,1.8303
2019-05-28,1.8281
2019-05-29,1.8295
2019-05-30,1.8186
2019-05-31,1.8155
2019-06-03,1.7956
2019-06-04,1.773
2019-06-05,1.7683
2019-06-06,1.7318
2019-06-10,1.7472
2019-06-11,1.812
2019-06-12,1.7991
2019-06-13,1.8046
2019-06-14,1.7745
2019-06-17,1.7648
2019-06-18,1.7631
2019-06-19,1.7864
2019-06-20,1.8209
2019-06-21,1.8451
2019-06-24,1.8456
2019-06-25,1.8287
2019-06-26,1.826
2019-06-27,1.8434
2019-06-28,1.8228
2019-07-01,1.8766
2019-07-02,1.8718
2019-07-03,1.8564
2019-07-04,1.8501
2019-07-05,1.8572
2019-07-08,1.791
2019-07-09,1.7956
2019-07-10,1.7827
2019-07-11,1.7836
2019-07-12,1.7906
2019-07-15,1.8114
2019-07-16,1.8136
2019-07-17,1.8119
2019-07-18,1.7796
2019-07-19,1.7929
2019-07-22,1.7565
2019-07-23,1.7739
2019-07-24,1.7908
2019-07-25,1.7959
2019-07-26,1.7987
2019-07-29,1.7987
2019-07-30,1.808
2019-07-31,1.8005
2019-08-01,1.7887
2019-08-02,1.7659
2019-08-05,1.7434
2019-08-06,1.705
2019-08-07,1.6964
2019-08-08,1.7068
2019-08-09,1.6856
2019-08-12,1.717
2019-08-13,1.707
2019-08-14,1.717
2019-08-15,1.7236
2019-08-16,1.7283
2019-08-19,1.7816
2019-08-20,1.7795
2019-08-21,1.7831
2019-08-22,1.7841
2019-08-23,1.7837
2019-08-26,1.7703
2019-08-27,1.7973
2019-08-28,1.7933
2019-08-29,1.8012
2019-08-30,1.7859
2019-09-02,1.8266
2019-09-03,1.8387
2019-09-04,1.8574
2019-09-05,1.8735
2019-09-06,1.8787
2019-09-09,1.9156
2019-09-10,1.9101
2019-09-11,1.9011
2019-09-12,1.9087
2019-09-16,1.9102
2019-09-17,1.8727
2019-09-18,1.8739
2019-09-19,1.8915
2019-09-20,1.897
2019-09-23,1.8848
2019-09-24,1.8884
2019-09-25,1.8556
2019-09-26,1.816
2019-09-27,1.828
2019-09-30,1.8051
2019-10-08,1.806
2019-10-09,1.8215
2019-10-10,1.845
2019-10-11,1.8488
2019-10-14,1.8774
2019-10-15,1.8535
2019-10-16,1.8461
2019-10-17,1.8429
2019-10-18,1.8174
2019-10-21,1.8112
2019-10-22,1.8298
2019-10-23,1.8131
2019-10-24,1.8097
2019-10-25,1.8174
2019-10-28,1.8442
2019-10-29,1.8126
2019-10-30,1.7834
2019-10-31,1.774
2019-11-01,1.7893
2019-11-04,1.8006
2019-11-05,1.8142
2019-11-06,1.7967
2019-11-07,1.8047
2019-11-08,1.7976
2019-11-11,1.7593
2019-11-12,1.7616
2019-11-13,1.7617
2019-11-14,1.7742
2019-11-15,1.7587
2019-11-18,1.7674
2019-11-19,1.7974
2019-11-20,1.7857
2019-11-21,1.7859
2019-11-22,1.7695
2019-11-25,1.7682
2019-11-26,1.7619999999999998
2019-11-27,1.7696
2019-11-28,1.764
2019-11-29,1.7659
2019-12-02,1.7699
2019-12-03,1.7782
2019-12-04,1.7758
2019-12-05,1.7919999999999998
2019-12-06,1.8069
2019-12-09,1.8116
2019-12-10,1.819
2019-12-11,1.8136
2019-12-12,1.8086
2019-12-13,1.8302
2019-12-16,1.812
2019-12-17,1.8371
2019-12-18,1.8364
2019-12-19,1.8395
2019-12-20,1.8193
2019-12-23,1.7849
2019-12-24,1.8099
2019-12-25,1.8163
2019-12-26,1.8281
2019-12-27,1.8153
2019-12-30,1.8368
2019-12-31,1.8458
2020-01-02,1.8777
2020-01-03,1.8809
2020-01-06,1.8962
2020-01-07,1.9181
2020-01-08,1.8913
2020-01-09,1.9168
2020-01-10,1.9123
2020-01-13,1.938
2020-01-14,1.9314
2020-01-15,1.9258
2020-01-16,1.9245
2020-01-17,1.9189
2020-01-20,1.9439
2020-01-21,1.9213
2020-01-22,1.9378
2020-01-23,1.8683
2020-02-03,1.7051
2020-02-04,1.7276
2020-02-05,1.7691
2020-02-06,1.8208
2020-02-07,1.8347
2020-02-10,1.8551
2020-02-11,1.8474
2020-02-12,1.8805
2020-02-13,1.8647
2020-02-14,1.8664
2020-02-17,1.9243
2020-02-18,1.9453
2020-02-19,1.9291
2020-02-20,1.9639
2020-02-21,1.9887
2020-02-24,2.0133
2020-02-25,2.0214
2020-02-26,1.9715
2020-02-27,1.9744
2020-02-28,1.8725
2020-03-02,1.952
2020-03-03,1.9693
2020-03-04,1.9718
2020-03-05,2.0016
2020-03-06,1.9872
2020-03-09,1.9084
2020-03-10,1.9574
2020-03-11,1.9313
2020-03-12,1.8982
2020-03-13,1.8827
2020-03-16,1.7973
2020-03-17,1.7999
2020-03-18,1.7689
2020-03-19,1.779
2020-03-20,1.8013
2020-03-23,1.7293
2020-03-24,1.7619
2020-03-25,1.8022
2020-03-26,1.7837
2020-03-27,1.7758
2020-03-30,1.7387
2020-03-31,1.7456
2020-04-01,1.7331
2020-04-02,1.7746
2020-04-03,1.7617
2020-04-07,1.8137
2020-04-08,1.8151
2020-04-09,1.8309
2020-04-10,1.7958
2020-04-13,1.7823
2020-04-14,1.8205
2020-04-15,1.8144
2020-04-16,1.8281
2020-04-17,1.8294
2020-04-20,1.8493
2020-04-21,1.8335
2020-04-22,1.8482
2020-04-23,1.8398
2020-04-24,1.8107
2020-04-27,1.8081
2020-04-28,1.7934
2020-04-29,1.7884
2020-04-30,1.8338
2020-05-06,1.8641
2020-05-07,1.8626
2020-05-08,1.8832
2020-05-11,1.8805
2020-05-12,1.8851
2020-05-13,1.8943
2020-05-14,1.8769
2020-05-15,1.8853
2020-05-18,1.8798
2020-05-19,1.9019
2020-05-20,1.8831
2020-05-21,1.8603
2020-05-22,1.828
2020-05-25,1.8251
2020-05-26,1.8604
2020-05-27,1.8459
2020-05-28,1.8423
2020-05-29,1.858
2020-06-01,1.9093
2020-06-02,1.9075
2020-06-03,1.9099
2020-06-04,1.9131
2020-06-05,1.9169
2020-06-08,1.9144
2020-06-09,1.9273
2020-06-10,1.9301
2020-06-11,1.9186
2020-06-12,1.9198
2020-06-15,1.8614
2020-06-16,1.8973
2020-06-17,1.9099
2020-06-18,1.9099
2020-06-19,1.9307
2020-06-22,1.9276
2020-06-23,1.936
2020-06-24,1.9328
2020-06-29,1.9252
2020-06-30,1.9589
2020-07-01,1.9646
2020-07-02,1.995
2020-07-03,2.0226
2020-07-06,2.1046
2020-07-07,2.1315
2020-07-08,2.1816
2020-07-09,2.2344
2020-07-10,2.2312
2020-07-13,2.3021
2020-07-14,2.2752
2020-07-15,2.2239
2020-07-16,2.1164
2020-07-17,2.1265
2020-07-20,2.1883
2020-07-21,2.2031
2020-07-22,2.2221
2020-07-23,2.2233
2020-07-24,2.1123
2020-07-27,2.1166
2020-07-28,2.1389
2020-07-29,2.195
2020-07-30,2.1904
2020-07-31,2.2113
2020-08-03,2.2625
2020-08-04,2.2519
2020-08-05,2.2749
2020-08-06,2.2736
2020-08-07,2.2501
2020-08-10,2.2634
2020-08-11,2.2191
2020-08-12,2.193
2020-08-13,2.2
2020-08-14,2.2244
2020-08-17,2.2736
2020-08-18,2.2856
2020-08-19,2.2442
2020-08-20,2.2158
2020-08-21,2.231
2020-08-24,2.2475
2020-08-25,2.2323
2020-08-26,2.1894
2020-08-27,2.2022
2020-08-28,2.2425
2020-08-31,2.2479
2020-09-01,2.2625
2020-09-02,2.2685
2020-09-03,2.2508
2020-09-04,2.233
2020-09-07,2.1836
2020-09-08,2.1962
2020-09-09,2.1391
2020-09-10,2.103
2020-09-11,2.1297
2020-09-14,2.1405
2020-09-15,2.1538
2020-09-16,2.1436
2020-09-17,2.1474
2020-09-18,2.1806
2020-09-21,2.1732
2020-09-22,2.1431
2020-09-23,2.1542
2020-09-24,2.1062
2020-09-25,2.1044
2020-09-28,2.0878
2020-09-29,2.105
2020-09-30,2.0903
2020-10-09,2.1437
2020-10-12,2.2046
2020-10-13,2.2101
2020-10-14,2.1968
2020-10-15,2.1796
2020-10-16,2.1635
2020-10-19,2.1359
2020-10-20,2.1558
2020-10-21,2.1334
2020-10-22,2.1205
2020-10-23,2.0883
2020-10-26,2.084
2020-10-27,2.0863
2020-10-28,2.0885
2020-10-29,2.0861
2020-10-30,2.031
2020-11-02,2.0299
2020-11-03,2.0589
2020-11-04,2.0563
2020-11-05,2.0961
2020-11-06,2.0798
2020-11-09,2.117
2020-11-10,2.1013
2020-11-11,2.0779
2020-11-12,2.0847
2020-11-13,2.081
2020-11-16,2.1078
2020-11-17,2.0919
2020-11-18,2.0925
2020-11-19,2.0981
2020-11-20,2.1172
2020-11-23,2.1331
2020-11-24,2.1325
2020-11-25,2.091
2020-11-26,2.0868
2020-11-27,2.0913
2020-11-30,2.0804
2020-12-01,2.114
2020-12-02,2.1173
2020-12-03,2.1198
2020-12-04,2.1259
2020-12-07,2.1126
2020-12-08,2.1093
2020-12-09,2.0719
2020-12-10,2.076
2020-12-11,2.0415
2020-12-14,2.0212
2020-12-15,2.0222
2020-12-16,2.0129
2020-12-17,2.0357
2020-12-18,2.03
2020-12-21,2.0629
2020-12-22,2.0148
2020-12-23,2.0317
2020-12-24,2.0007
2020-12-25,2.0238
2020-12-28,2.0125
2020-12-29,1.9984
2020-12-30,2.0186
2020-12-31,2.0491
2021-01-04,2.0833
2021-01-05,2.1025
2021-01-06,2.1002
2021-01-07,2.103
2021-01-08,2.1076
2021-01-11,2.0743
2021-01-12,2.1009
2021-01-13,2.087
2021-01-14,2.0701
2021-01-15,2.0643
2021-01-18,2.0956
2021-01-19,2.0863
2021-01-20,2.1044
2021-01-21,2.1302
2021-01-22,2.1317
2021-01-25,2.1322
2021-01-26,2.0992
2021-01-27,2.1051
2021-01-28,2.0595
2021-01-29,2.0371
2021-02-01,2.0521
2021-02-02,2.0716
2021-02-03,2.0552
2021-02-04,2.0321
2021-02-05,2.0026
2021-02-08,2.0299
2021-02-09,2.0682
2021-02-10,2.0868
2021-02-18,2.1113
2021-02-19,2.136
2021-02-22,2.1232
2021-02-23,2.116
2021-02-24,2.0876
2021-02-25,2.0793
2021-02-26,2.0334
2021-03-01,2.0678
2021-03-02,2.0541
2021-03-03,2.0839
2021-03-04,2.0474
2021-03-05,2.0443
2021-03-08,2.0004
2021-03-09,1.9552
2021-03-10,1.9415
2021-03-11,1.9891
2021-03-12,1.9956
2021-03-15,1.9955
2021-03-16,2.0037
2021-03-17,2.0122
2021-03-18,2.0289
2021-03-19,2.008
2021-03-22,2.0408
2021-03-23,2.0126
2021-03-24,1.9886
2021-03-25,1.9912
2021-03-26,2.0217
2021-03-29,2.03
2021-03-30,2.035
2021-03-31,2.0242
2021-04-01,2.0417
2021-04-02,2.0444
2021-04-06,2.0507
2021-04-07,2.0545
2021-04-08,2.0561
2021-04-09,2.049
2021-04-12,2.0163
2021-04-13,2.0064
2021-04-14,2.0284
2021-04-15,2.0211
2021-04-16,2.0391
2021-04-19,2.0625
2021-04-20,2.0651
2021-04-21,2.062
2021-04-22,2.0685
2021-04-23,2.0729
2021-04-26,2.0653
2021-04-27,2.0625
2021-04-28,2.0701
2021-04-29,2.0694
2021-04-30,2.0541
2021-05-06,2.0605
2021-05-07,2.0494
2021-05-10,2.0611
2021-05-11,2.0558
2021-05-12,2.0729
2021-05-13,2.0495
2021-05-14,2.076
2021-05-17,2.093
2021-05-18,2.1021
2021-05-19,2.0963
2021-05-20,2.0833
2021-05-21,2.0805
2021-05-24,2.0859
2021-05-25,2.1087
2021-05-26,2.1128
2021-05-27,2.1318
2021-05-28,2.1215
2021-05-31,2.1413
2021-06-01,2.1469
2021-06-02,2.1296
2021-06-03,2.1269
2021-06-04,2.1319
2021-06-07,2.1412
2021-06-08,2.1288
2021-06-09,2.1333
2021-06-10,2.1567
2021-06-11,2.1487
2021-06-15,1.9573
2021-06-16,1.9302
2021-06-17,1.9472
2021-06-18,1.9552
2021-06-21,1.9716
2021-06-22,1.9836
2021-06-23,1.9989
2021-06-24,1.9875
2021-06-25,2.0024
2021-06-28,2.0077
2021-06-29,1.9903
2021-06-30,2.0013
2021-07-01,1.9787
2021-07-02,1.9692
2021-07-05,1.9813
2021-07-06,1.9799
2021-07-07,1.9951
2021-07-08,1.986
2021-07-09,1.9972
2021-07-12,2.0239
2021-07-13,2.0432
2021-07-14,2.0259
2021-07-15,2.0345
2021-07-16,2.033
2021-07-19,2.024
2021-07-20,2.0257
2021-07-21,2.0484
2021-07-22,2.0628
2021-07-23,2.0437
2021-07-26,2.0186
2021-07-27,1.9774
2021-07-28,1.95
2021-07-29,1.9919
2021-07-30,1.9966
2021-08-02,2.014
2021-08-03,2.0023
2021-08-04,2.0333
2021-08-05,2.0252
2021-08-06,2.0299
2021-08-09,2.0463
2021-08-10,2.0571
2021-08-11,2.0746
2021-08-12,2.0804
2021-08-13,2.0818
2021-08-16,2.0763
2021-08-17,2.0295
2021-08-18,2.0412
2021-08-19,2.0381
2021-08-20,2.0275
2021-08-23,2.059
2021-08-24,2.0752
2021-08-25,2.0923
2021-08-26,2.086
2021-08-27,2.0979
2021-08-30,2.1008
2021-08-31,2.1056
2021-09-01,2.0912
2021-09-02,2.1252
2021-09-03,2.119
2021-09-06,2.1406
2021-09-07,2.1829
2021-09-08,2.1958
2021-09-09,2.2218
2021-09-10,2.2173
2021-09-13,2.229
2021-09-14,2.2021
2021-09-15,2.2125
2021-09-16,2.1742
2021-09-17,2.1590000000000003
2021-09-22,2.1806
2021-09-23,2.1901
2021-09-24,2.1547
2021-09-27,2.0959
2021-09-28,2.1026
2021-09-29,2.0418
2021-09-30,2.0684
2021-10-08,2.0527
2021-10-11,2.0478
2021-10-12,2.0089
2021-10-13,2.0111
2021-10-14,2.0173
2021-10-15,2.0217
2021-10-18,2.0359
2021-10-19,2.0515
2021-10-20,2.0481
2021-10-21,2.0428
2021-10-22,2.0182
2021-10-25,2.0356
2021-10-26,2.0272
2021-10-27,2.0127
2021-10-28,1.976
2021-10-29,1.9568
2021-11-01,1.9484
2021-11-02,1.913
2021-11-03,1.924
2021-11-04,1.9365
2021-11-05,1.911
2021-11-08,1.9188
2021-11-09,1.9323
2021-11-10,1.9267
2021-11-11,1.9441
2021-11-12,1.9534
2021-11-15,1.9376
2021-11-16,1.9235
2021-11-17,1.9386
2021-11-18,1.9341
2021-11-19,1.957
2021-11-22,1.9793
2021-11-23,1.9826
2021-11-24,1.9833
2021-11-25,1.9769
2021-11-26,1.9719
2021-11-29,1.9718
2021-11-30,1.9774
2021-12-01,1.9828
2021-12-02,1.9746
2021-12-03,1.9972
2021-12-06,1.9802
2021-12-07,1.9739
2021-12-08,1.9972
2021-12-09,2.003
2021-12-10,1.9994
2021-12-13,1.9858
2021-12-14,1.9769
2021-12-15,1.9771
2021-12-16,1.995
2021-12-17,1.9805
2021-12-20,1.9479
2021-12-21,1.9693
2021-12-22,1.9734
2021-12-23,1.9851
2021-12-24,1.97
2021-12-27,1.9692
2021-12-28,1.9659
2021-12-29,1.955
2021-12-30,1.9704
2021-12-31,1.9797
2022-01-04,1.9778
2022-01-05,1.9518
2022-01-06,1.9554
2022-01-07,1.9429
2022-01-10,1.9464
2022-01-11,1.9329
2022-01-12,1.9467
2022-01-13,1.9207
2022-01-14,1.912
2022-01-17,1.929
2022-01-18,1.9341
2022-01-19,1.9245
2022-01-20,1.9114
2022-01-21,1.89
2022-01-24,1.89
2022-01-25,1.8273
2022-01-26,1.8388
2022-01-27,1.7932
2022-01-28,1.7843
2022-02-07,1.8154
2022-02-08,1.8345
2022-02-09,1.8599
2022-02-10,1.8613
2022-02-11,1.8376
2022-02-14,1.8157
2022-02-15,1.83
2022-02-16,1.8344
2022-02-17,1.8324
2022-02-18,1.8512
2022-02-21,1.8582
2022-02-22,1.8374
2022-02-23,1.8622
2022-02-24,1.8311
2022-02-25,1.8443
2022-02-28,1.8551
2022-03-01,1.86
2022-03-02,1.8623
2022-03-03,1.8621
2022-03-04,1.845
2022-03-07,1.806
2022-03-08,1.7427
2022-03-09,1.7096
2022-03-10,1.7372
2022-03-11,1.7506
2022-03-14,1.7092
2022-03-15,1.6118
2022-03-16,1.6632
2022-03-17,1.6914
2022-03-18,1.7107
2022-03-21,1.7164
2022-03-22,1.7408
2022-03-23,1.7506
2022-03-24,1.7376
2022-03-25,1.7171
2022-03-28,1.7248
2022-03-29,1.716
2022-03-30,1.7507
2022-03-31,1.7388
2022-04-01,1.7508
2022-04-06,1.7503
2022-04-07,1.7146
2022-04-08,1.7173
2022-04-11,1.6656
2022-04-12,1.6914
2022-04-13,1.6718
2022-04-14,1.6946
2022-04-15,1.6765
2022-04-18,1.6727
2022-04-19,1.6788
2022-04-20,1.6409
2022-04-21,1.588
2022-04-22,1.5831
2022-04-25,1.4819
2022-04-26,1.4422
2022-04-27,1.4911
2022-04-28,1.4838
2022-04-29,1.5286
2022-05-05,1.5497
2022-05-06,1.5155
2022-05-09,1.527
2022-05-10,1.5495
2022-05-11,1.5633
2022-05-12,1.5641
2022-05-13,1.5803
2022-05-16,1.5795
2022-05-17,1.5853
2022-05-18,1.5799
2022-05-19,1.592
2022-05-20,1.6183
2022-05-23,1.628
2022-05-24,1.5719
2022-05-25,1.5999
2022-05-26,1.6193
2022-05-27,1.618
2022-05-30,1.6305
2022-05-31,1.6533
2022-06-01,1.654
2022-06-02,1.6684
2022-06-06,1.6961
2022-06-07,1.6985
2022-06-08,1.7091
2022-06-09,1.6875
2022-06-10,1.7175
2022-06-13,1.7357
2022-06-14,1.7499
2022-06-15,1.7484
2022-06-16,1.7472
2022-06-17,1.7601
2022-06-20,1.7646
2022-06-21,1.7519
2022-06-22,1.7261
2022-06-23,1.7589
2022-06-24,1.7776
2022-06-27,1.7889
2022-06-28,1.8132
2022-06-29,1.7834
2022-06-30,1.8044
2022-07-01,1.8001
2022-07-04,1.8243
2022-07-05,1.8222
2022-07-06,1.7975
2022-07-07,1.8064
2022-07-08,1.7948
2022-07-11,1.7757
2022-07-12,1.7562
2022-07-13,1.7639
2022-07-14,1.7707
2022-07-15,1.7426
2022-07-18,1.7751
2022-07-19,1.7809
2022-07-20,1.8023
2022-07-21,1.7859
2022-07-22,1.7706
2022-07-25,1.7549
2022-07-26,1.7755
2022-07-27,1.781
2022-07-28,1.7872
2022-07-29,1.77
2022-08-01,1.7837
2022-08-02,1.7345
2022-08-03,1.7202
2022-08-04,1.7297
2022-08-05,1.7594
2022-08-08,1.7735
2022-08-09,1.7769
2022-08-10,1.7708
2022-08-11,1.8029
2022-08-12,1.7991
2022-08-15,1.8038
2022-08-16,1.8108
2022-08-17,1.818
2022-08-18,1.8099
2022-08-19,1.7921
2022-08-22,1.8106
2022-08-23,1.8071
2022-08-24,1.7567
2022-08-25,1.767
2022-08-26,1.7557
2022-08-29,1.7521
2022-08-30,1.7356
2022-08-31,1.694
2022-09-01,1.6859
2022-09-02,1.6923
2022-09-05,1.704
2022-09-06,1.7332
2022-09-07,1.7352
2022-09-08,1.7289
2022-09-09,1.7413
2022-09-13,1.7358
2022-09-14,1.7232
2022-09-15,1.6872
2022-09-16,1.6438
2022-09-19,1.6344
2022-09-20,1.6456
2022-09-21,1.6526
2022-09-22,1.6487
2022-09-23,1.6273
2022-09-26,1.6048
2022-09-27,1.6362
2022-09-28,1.5988
2022-09-29,1.5972
2022-09-30,1.5839
2022-10-10,1.5643
2022-10-11,1.5766
2022-10-12,1.6104
2022-10-13,1.6138
2022-10-14,1.6519
2022-10-17,1.6624
2022-10-18,1.6683
2022-10-19,1.6518
2022-10-20,1.6437
2022-10-21,1.6464
2022-10-24,1.6266
2022-10-25,1.6179
2022-10-26,1.6416
2022-10-27,1.6366
2022-10-28,1.5797
2022-10-31,1.5732
2022-11-01,1.6081
2022-11-02,1.6247
2022-11-03,1.6239
2022-11-04,1.6617
2022-11-07,1.6637
2022-11-08,1.6598
2022-11-09,1.6569
2022-11-10,1.6488
2022-11-11,1.6614
2022-11-14,1.6606
2022-11-15,1.6876
2022-11-16,1.6798
2022-11-17,1.6843
2022-11-18,1.6784
2022-11-21,1.6765
2022-11-22,1.661
2022-11-23,1.6592
2022-11-24,1.6606
2022-11-25,1.6547
2022-11-28,1.6477
2022-11-29,1.6765
2022-11-30,1.6738
2022-12-01,1.6804
2022-12-02,1.6744
2022-12-05,1.6901
2022-12-06,1.6875
2022-12-07,1.6861
2022-12-08,1.6828
2022-12-09,1.6836
2022-12-12,1.7682
2022-12-13,1.7599
2022-12-14,1.7525
2022-12-15,1.7519
2022-12-16,1.7468
2022-12-19,1.7066
2022-12-20,1.6904
2022-12-21,1.6807
2022-12-22,1.6614
2022-12-23,1.6562
2022-12-26,1.6772
2022-12-27,1.6891
2022-12-28,1.6836
2022-12-29,1.6812
2022-12-30,1.6837
2023-01-03,1.71
2023-01-04,1.7094
2023-01-05,1.7249
2023-01-06,1.7243
2023-01-09,1.7313
2023-01-10,1.732
2023-01-11,1.7229
2023-01-12,1.7226
2023-01-13,1.7353
2023-01-16,1.7534
2023-01-17,1.755
2023-01-18,1.7594
2023-01-19,1.7741
2023-01-20,1.7864
2023-01-30,1.7928
2023-01-31,1.7946
2023-02-01,1.8154
2023-02-02,1.8176
2023-02-03,1.8095
2023-02-06,1.7977
2023-02-07,1.8023
2023-02-08,1.7893
2023-02-09,1.8125
2023-02-10,1.8073
2023-02-13,1.8215
2023-02-14,1.8266
2023-02-15,1.8224
2023-02-16,1.7953
2023-02-17,1.7829
2023-02-20,1.8134
2023-02-21,1.8243
2023-02-22,1.8217
2023-02-23,1.8184
2023-02-24,1.8123
2023-02-27,1.8027
2023-02-28,1.8154
2023-03-01,1.8271
2023-03-02,1.8217
2023-03-03,1.8256
2023-03-06,1.8274
2023-03-07,1.7977
2023-03-08,1.7998
2023-03-09,1.7955
2023-03-10,1.7719
2023-03-13,1.7824
2023-03-14,1.7659
2023-03-15,1.7778
2023-03-16,1.7536
2023-03-17,1.765
2023-03-20,1.7563
2023-03-21,1.776
2023-03-22,1.783
2023-03-23,1.7929
2023-03-24,1.7915
2023-03-27,1.7898
2023-03-28,1.781
2023-03-29,1.7746
2023-03-30,1.7839
2023-03-31,1.7956
2023-04-03,1.8145
2023-04-04,1.8121
2023-04-06,1.8135
2023-04-07,1.8274
2023-04-10,1.8149
2023-04-11,1.8163
2023-04-12,1.8213
2023-04-13,1.8129
2023-04-14,1.8203
2023-04-17,1.8278
2023-04-18,1.8237
2023-04-19,1.8073
2023-04-20,1.8061
2023-04-21,1.7617
2023-04-24,1.7474
2023-04-25,1.7231
2023-04-26,1.7271
2023-04-27,1.7294
2023-04-28,1.7405
2023-05-04,1.7482
2023-05-05,1.734
2023-05-08,1.7487
2023-05-09,1.7304
2023-05-10,1.7267
2023-05-11,1.7222
2023-05-12,1.7066
2023-05-15,1.7235
2023-05-16,1.7111
2023-05-17,1.7137
2023-05-18,1.7153
2023-05-19,1.7137
2023-05-22,1.7157
2023-05-23,1.6978
2023-05-24,1.6848
2023-05-25,1.6813
2023-05-26,1.6935
2023-05-29,1.6946
2023-05-30,1.7038
2023-05-31,1.7006
2023-06-01,1.7002
2023-06-02,1.7146
2023-06-05,1.7125
2023-06-06,1.6822
2023-06-07,1.6843
2023-06-08,1.6835
2023-06-09,1.696
2023-06-12,1.8124
2023-06-13,1.8171
2023-06-14,1.8181
2023-06-15,1.8342
2023-06-16,1.8482
2023-06-19,1.8426
2023-06-20,1.8406
2023-06-21,1.8041
2023-06-26,1.7774
2023-06-27,1.7964
2023-06-28,1.7983
2023-06-29,1.7983
2023-06-30,1.8159
2023-07-03,1.8306
2023-07-04,1.8346
2023-07-05,1.8236
2023-07-06,1.8152
2023-07-07,1.8107
2023-07-10,1.8185
2023-07-11,1.8307
2023-07-12,1.8104
2023-07-13,1.8339
2023-07-14,1.8299
2023-07-17,1.8243
2023-07-18,1.822
2023-07-19,1.8208
2023-07-20,1.8029
2023-07-21,1.8042
2023-07-24,1.8026
2023-07-25,1.8312
2023-07-26,1.8283
2023-07-27,1.8103
2023-07-28,1.8356
2023-07-31,1.8488
2023-08-01,1.8582
2023-08-02,1.8519
2023-08-03,1.8591
2023-08-04,1.8668
2023-08-07,1.8544
2023-08-08,1.8468
2023-08-09,1.8346
2023-08-10,1.8397
2023-08-11,1.8041
2023-08-14,1.806
2023-08-15,1.796
2023-08-16,1.7818
2023-08-17,1.7927
2023-08-18,1.7649
2023-08-21,1.7418
2023-08-22,1.7482
2023-08-23,1.7212
2023-08-24,1.7231
2023-08-25,1.6994
2023-08-28,1.7119
2023-08-29,1.7431
2023-08-30,1.7376
2023-08-31,1.7212
2023-09-01,1.7242
2023-09-04,1.7465
2023-09-05,1.7349
2023-09-06,1.7351
2023-09-07,1.7106
2023-09-08,1.7125
2023-09-11,1.7312
2023-09-12,1.7294
2023-09-13,1.7145
2023-09-14,1.7109
2023-09-15,1.7128
2023-09-18,1.7158
2023-09-19,1.7076
2023-09-20,1.6969
2023-09-21,1.6847
2023-09-22,1.7087
2023-09-25,1.6993
2023-09-26,1.6934
2023-09-27,1.7012
2023-09-28,1.706
2023-10-09,1.6962
2023-10-10,1.6849
2023-10-11,1.6837
2023-10-12,1.6959
2023-10-13,1.6837
2023-10-16,1.6698
2023-10-17,1.6744
2023-10-18,1.6528
2023-10-19,1.6354
2023-10-20,1.6238
2023-10-23,1.5829
2023-10-24,1.6011
2023-10-25,1.6058
2023-10-26,1.6091
2023-10-27,1.6357
2023-10-30,1.6395
2023-10-31,1.6264
2023-11-01,1.6215
2023-11-02,1.6065
2023-11-03,1.6198
2023-11-06,1.6461
2023-11-07,1.6465
2023-11-08,1.6455
2023-11-09,1.6406
2023-11-10,1.635
2023-11-13,1.6439
2023-11-14,1.6516
2023-11-15,1.6609
2023-11-16,1.6455
2023-11-17,1.6511
2023-11-20,1.6592
2023-11-21,1.654
2023-11-22,1.6355
2023-11-23,1.6505
2023-11-24,1.6363
2023-11-27,1.6354
2023-11-28,1.6429
2023-11-29,1.6323
2023-11-30,1.6322
2023-12-01,1.6371
2023-12-04,1.6347
2023-12-05,1.6071
2023-12-06,1.6127
2023-12-07,1.6122
2023-12-08,1.6172
2023-12-11,1.714
2023-12-12,1.7157
2023-12-13,1.6985
2023-12-14,1.6944
2023-12-15,1.682
2023-12-18,1.6629
2023-12-19,1.6605
2023-12-20,1.6408
2023-12-21,1.649
2023-12-22,1.6414
2023-12-25,1.6414
2023-12-26,1.6244
2023-12-27,1.6334
2023-12-28,1.6605
2023-12-29,1.673
2024-01-02,1.6695
2024-01-03,1.6684
2024-01-04,1.6557
2024-01-05,1.635
2024-01-08,1.6002
2024-01-09,1.604
2024-01-10,1.5975
2024-01-11,1.6152
2024-01-12,1.6115
2024-01-15,1.6081
2024-01-16,1.6073
2024-01-17,1.568
2024-01-18,1.5666
2024-01-19,1.5525
2024-01-22,1.4785
2024-01-23,1.5038
2024-01-24,1.5273
2024-01-25,1.5730000000000002
2024-01-26,1.5609
2024-01-29,1.5331
2024-01-30,1.4973
2024-01-31,1.4634
2024-02-01,1.4553
2024-02-02,1.4192
2024-02-05,1.3883
2024-02-06,1.4921
2024-02-07,1.5849
2024-02-08,1.5966
2024-02-19,1.5907
2024-02-20,1.5923
2024-02-21,1.5921
2024-02-22,1.6029
2024-02-23,1.6087
2024-02-26,1.6061
2024-02-27,1.6383
2024-02-28,1.6032
2024-02-29,1.6519
2024-03-01,1.659
2024-03-04,1.6609
2024-03-05,1.6504
2024-03-06,1.6503
2024-03-07,1.6284
2024-03-08,1.6491
2024-03-11,1.6749
2024-03-12,1.6683
2024-03-13,1.6648
2024-03-14,1.6585
2024-03-15,1.6759
2024-03-18,1.6967
2024-03-19,1.6806
2024-03-20,1.6851
2024-03-21,1.6756
2024-03-22,1.6498
2024-03-25,1.6257
2024-03-26,1.6228
2024-03-27,1.5862
2024-03-28,1.6056
2024-03-29,1.6243
2024-04-01,1.6559
2024-04-02,1.6515
2024-04-03,1.6503
2024-04-08,1.6281
2024-04-09,1.6406
2024-04-10,1.6221
2024-04-11,1.6315
2024-04-12,1.6229
2024-04-15,1.6432
2024-04-16,1.6012
2024-04-17,1.6442
2024-04-18,1.6467
2024-04-19,1.6375
2024-04-22,1.6223
2024-04-23,1.6014
2024-04-24,1.6151
2024-04-25,1.6127
2024-04-26,1.6389
2024-04-29,1.6572
2024-04-30,1.6411
2024-05-06,1.6677
2024-05-07,1.6673
2024-05-08,1.6482
2024-05-09,1.6772
2024-05-10,1.6729
2024-05-13,1.6658
2024-05-14,1.6641
2024-05-15,1.6486
2024-05-16,1.6425
2024-05-17,1.6625
2024-05-20,1.6715
2024-05-21,1.6591
2024-05-22,1.6572
2024-05-23,1.6265
2024-05-24,1.6148
2024-05-27,1.6312
2024-05-28,1.6165
2024-05-29,1.621
2024-05-30,1.6163
2024-05-31,1.6174
2024-06-03,1.6061
2024-06-04,1.6271
2024-06-05,1.6088
2024-06-06,1.5966
2024-06-07,1.5958
2024-06-11,1.5963
2024-06-12,1.6025
2024-06-13,1.5930000000000002
2024-06-14,1.5969
2024-06-17,1.629
2024-06-18,1.6364
2024-06-19,1.6186
2024-06-20,1.5979
2024-06-21,1.6013
2024-06-24,1.5687
2024-06-25,1.5573
2024-06-26,1.5788
2024-06-27,1.5509
2024-06-28,1.5567
2024-07-01,1.5774
2024-07-02,1.5611
2024-07-03,1.5487
2024-07-04,1.5251
2024-07-05,1.5356
2024-07-08,1.5104
2024-07-09,1.5375
2024-07-10,1.525
2024-07-11,1.5545
2024-07-12,1.5497
2024-07-15,1.5389
2024-07-16,1.5409
2024-07-17,1.528
2024-07-18,1.5366
2024-07-19,1.535
2024-07-22,1.5324
2024-07-23,1.4897
2024-07-24,1.4746
2024-07-25,1.4753
2024-07-26,1.4963
2024-07-29,1.4881
2024-07-30,1.4849
2024-07-31,1.5416
2024-08-01,1.5304
2024-08-02,1.5119999999999998
2024-08-05,1.4844
2024-08-06,1.5005
2024-08-07,1.5004
2024-08-08,1.5028
2024-08-09,1.4916
2024-08-12,1.49
2024-08-13,1.4948
2024-08-14,1.4755
2024-08-15,1.4859
2024-08-16,1.4758
2024-08-19,1.4801
2024-08-20,1.4532
2024-08-21,1.4467
2024-08-22,1.4302
2024-08-23,1.4301
2024-08-26,1.4288
2024-08-27,1.412
2024-08-28,1.413
2024-08-29,1.425
2024-08-30,1.4445
2024-09-02,1.4143
2024-09-03,1.4277
2024-09-04,1.4238
2024-09-05,1.4293
2024-09-06,1.41
2024-09-09,1.3991
2024-09-10,1.3987
2024-09-11,1.3982
2024-09-12,1.394
2024-09-13,1.3806
2024-09-18,1.3866
2024-09-19,1.403
2024-09-20,1.3957
2024-09-23,1.3948
2024-09-24,1.4547
2024-09-25,1.4678
2024-09-26,1.5311
2024-09-27,1.6092
2024-09-30,1.773
2024-10-08,1.8897
2024-10-09,1.7604
2024-10-10,1.7517
2024-10-11,1.6863
2024-10-14,1.7269
2024-10-15,1.6840000000000002
2024-10-16,1.6821
2024-10-17,1.6661
2024-10-18,1.7296
2024-10-21,1.7469
2024-10-22,1.7616
2024-10-23,1.7704
2024-10-24,1.7544
2024-10-25,1.7767
2024-10-28,1.7931
2024-10-29,1.7639
2024-10-30,1.7605
2024-10-31,1.7709
2024-11-01,1.7542
2024-11-04,1.7825
2024-11-05,1.8338
2024-11-06,1.8362
2024-11-07,1.8723
2024-11-08,1.8669
2024-11-11,1.8935
2024-11-12,1.874
2024-11-13,1.8726
2024-11-14,1.821
2024-11-15,1.7781
2024-11-18,1.7562
2024-11-19,1.7849
2024-11-20,1.8006
2024-11-21,1.7972
2024-11-22,1.7279
2024-11-25,1.7244
2024-11-26,1.7126
2024-11-27,1.7463
2024-11-28,1.7339
2024-11-29,1.7607
2024-12-02,1.7875
2024-12-03,1.7853
2024-12-04,1.7699
2024-12-05,1.7748
2024-12-06,1.7993
2024-12-09,1.7901
2024-12-10,1.8026
2024-12-11,1.8197
2024-12-12,1.8352
2024-12-13,1.8012
2024-12-16,1.8647
2024-12-17,1.8457
2024-12-18,1.858
2024-12-19,1.8598
2024-12-20,1.8638
2024-12-23,1.8355
2024-12-24,1.8609
2024-12-25,1.8446
2024-12-26,1.8561
2024-12-27,1.8613
2024-12-30,1.8603
2024-12-31,1.8096
2025-01-02,1.7551
2025-01-03,1.7206
2025-01-06,1.721
2025-01-07,1.7328
2025-01-08,1.7257
2025-01-09,1.7214
2025-01-10,1.6944
2025-01-13,1.6981
2025-01-14,1.7544
2025-01-15,1.7384
2025-01-16,1.7455
2025-01-17,1.7583
2025-01-20,1.7658
2025-01-21,1.7705
2025-01-22,1.7773
2025-01-23,1.7716
2025-01-24,1.7901
2025-01-27,1.7738
2025-02-05,1.7766
2025-02-06,1.8157
2025-02-07,1.8406
2025-02-10,1.857
2025-02-11,1.8478
2025-02-12,1.8722
2025-02-13,1.8604
2025-02-14,1.8536
2025-02-17,1.8742
2025-02-18,1.8402
2025-02-19,1.8699
2025-02-20,1.8722
2025-02-21,1.9026
2025-02-24,1.8995
2025-02-25,1.8797
2025-02-26,1.9029
2025-02-27,1.8973
2025-02-28,1.8474
2025-03-03,1.8545
2025-03-04,1.8707
2025-03-05,1.8721
2025-03-06,1.8993
2025-03-07,1.8894
2025-03-10,1.8906
2025-03-11,1.9006
2025-03-12,1.8978
2025-03-13,1.8856
2025-03-14,1.9165
2025-03-17,1.918
2025-03-18,1.9246
2025-03-19,1.9156
2025-03-20,1.9034
2025-03-21,1.8803
2025-03-24,1.8794
2025-03-25,1.8748
2025-03-26,1.8742
2025-03-27,1.876
2025-03-28,1.8626
2025-03-31,1.8458
2025-04-01,1.8594
2025-04-02,1.8609
2025-04-03,1.8458
2025-04-07,1.6711
2025-04-08,1.6893
2025-04-09,1.7254
2025-04-10,1.7556
2025-04-11,1.7644
2025-04-14,1.778
2025-04-15,1.769
2025-04-16,1.7548
2025-04-17,1.7548
2025-04-18,1.7534
2025-04-21,1.7773
2025-04-22,1.7713
2025-04-23,1.7729
2025-04-24,1.7631
2025-04-25,1.7631
2025-04-28,1.7443
2025-04-29,1.7372
2025-04-30,1.7402
2025-05-06,1.7704
2025-05-07,1.7771
2025-05-08,1.788
2025-05-09,1.7737
2025-05-12,1.7996
2025-05-13,1.7943
2025-05-14,1.8008
2025-05-15,1.7772
2025-05-16,1.7764
2025-05-19,1.7811
2025-05-20,1.787
2025-05-21,1.7899
2025-05-22,1.7748
2025-05-23,1.7607
2025-05-26,1.7662
2025-05-27,1.7629
2025-05-28,1.76
2025-05-29,1.7844
2025-05-30,1.7726
2025-06-03,1.7807
2025-06-04,1.7941
2025-06-05,1.8023
2025-06-06,1.8045
2025-06-09,1.8177
2025-06-10,1.8039
2025-06-11,1.8151
2025-06-12,1.8183
2025-06-13,1.806
2025-06-16,1.8766
2025-06-17,1.8704
2025-06-18,1.8696
2025-06-19,1.8491
2025-06-20,1.8392
2025-06-23,1.8502
2025-06-24,1.878
2025-06-25,1.909
2025-06-26,1.9024
2025-06-27,1.9083
2025-06-30,1.9237
2025-07-01,1.9327
2025-07-02,1.9193
2025-07-03,1.9278
2025-07-04,1.9257
2025-07-07,1.924
2025-07-08,1.9466
2025-07-09,1.9419
2025-07-10,1.9527
2025-07-11,1.9678
2025-07-14,1.9669
2025-07-15,1.9666
2025-07-16,1.966
2025-07-17,1.9879
2025-07-18,1.9939
2025-07-21,2.0127
2025-07-22,2.0319
2025-07-23,2.0271
2025-07-24,2.0558
2025-07-25,2.0552
2025-07-28,2.0619
2025-07-29,2.0741
2025-07-30,2.0608
2025-07-31,2.0307
2025-08-01,2.0267
2025-08-04,2.041
2025-08-05,2.0551
2025-08-06,2.0711
2025-08-07,2.0591
2025-08-08,2.055
2025-08-11,2.0762
2025-08-12,2.0834
2025-08-13,2.1103
2025-08-14,2.0851
2025-08-15,2.128
2025-08-18,2.1574
2025-08-19,2.1494
2025-08-20,2.1705
2025-08-21,2.1651
2025-08-22,2.1991
2025-08-25,2.236
2025-08-26,2.2328
2025-08-27,2.1929
2025-08-28,2.228
2025-08-29,2.2365
2025-09-01,2.2523
2025-09-02,2.2126
2025-09-03,2.1827
2025-09-04,2.1314
2025-09-05,2.196
2025-09-08,2.2198
2025-09-09,2.2043
2025-09-10,2.2023
2025-09-11,2.2558
2025-09-12,2.2647
2025-09-15,2.2653
2025-09-16,2.2794
2025-09-17,2.299
2025-09-18,2.2797
2025-09-19,2.2713
2025-09-22,2.286
2025-09-23,2.2702
2025-09-24,2.3143
2025-09-25,2.3188
2025-09-26,2.2902
2025-09-29,2.3218
2025-09-30,2.3421
2025-10-09,2.3822
2025-10-10,2.3388
2025-10-13,2.3305
2025-10-14,2.2781
2025-10-15,2.3077
2025-10-16,2.2898
2025-10-17,2.2254
2025-10-20,2.2402
2025-10-21,2.2761
2025-10-22,2.2584
2025-10-23,2.26
2025-10-24,2.292000055
2025-10-27,2.322400093
2025-10-28,2.303100109
2025-10-29,2.336899996
2025-10-30,2.300800085
2025-10-31,2.275599957
2025-11-03,2.275099993
2025-11-04,2.238699913
2025-11-05,2.245599985
2025-11-06,2.280600071
2025-11-07,2.273299932
2025-11-10,2.280100107
2025-11-11,2.26699996
2025-11-12,2.256700039
2025-11-13,2.289799929
2025-11-14,2.255199909
2025-11-17,2.251100063
2025-11-18,2.223599911
2025-11-19,2.21359992
2025-11-20,2.195300102
2025-11-21,2.122600079
2025-11-24,2.139100075
2025-11-25,2.162400007
2025-11-26,2.165499926
2025-11-27,2.1612999439239498
2025-11-28,2.18530011177063
2025-12-01,2.2051000595092773
2025-12-02,2.186300039291382
2025-12-03,2.1201999187469482
2025-12-04,2.1786999702453613
2025-12-05,2.207099914550781
2025-12-08,2.228600025177002
2025-12-09,2.213099956512451
2025-12-10,2.222899913787842
2025-12-11,2.200999975204468
2025-12-12,2.228199958801269
2025-12-15,2.226799964904785
2025-12-16,2.192800045013428
2025-12-17,2.233099937438965
2025-12-18,2.222899913787842
2025-12-19,2.243000030517578
2025-12-22,2.2685999870300293
2025-12-23,2.269200086593628
2025-12-24,2.2976999282836914
2025-12-25,2.3141000270843506
2025-12-26,2.328900098800659
2025-12-29,2.3203999996185303
2025-12-30,2.3245999813079834
2025-12-31,2.3243000507354736
2026-01-05,2.384200096130371
2026-01-06,2.4323999881744385
2026-01-07,2.45199990272522
2026-01-08,2.456399917602539
2026-01-09,2.505300045013428
2026-01-12,2.5625
2026-01-13,2.541800022125244
2026-01-14,2.565700054168701
2026-01-15,2.5634000301361084
2026-01-16,2.5701000690460205
2026-01-19,2.5859999656677246
2026-01-20,2.573199987411499
2026-01-21,2.601300001144409
2026-01-22,2.617300033569336
2026-01-23,2.674000024795532
2026-01-26,2.6484999656677246
2026-01-27,2.660399913787842
2026-01-28,2.678999900817871
2026-01-29,2.6545000076293945
2026-01-30,2.6084001064300537
2026-02-02,2.5032999515533447
2026-02-03,2.5752999782562256
2026-02-04,2.5855000019073486
2026-02-05,2.541800022125244
2026-02-06,2.539999961853028
2026-02-09,2.586699962615967
2026-02-10,2.586800098419189
2026-02-11,2.594399929046631
2026-02-12,2.61929988861084
2026-02-13,2.5826001167297363
2026-02-24,2.611799955368042
2026-02-25,2.6519999504089355
2026-02-26,2.656399965286255
2026-02-27,2.684400081634521
2026-03-02,2.684999942779541
2026-03-03,2.57509994506836
2026-03-04,2.563499927520752
2026-03-05,2.579400062561035
2026-03-06,2.5969998836517334
2026-03-09,2.5713000297546387
2026-03-10,2.6112000942230225
2026-03-11,2.6108999252319336
2026-03-12,2.602099895477295
2026-03-13,2.5657999515533447
2026-03-16,2.5510001182556152
2026-03-17,2.502000093460083
2026-03-18,2.5246999263763428
2026-03-19,2.4609999656677246
2026-03-20,2.4244000911712646
2026-03-23,2.325000047683716
2026-03-24,2.378999948501587
2026-03-25,2.427500009536743
2026-03-26,2.388099908828736
2026-03-27,2.41759991645813
2026-03-30,2.4184000492095947
2026-03-31,2.368299961090088
2026-04-01,2.410799980163574
2026-04-02,2.3689000606536865
2026-04-03,2.3443000316619873
2026-04-07,2.355600118637085
2026-04-08,2.4649999141693115
2026-04-09,2.4463999271392822
