,000905
2015-01-05,5417.017
2015-01-06,5479.864000000001
2015-01-07,5488.241999999998
2015-01-08,5444.036999999998
2015-01-09,5409.058000000001
2015-01-12,5332.221
2015-01-13,5405.0909999999985
2015-01-14,5379.738
2015-01-15,5449.038000000001
2015-01-16,5520.123000000001
2015-01-19,5281.895
2015-01-20,5472.514
2015-01-21,5611.694
2015-01-22,5690.156
2015-01-23,5633.2890000000025
2015-01-26,5758.979
2015-01-27,5773.816
2015-01-28,5739.919
2015-01-29,5701.205
2015-01-30,5632.728
2015-02-02,5609.389
2015-02-03,5707.476
2015-02-04,5683.519
2015-02-05,5654.217
2015-02-06,5534.785
2015-02-09,5504.974
2015-02-10,5580.704000000002
2015-02-11,5641.786
2015-02-12,5681.3409999999985
2015-02-13,5769.272
2015-02-16,5869.7130000000025
2015-02-17,5911.098000000001
2015-02-25,5906.538000000001
2015-02-26,5969.557
2015-02-27,6018.4630000000025
2015-03-02,6139.7919999999995
2015-03-03,6118.656
2015-03-04,6210.4209999999985
2015-03-05,6208.988
2015-03-06,6133.026
2015-03-09,6212.236
2015-03-10,6276.485
2015-03-11,6262.892
2015-03-12,6260.137
2015-03-13,6329.576
2015-03-16,6516.765
2015-03-17,6618.054
2015-03-18,6728.068
2015-03-19,6782.4630000000025
2015-03-20,6850.897
2015-03-23,7017.154
2015-03-24,7046.123000000001
2015-03-25,7124.8719999999985
2015-03-26,7074.437
2015-03-27,7155.945
2015-03-30,7245.496999999998
2015-03-31,7253.104
2015-04-01,7425.733
2015-04-02,7560.648
2015-04-03,7679.01
2015-04-07,7863.284000000002
2015-04-08,7807.996999999998
2015-04-09,7746.151
2015-04-10,7952.189
2015-04-13,8122.893
2015-04-14,8119.959
2015-04-15,7802.746999999998
2015-04-16,7912.0880000000025
2015-04-17,7980.76
2015-04-20,7839.901
2015-04-21,8112.687
2015-04-22,8323.427
2015-04-23,8410.703000000001
2015-04-24,8419.095
2015-04-27,8513.016
2015-04-28,8266.483
2015-04-29,8428.254
2015-04-30,8469.673
2015-05-04,8510.481
2015-05-05,8199.344000000001
2015-05-06,8082.999
2015-05-07,7903.478
2015-05-08,8201.293
2015-05-11,8558.218
2015-05-12,8745.678
2015-05-13,8824.929
2015-05-14,8813.393
2015-05-15,8742.885
2015-05-18,8903.595
2015-05-19,9124.833
2015-05-20,9277.331
2015-05-21,9619.223
2015-05-22,9778.171
2015-05-25,10040.09
2015-05-26,10373.58
2015-05-27,10497.34
2015-05-28,9868.424
2015-05-29,9966.845
2015-06-01,10488.31
2015-06-02,10886.4
2015-06-03,10979.99
2015-06-04,10965.41
2015-06-05,11144.52
2015-06-08,11030.92
2015-06-09,11013.74
2015-06-10,11208.0577
2015-06-11,11366.2931
2015-06-12,11545.8906
2015-06-15,11332.892
2015-06-16,10879.8358
2015-06-17,11100.5456
2015-06-18,10731.3787
2015-06-19,9987.4074
2015-06-23,10046.8849
2015-06-24,10267.6266
2015-06-25,9906.1037
2015-06-26,9078.0648
2015-06-29,8484.6434
2015-06-30,8906.0202
2015-07-01,8411.9097
2015-07-02,7835.1035
2015-07-03,7355.491
2015-07-06,7235.999
2015-07-07,6763.5263
2015-07-08,6602.3735
2015-07-09,6896.3516
2015-07-10,7244.7842
2015-07-13,7695.6351
2015-07-14,7859.0574
2015-07-15,7405.2945
2015-07-16,7578.7585
2015-07-17,7994.6971
2015-07-20,8116.4956
2015-07-21,8220.4627
2015-07-22,8320.2364
2015-07-23,8551.9909
2015-07-24,8425.0739
2015-07-27,7794.1809
2015-07-28,7649.8199
2015-07-29,8022.7956
2015-07-30,7800.5799
2015-07-31,7727.0608
2015-08-03,7540.2053
2015-08-04,7942.0952
2015-08-05,7839.3375
2015-08-06,7792.0278
2015-08-07,8013.3187
2015-08-10,8394.0862
2015-08-11,8435.3271
2015-08-12,8336.3365
2015-08-13,8534.4288
2015-08-14,8625.2423
2015-08-17,8820.4567
2015-08-18,8161.2687
2015-08-19,8340.9828
2015-08-20,8049.5116
2015-08-21,7612.9024
2015-08-24,7006.1885
2015-08-25,6481.4117
2015-08-26,6238.5256
2015-08-27,6456.0548
2015-08-28,6842.8938
2015-08-31,6581.3127
2015-09-01,6169.2072
2015-09-02,6122.5533
2015-09-07,6143.5566
2015-09-08,6374.8551
2015-09-09,6551.0072
2015-09-10,6440.3093
2015-09-11,6493.3191
2015-09-14,6049.7904
2015-09-15,5708.0299
2015-09-16,6084.8367
2015-09-17,5965.409000000002
2015-09-18,6036.8814
2015-09-21,6250.4393
2015-09-22,6295.9258
2015-09-23,6224.6006
2015-09-24,6315.1101
2015-09-25,6108.3764
2015-09-28,6219.6917
2015-09-29,6103.6058
2015-09-30,6123.7274
2015-10-08,6372.4924
2015-10-09,6470.0514
2015-10-12,6718.7221
2015-10-13,6802.0769
2015-10-14,6724.4957
2015-10-15,6929.2374
2015-10-16,7047.5599
2015-10-19,7047.3718
2015-10-20,7162.0754
2015-10-21,6712.7386
2015-10-22,6964.2976
2015-10-23,7138.2344
2015-10-26,7186.7548
2015-10-27,7231.4362
2015-10-28,7048.8952
2015-10-29,7108.9748
2015-10-30,7084.9706
2015-11-02,6936.4315
2015-11-03,6920.1029
2015-11-04,7267.9884
2015-11-05,7276.4505
2015-11-06,7446.8471
2015-11-09,7543.8014
2015-11-10,7575.0084
2015-11-11,7684.666
2015-11-12,7682.4517
2015-11-13,7567.108
2015-11-16,7718.8548
2015-11-17,7650.3808
2015-11-18,7526.9417
2015-11-19,7718.621999999998
2015-11-20,7806.2655
2015-11-23,7744.1822
2015-11-24,7798.4975
2015-11-25,7922.3841
2015-11-26,7874.0797
2015-11-27,7376.1243
2015-11-30,7408.3988
2015-12-01,7443.9452
2015-12-02,7405.8596
2015-12-03,7570.5077
2015-12-04,7511.6749
2015-12-07,7602.2276
2015-12-08,7404.142
2015-12-09,7374.2742
2015-12-10,7350.2098
2015-12-11,7290.7017
2015-12-14,7441.0301
2015-12-15,7498.1813
2015-12-16,7529.4028
2015-12-17,7716.246
2015-12-18,7699.37
2015-12-21,7788.564
2015-12-22,7856.6081
2015-12-23,7773.2825
2015-12-24,7753.0367
2015-12-25,7792.1244
2015-12-28,7603.3609
2015-12-29,7674.3881
2015-12-30,7741.0472
2015-12-31,7617.689
2016-01-04,6983.4044
2016-01-05,6889.7414
2016-01-06,7065.6068
2016-01-07,6462.2428
2016-01-08,6570.4316
2016-01-11,6128.6558
2016-01-12,6136.6632
2016-01-13,5924.044
2016-01-14,6124.8202
2016-01-15,5893.6815
2016-01-18,5978.9076
2016-01-19,6197.0947
2016-01-20,6138.5031
2016-01-21,5886.8835
2016-01-22,5980.6111
2016-01-25,6041.3261
2016-01-26,5589.3069
2016-01-27,5514.1886
2016-01-28,5271.2325
2016-01-29,5469.1254
2016-02-01,5399.4771
2016-02-02,5586.6266
2016-02-03,5610.1734
2016-02-04,5721.4853
2016-02-05,5664.1971
2016-02-15,5668.0398
2016-02-16,5902.5341
2016-02-17,5971.4123
2016-02-18,5957.1305
2016-02-19,5979.5164
2016-02-22,6103.7225
2016-02-23,6070.4998
2016-02-24,6111.0427
2016-02-25,5626.0522
2016-02-26,5648.9376
2016-02-29,5350.4337
2016-03-01,5473.6349
2016-03-02,5753.1482
2016-03-03,5776.977
2016-03-04,5621.5614
2016-03-07,5752.5482
2016-03-08,5764.3253
2016-03-09,5617.0376
2016-03-10,5521.948
2016-03-11,5508.9818
2016-03-14,5690.5904
2016-03-15,5639.8012
2016-03-16,5562.8037
2016-03-17,5745.975
2016-03-18,5949.263000000001
2016-03-21,6099.4805
2016-03-22,6075.4922
2016-03-23,6118.9664
2016-03-24,6018.4242
2016-03-25,6077.4312
2016-03-28,6037.7782
2016-03-29,5921.8672
2016-03-30,6137.5034
2016-03-31,6155.8138
2016-04-01,6124.5278
2016-04-05,6286.5826
2016-04-06,6323.4342
2016-04-07,6228.9737
2016-04-08,6168.7419
2016-04-11,6304.3004
2016-04-12,6252.7729
2016-04-13,6344.2255
2016-04-14,6401.8545
2016-04-15,6384.3496
2016-04-18,6281.2024
2016-04-19,6308.229
2016-04-20,6022.2126
2016-04-21,5970.682
2016-04-22,6011.3201
2016-04-25,5978.0772
2016-04-26,6046.7734
2016-04-27,6016.699000000001
2016-04-28,5990.3285
2016-04-29,5985.594
2016-05-03,6167.4537
2016-05-04,6169.7826
2016-05-05,6203.8166
2016-05-06,5961.489000000001
2016-05-09,5743.6473
2016-05-10,5738.8961
2016-05-11,5723.4104
2016-05-12,5726.4555
2016-05-13,5714.3107
2016-05-16,5812.5423
2016-05-17,5790.3416
2016-05-18,5631.1927
2016-05-19,5666.7331
2016-05-20,5732.9018
2016-05-23,5809.4761
2016-05-24,5743.1782
2016-05-25,5715.1834
2016-05-26,5744.3876
2016-05-27,5739.5897
2016-05-30,5711.3152
2016-05-31,5947.3224
2016-06-01,5973.7799
2016-06-02,6013.8942
2016-06-03,6032.603
2016-06-06,6051.8595
2016-06-07,6045.3571
2016-06-08,6023.8776
2016-06-13,5746.4438
2016-06-14,5762.7612
2016-06-15,5952.846
2016-06-16,5930.5454
2016-06-17,5964.2724
2016-06-20,5985.5691
2016-06-21,5916.8032
2016-06-22,6008.8857
2016-06-23,5978.1737
2016-06-24,5903.6202
2016-06-27,6044.2191
2016-06-28,6107.5105
2016-06-29,6120.2021
2016-06-30,6123.4939
2016-07-01,6111.5385
2016-07-04,6231.8811
2016-07-05,6269.5046
2016-07-06,6297.3969
2016-07-07,6319.7926
2016-07-08,6299.8533
2016-07-11,6312.4988
2016-07-12,6395.1448
2016-07-13,6446.5634
2016-07-14,6455.5827
2016-07-15,6441.0159
2016-07-18,6412.0731
2016-07-19,6431.9383
2016-07-20,6417.9223
2016-07-21,6442.7093
2016-07-22,6390.9254
2016-07-25,6408.7831
2016-07-26,6494.4743
2016-07-27,6229.2885
2016-07-28,6243.2883
2016-07-29,6202.8923
2016-08-01,6109.2782
2016-08-02,6168.5088
2016-08-03,6198.3885
2016-08-04,6238.2309
2016-08-05,6203.2872
2016-08-08,6290.7562
2016-08-09,6341.5497
2016-08-10,6318.2681
2016-08-11,6226.3129
2016-08-12,6299.0915
2016-08-15,6442.5272
2016-08-16,6468.8946
2016-08-17,6488.3648
2016-08-18,6490.408
2016-08-19,6499.5548
2016-08-22,6420.3544
2016-08-23,6428.6978
2016-08-24,6435.0586
2016-08-25,6382.5704
2016-08-26,6410.7335
2016-08-29,6427.5291
2016-08-30,6425.7543
2016-08-31,6434.2103
2016-09-01,6381.4755
2016-09-02,6356.9538
2016-09-05,6391.7923
2016-09-06,6492.9722
2016-09-07,6494.3159
2016-09-08,6517.9835
2016-09-09,6471.053000000001
2016-09-12,6291.6364
2016-09-13,6320.0315
2016-09-14,6278.158
2016-09-19,6344.181
2016-09-20,6342.0328
2016-09-21,6343.7541
2016-09-22,6385.6353
2016-09-23,6370.5834
2016-09-26,6241.5157
2016-09-27,6286.9093
2016-09-28,6281.2838
2016-09-29,6298.7911
2016-09-30,6328.0856
2016-10-10,6447.6934
2016-10-11,6486.4254
2016-10-12,6482.7379
2016-10-13,6484.831
2016-10-14,6469.4915
2016-10-17,6413.1487
2016-10-18,6509.2821
2016-10-19,6495.2574
2016-10-20,6498.2375
2016-10-21,6475.2807
2016-10-24,6539.4661
2016-10-25,6563.3539
2016-10-26,6530.3898
2016-10-27,6517.3594
2016-10-28,6455.8349
2016-10-31,6452.2058
2016-11-01,6507.95
2016-11-02,6455.1295
2016-11-03,6483.7322
2016-11-04,6462.5928
2016-11-07,6468.8171
2016-11-08,6503.1781
2016-11-09,6453.5718
2016-11-10,6536.9651
2016-11-11,6583.8864
2016-11-14,6615.0071
2016-11-15,6640.4616
2016-11-16,6644.1878
2016-11-17,6636.469
2016-11-18,6602.3265
2016-11-21,6611.5399
2016-11-22,6661.246
2016-11-23,6631.1733
2016-11-24,6623.0489
2016-11-25,6652.8177
2016-11-28,6670.8035
2016-11-29,6620.7949
2016-11-30,6585.5776
2016-12-01,6624.4657
2016-12-02,6520.9745
2016-12-05,6486.0173
2016-12-06,6490.8897
2016-12-07,6558.0247
2016-12-08,6527.4338
2016-12-09,6513.9155
2016-12-12,6249.0784
2016-12-13,6278.1793
2016-12-14,6239.4989
2016-12-15,6280.3981
2016-12-16,6318.5239
2016-12-19,6320.7324
2016-12-20,6300.6383
2016-12-21,6347.6058
2016-12-22,6341.7879
2016-12-23,6281.9966
2016-12-26,6294.7546
2016-12-27,6288.8594
2016-12-28,6270.2395
2016-12-29,6252.6076
2016-12-30,6263.6256
2017-01-03,6320.7626
2017-01-04,6394.6694
2017-01-05,6399.2841
2017-01-06,6371.6168
2017-01-09,6415.4176
2017-01-10,6393.9283
2017-01-11,6331.9638
2017-01-12,6272.851
2017-01-13,6194.6575
2017-01-16,6031.2414
2017-01-17,6082.0657
2017-01-18,6068.593000000003
2017-01-19,6043.675
2017-01-20,6121.9983
2017-01-23,6172.1671
2017-01-24,6165.2642
2017-01-25,6179.5681
2017-01-26,6223.7061
2017-02-03,6207.0921
2017-02-06,6259.2471
2017-02-07,6255.927
2017-02-08,6291.5977
2017-02-09,6331.1771
2017-02-10,6337.1081
2017-02-13,6369.6526
2017-02-14,6374.8852
2017-02-15,6311.6959
2017-02-16,6359.3361
2017-02-17,6307.1627
2017-02-20,6385.0625
2017-02-21,6434.4383
2017-02-22,6474.225
2017-02-23,6473.993
2017-02-24,6476.1655
2017-02-27,6424.2549
2017-02-28,6450.9701
2017-03-01,6467.6385
2017-03-02,6434.6262
2017-03-03,6452.839
2017-03-06,6517.3235
2017-03-07,6523.1868
2017-03-08,6497.0878
2017-03-09,6439.3822
2017-03-10,6447.9165
2017-03-13,6507.8964
2017-03-14,6493.4846
2017-03-15,6486.0616
2017-03-16,6543.3407
2017-03-17,6483.2463
2017-03-20,6498.3416
2017-03-21,6515.9458
2017-03-22,6499.7928
2017-03-23,6512.1874
2017-03-24,6546.615
2017-03-27,6516.0326
2017-03-28,6498.6902
2017-03-29,6480.543000000002
2017-03-30,6375.7437
2017-03-31,6401.6479
2017-04-05,6539.9665
2017-04-06,6559.6526
2017-04-07,6578.726
2017-04-10,6566.5441
2017-04-11,6629.1661
2017-04-12,6576.4761
2017-04-13,6615.7042
2017-04-14,6528.1624
2017-04-17,6456.598000000001
2017-04-18,6418.2114
2017-04-19,6350.6465
2017-04-20,6347.7732
2017-04-21,6300.7128
2017-04-24,6138.5049
2017-04-25,6160.4612
2017-04-26,6176.3981
2017-04-27,6192.3044
2017-04-28,6211.8624
2017-05-02,6216.115
2017-05-03,6197.4779
2017-05-04,6176.3053
2017-05-05,6089.6828
2017-05-08,5975.5395
2017-05-09,6012.0016
2017-05-10,5885.8409999999985
2017-05-11,5872.6391
2017-05-12,5863.7832
2017-05-15,5893.5075
2017-05-16,6014.7344
2017-05-17,6027.6504
2017-05-18,5976.2998
2017-05-19,5974.9772
2017-05-22,5888.8127
2017-05-23,5764.8759
2017-05-24,5799.2499
2017-05-25,5850.8006
2017-05-26,5836.9338
2017-05-31,5824.1042
2017-06-01,5709.9994
2017-06-02,5772.5174
2017-06-05,5815.8022
2017-06-06,5841.5232
2017-06-07,5955.0153
2017-06-08,5958.977
2017-06-09,5969.2741
2017-06-12,5902.8551
2017-06-13,5980.0566
2017-06-14,5966.4314
2017-06-15,6021.1651
2017-06-16,6012.9996
2017-06-19,6057.4115
2017-06-20,6066.9046
2017-06-21,6078.1925
2017-06-22,5992.3352
2017-06-23,6010.3137
2017-06-26,6111.6406
2017-06-27,6113.1658
2017-06-28,6086.2112
2017-06-29,6116.9932
2017-06-30,6138.1556
2017-07-03,6177.3953
2017-07-04,6146.8527
2017-07-05,6193.9641
2017-07-06,6201.6535
2017-07-07,6226.0108
2017-07-10,6206.5568
2017-07-11,6128.9942
2017-07-12,6132.9922
2017-07-13,6149.9337
2017-07-14,6128.7397
2017-07-17,5876.4592
2017-07-18,5938.4342
2017-07-19,6059.3582
2017-07-20,6099.2835
2017-07-21,6126.1083
2017-07-24,6167.1282
2017-07-25,6153.5984
2017-07-26,6146.7028
2017-07-27,6184.0207
2017-07-28,6215.4633
2017-07-31,6298.0004
2017-08-01,6286.5362
2017-08-02,6251.8627
2017-08-03,6261.9676
2017-08-04,6225.1151
2017-08-07,6303.4209
2017-08-08,6303.7159999999985
2017-08-09,6340.022
2017-08-10,6289.2174
2017-08-11,6161.1903
2017-08-14,6292.6418
2017-08-15,6314.7608
2017-08-16,6318.7986
2017-08-17,6366.034000000002
2017-08-18,6347.7557
2017-08-21,6403.7803
2017-08-22,6375.9814
2017-08-23,6322.7819
2017-08-24,6278.59
2017-08-25,6346.5305
2017-08-28,6424.5841
2017-08-29,6408.1567
2017-08-30,6453.4636
2017-08-31,6470.4259
2017-09-01,6526.5046
2017-09-04,6564.6804
2017-09-05,6571.8591
2017-09-06,6607.1176
2017-09-07,6558.5963
2017-09-08,6574.1826
2017-09-11,6649.6276
2017-09-12,6644.0118
2017-09-13,6684.3798
2017-09-14,6672.1849
2017-09-15,6622.0438
2017-09-18,6669.4548
2017-09-19,6636.0201
2017-09-20,6692.4724
2017-09-21,6612.0456
2017-09-22,6572.0096
2017-09-25,6489.8441
2017-09-26,6520.7175
2017-09-27,6583.1401
2017-09-28,6567.7915
2017-09-29,6603.2587
2017-10-09,6678.371
2017-10-10,6705.4812
2017-10-11,6666.4696
2017-10-12,6659.0957
2017-10-13,6709.8164
2017-10-16,6619.2056
2017-10-17,6612.9428
2017-10-18,6563.4369
2017-10-19,6501.3999
2017-10-20,6571.424
2017-10-23,6612.7637
2017-10-24,6603.0042
2017-10-25,6647.892
2017-10-26,6671.9288
2017-10-27,6630.8067
2017-10-30,6511.7616
2017-10-31,6560.2054
2017-11-01,6552.9545
2017-11-02,6484.9258
2017-11-03,6426.9799
2017-11-06,6511.0958
2017-11-07,6551.9363
2017-11-08,6561.6897
2017-11-09,6611.3517
2017-11-10,6641.2164
2017-11-13,6671.2054
2017-11-14,6614.5136
2017-11-15,6537.6563
2017-11-16,6558.3085
2017-11-17,6361.9415
2017-11-20,6433.1702
2017-11-21,6456.352
2017-11-22,6439.4419
2017-11-23,6274.5116
2017-11-24,6278.0287
2017-11-27,6194.5522
2017-11-28,6299.3122
2017-11-29,6318.3684
2017-11-30,6263.4209999999985
2017-12-01,6316.4072
2017-12-04,6279.6206
2017-12-05,6132.9119999999975
2017-12-06,6172.8031
2017-12-07,6135.4702
2017-12-08,6203.1433
2017-12-11,6286.1656
2017-12-12,6233.2115
2017-12-13,6277.441
2017-12-14,6284.0807
2017-12-15,6235.7608
2017-12-18,6199.9889
2017-12-19,6251.2416
2017-12-20,6199.3628
2017-12-21,6238.4987
2017-12-22,6242.8847
2017-12-25,6185.5907
2017-12-26,6220.1473
2017-12-27,6173.1528
2017-12-28,6204.2702
2017-12-29,6250.8207
2018-01-02,6332.2269
2018-01-03,6388.2533
2018-01-04,6417.535
2018-01-05,6417.2537
2018-01-08,6446.1818
2018-01-09,6445.7462
2018-01-10,6405.9395
2018-01-11,6425.9401
2018-01-12,6399.3737
2018-01-15,6253.3759
2018-01-16,6301.1327
2018-01-17,6267.4599
2018-01-18,6286.8007
2018-01-19,6272.38
2018-01-22,6347.6383
2018-01-23,6354.9978
2018-01-24,6394.2999
2018-01-25,6382.7165
2018-01-26,6383.6312
2018-01-29,6309.8836
2018-01-30,6313.441999999999
2018-01-31,6189.3413
2018-02-01,5984.7428
2018-02-02,6004.8494
2018-02-05,5998.2236
2018-02-06,5704.2641
2018-02-07,5711.3322
2018-02-08,5766.4797
2018-02-09,5554.8974
2018-02-12,5699.0979
2018-02-13,5736.9505
2018-02-14,5754.8344
2018-02-22,5875.7272
2018-02-23,5897.6765
2018-02-26,6029.6795
2018-02-27,6010.5573
2018-02-28,6023.677
2018-03-01,6090.2247
2018-03-02,6056.3354
2018-03-05,6064.0983
2018-03-06,6145.5768
2018-03-07,6086.4874
2018-03-08,6131.5142
2018-03-09,6206.9754
2018-03-12,6295.7776
2018-03-13,6254.1457
2018-03-14,6189.316999999999
2018-03-15,6180.1108
2018-03-16,6146.3058
2018-03-19,6153.8339
2018-03-20,6173.6984
2018-03-21,6129.2042
2018-03-22,6101.2276
2018-03-23,5787.1523
2018-03-26,5902.9588
2018-03-27,6034.775
2018-03-28,5973.3414
2018-03-29,6034.8572
2018-03-30,6114.7382
2018-04-02,6121.9642
2018-04-03,6059.7089
2018-04-04,6017.6863
2018-04-09,6025.6493
2018-04-10,6063.7423
2018-04-11,6086.6126
2018-04-12,6051.3346
2018-04-13,6027.1867
2018-04-16,6012.4053
2018-04-17,5890.8571
2018-04-18,5970.6577
2018-04-19,6004.7334
2018-04-20,5880.8359
2018-04-23,5823.9205
2018-04-24,5957.1927
2018-04-25,5959.422
2018-04-26,5847.9766
2018-04-27,5860.9836
2018-05-02,5855.3233
2018-05-03,5910.6058
2018-05-04,5909.2944
2018-05-07,6019.1409
2018-05-08,6041.8143
2018-05-09,6029.2329
2018-05-10,6040.5716
2018-05-11,5991.3424
2018-05-14,5967.5541
2018-05-15,6020.5697
2018-05-16,6004.0696
2018-05-17,5973.7785
2018-05-18,5995.1497
2018-05-21,6072.1991
2018-05-22,6092.9069
2018-05-23,6013.8472
2018-05-24,5992.6209
2018-05-25,5917.7978
2018-05-28,5891.2627
2018-05-29,5835.4456
2018-05-30,5682.5881
2018-05-31,5754.4746
2018-06-01,5685.1155
2018-06-04,5683.1486
2018-06-05,5779.0778
2018-06-06,5774.2575
2018-06-07,5738.0176
2018-06-08,5669.3031
2018-06-11,5632.3566
2018-06-12,5693.3461
2018-06-13,5607.0173
2018-06-14,5586.9314
2018-06-15,5483.9446
2018-06-19,5141.7095
2018-06-20,5198.3935
2018-06-21,5089.2522
2018-06-22,5160.1228
2018-06-25,5125.0333
2018-06-26,5160.2829
2018-06-27,5109.4975
2018-06-28,5055.1093
2018-06-29,5217.7643
2018-07-02,5138.7826
2018-07-03,5197.1313
2018-07-04,5121.3436
2018-07-05,4982.7627
2018-07-06,4996.6299
2018-07-09,5107.5507
2018-07-10,5136.5326
2018-07-11,5036.1565
2018-07-12,5172.5032
2018-07-13,5204.1855
2018-07-16,5195.2002
2018-07-17,5196.1969
2018-07-18,5156.6363
2018-07-19,5111.3271
2018-07-20,5175.2516
2018-07-23,5214.0038
2018-07-24,5304.641
2018-07-25,5308.6569
2018-07-26,5273.4789
2018-07-27,5249.2904
2018-07-30,5185.151
2018-07-31,5188.7166
2018-08-01,5105.3741
2018-08-02,4996.012
2018-08-03,4929.75
2018-08-06,4825.2508
2018-08-07,4956.8718
2018-08-08,4880.5694
2018-08-09,5004.7733
2018-08-10,5030.5148
2018-08-13,5055.2753
2018-08-14,5037.8831
2018-08-15,4932.8063
2018-08-16,4888.3712
2018-08-17,4803.0285
2018-08-20,4832.6512
2018-08-21,4891.9801
2018-08-22,4837.0183
2018-08-23,4863.6651
2018-08-24,4852.2887
2018-08-27,4960.0655
2018-08-28,4974.2072
2018-08-29,4941.9607
2018-08-30,4867.1214
2018-08-31,4814.8237
2018-09-03,4838.873
2018-09-04,4890.2806
2018-09-05,4815.0343
2018-09-06,4793.3454
2018-09-07,4791.7779
2018-09-10,4704.8782
2018-09-11,4702.9032
2018-09-12,4693.9743
2018-09-13,4721.2121
2018-09-14,4670.0799
2018-09-17,4602.3901
2018-09-18,4683.5056
2018-09-19,4736.8934
2018-09-20,4733.4806
2018-09-21,4805.2151
2018-09-25,4792.5507
2018-09-26,4815.6306
2018-09-27,4755.3803
2018-09-28,4800.7287
2018-10-08,4646.4929
2018-10-09,4634.8939
2018-10-10,4629.8877
2018-10-11,4307.4208
2018-10-12,4278.0353
2018-10-15,4199.1532
2018-10-16,4099.6831
2018-10-17,4133.3832
2018-10-18,4018.4614
2018-10-19,4127.9854
2018-10-22,4333.1445
2018-10-23,4253.5561
2018-10-24,4245.4884
2018-10-25,4234.4208
2018-10-26,4233.9585
2018-10-29,4162.5255
2018-10-30,4204.5424
2018-10-31,4272.5518
2018-11-01,4298.9837
2018-11-02,4437.9456
2018-11-05,4440.8274
2018-11-06,4438.0965
2018-11-07,4415.1359999999995
2018-11-08,4382.3286
2018-11-09,4368.6143
2018-11-12,4481.6881
2018-11-13,4563.5351
2018-11-14,4545.5089
2018-11-15,4619.8141
2018-11-16,4659.0965
2018-11-19,4670.737
2018-11-20,4537.4493
2018-11-21,4554.6747
2018-11-22,4551.3264
2018-11-23,4374.7644
2018-11-26,4367.4619
2018-11-27,4387.6515
2018-11-28,4441.8569
2018-11-29,4345.7029999999995
2018-11-30,4376.6511
2018-12-03,4515.1735
2018-12-04,4536.2104
2018-12-05,4502.7021
2018-12-06,4411.0884
2018-12-07,4410.9593
2018-12-10,4359.3122
2018-12-11,4395.5702
2018-12-12,4393.324000000001
2018-12-13,4443.1572
2018-12-14,4337.1025
2018-12-17,4330.6465
2018-12-18,4307.2675
2018-12-19,4247.8991
2018-12-20,4259.7614
2018-12-21,4231.144
2018-12-24,4274.7218
2018-12-25,4225.5124
2018-12-26,4208.4053
2018-12-27,4161.2702
2018-12-28,4168.0363
2019-01-02,4131.9567
2019-01-03,4112.807
2019-01-04,4210.8786
2019-01-07,4288.3234
2019-01-08,4277.2967
2019-01-09,4288.7717
2019-01-10,4281.8606
2019-01-11,4314.8757
2019-01-14,4286.5474
2019-01-15,4347.3555
2019-01-16,4336.8779
2019-01-17,4303.7308
2019-01-18,4347.8112
2019-01-21,4373.6333
2019-01-22,4308.2518
2019-01-23,4315.6846
2019-01-24,4338.17
2019-01-25,4318.4417
2019-01-28,4307.2196
2019-01-29,4254.2875
2019-01-30,4211.6235
2019-01-31,4176.4739
2019-02-01,4294.2696
2019-02-11,4402.8668
2019-02-12,4439.485
2019-02-13,4512.4088
2019-02-14,4532.1699
2019-02-15,4502.7348
2019-02-18,4660.999
2019-02-19,4667.2836
2019-02-20,4667.6243
2019-02-21,4659.1431
2019-02-22,4777.2977
2019-02-25,5044.3466
2019-02-26,5038.5435
2019-02-27,5017.8842
2019-02-28,5025.2913
2019-03-01,5067.225
2019-03-04,5158.2467
2019-03-05,5295.2878
2019-03-06,5390.0294
2019-03-07,5458.6153
2019-03-08,5245.6999
2019-03-11,5456.3809999999985
2019-03-12,5551.0029
2019-03-13,5424.8642
2019-03-14,5298.5024
2019-03-15,5359.0087
2019-03-18,5501.183000000001
2019-03-19,5522.1801
2019-03-20,5515.7856
2019-03-21,5589.478
2019-03-22,5622.1402
2019-03-25,5549.6711
2019-03-26,5394.8787
2019-03-27,5447.8795
2019-03-28,5370.1234
2019-03-29,5547.6561
2019-04-01,5757.8379
2019-04-02,5775.5497
2019-04-03,5836.0369
2019-04-04,5871.5575
2019-04-08,5847.6296
2019-04-09,5858.0464
2019-04-10,5850.7609
2019-04-11,5727.1749
2019-04-12,5714.3676
2019-04-15,5655.9825
2019-04-16,5777.0111
2019-04-17,5807.7288
2019-04-18,5775.1709999999985
2019-04-19,5810.1798
2019-04-22,5723.0417
2019-04-23,5628.0624
2019-04-24,5679.7256
2019-04-25,5458.4194
2019-04-26,5408.0306
2019-04-29,5265.6011
2019-04-30,5307.56
2019-05-06,4908.7984
2019-05-07,4973.4043
2019-05-08,4947.7419
2019-05-09,4888.4128
2019-05-10,5064.323
2019-05-13,5005.9044
2019-05-14,4965.6124
2019-05-15,5076.555
2019-05-16,5108.3588
2019-05-17,4942.5792
2019-05-20,4923.5589
2019-05-21,5009.8725
2019-05-22,4976.3929
2019-05-23,4872.9202
2019-05-24,4841.7573
2019-05-27,4962.947
2019-05-28,4955.4855
2019-05-29,4956.8638
2019-05-30,4926.403
2019-05-31,4912.0005
2019-06-03,4853.8153
2019-06-04,4795.4129
2019-06-05,4783.8245
2019-06-06,4678.7844
2019-06-10,4725.2643
2019-06-11,4901.4723
2019-06-12,4863.4922
2019-06-13,4877.6505
2019-06-14,4795.5267
2019-06-17,4802.8185
2019-06-18,4797.1468
2019-06-19,4858.9164
2019-06-20,4954.7338
2019-06-21,5021.3051
2019-06-24,5024.2046
2019-06-25,4974.9882
2019-06-26,4962.5936
2019-06-27,5007.4833
2019-06-28,4950.4798
2019-07-01,5100.2619
2019-07-02,5084.41
2019-07-03,5040.7227
2019-07-04,5025.0207
2019-07-05,5042.6599
2019-07-08,4870.7807
2019-07-09,4881.6235
2019-07-10,4843.8649
2019-07-11,4844.5474
2019-07-12,4861.5679
2019-07-15,4925.3243
2019-07-16,4932.0458
2019-07-17,4929.085
2019-07-18,4844.1087
2019-07-19,4878.6903
2019-07-22,4776.5749
2019-07-23,4823.9182
2019-07-24,4873.0271
2019-07-25,4891.6432
2019-07-26,4898.1099
2019-07-29,4897.0183
2019-07-30,4922.9175
2019-07-31,4903.2029999999995
2019-08-01,4870.469
2019-08-02,4809.9198
2019-08-05,4751.9846
2019-08-06,4650.5627
2019-08-07,4626.3641
2019-08-08,4656.1009
2019-08-09,4600.3526
2019-08-12,4685.045
2019-08-13,4658.3884
2019-08-14,4683.8403
2019-08-15,4706.5504
2019-08-16,4722.6625
2019-08-19,4875.0363
2019-08-20,4872.6061
2019-08-21,4882.7213
2019-08-22,4887.9142
2019-08-23,4887.9024
2019-08-26,4855.4584
2019-08-27,4936.1238
2019-08-28,4928.1935
2019-08-29,4934.1838
2019-08-30,4886.4940000000015
2019-09-02,5008.2958
2019-09-03,5044.1805
2019-09-04,5093.2662
2019-09-05,5138.4051
2019-09-06,5154.6378
2019-09-09,5263.4594
2019-09-10,5245.305
2019-09-11,5217.2913
2019-09-12,5242.6115
2019-09-16,5250.3398
2019-09-17,5140.4502
2019-09-18,5141.0381
2019-09-19,5191.6687
2019-09-20,5204.4848
2019-09-23,5171.484
2019-09-24,5180.7418
2019-09-25,5087.0091
2019-09-26,4970.2403
2019-09-27,5005.6299
2019-09-30,4940.903
2019-10-08,4941.7607
2019-10-09,4982.9535
2019-10-10,5046.3594
2019-10-11,5055.5165
2019-10-14,5131.1312
2019-10-15,5061.0029
2019-10-16,5038.356
2019-10-17,5029.854
2019-10-18,4961.8072
2019-10-21,4951.0354
2019-10-22,5005.5525
2019-10-23,4967.1949
2019-10-24,4958.2465
2019-10-25,4994.5684
2019-10-28,5084.4677
2019-10-29,5007.7126
2019-10-30,4947.8954
2019-10-31,4917.4174
2019-11-01,4962.3495
2019-11-04,4987.8364
2019-11-05,5025.3029
2019-11-06,4974.7343
2019-11-07,5007.0666
2019-11-08,4988.2938
2019-11-11,4876.1594
2019-11-12,4881.6144
2019-11-13,4875.543
2019-11-14,4912.1075
2019-11-15,4868.4367
2019-11-18,4892.4609
2019-11-19,4975.1128
2019-11-20,4946.2757
2019-11-21,4945.7188
2019-11-22,4904.0828
2019-11-25,4901.5021
2019-11-26,4882.1624
2019-11-27,4904.2568
2019-11-28,4889.2595
2019-11-29,4894.9416
2019-12-02,4905.4209
2019-12-03,4926.4548
2019-12-04,4920.6682
2019-12-05,4967.6021
2019-12-06,5010.5104
2019-12-09,5024.604
2019-12-10,5049.0514
2019-12-11,5027.2784
2019-12-12,5012.0011
2019-12-13,5073.6858
2019-12-16,5166.0391
2019-12-17,5236.0624
2019-12-18,5235.1248
2019-12-19,5241.7376
2019-12-20,5184.6752
2019-12-23,5084.3505
2019-12-24,5162.0702
2019-12-25,5183.0986
2019-12-26,5219.1404
2019-12-27,5179.1929
2019-12-30,5241.9383
2019-12-31,5267.6622
2020-01-02,5366.1375
2020-01-03,5380.6372
2020-01-06,5434.8503
2020-01-07,5499.8395
2020-01-08,5423.7966
2020-01-09,5497.5429
2020-01-10,5480.2279
2020-01-13,5559.6272
2020-01-14,5542.3316
2020-01-15,5530.0266
2020-01-16,5527.6676
2020-01-17,5510.0453
2020-01-20,5587.5359
2020-01-21,5523.9419
2020-01-22,5575.5126
2020-01-23,5377.7411
2020-02-03,4910.9011
2020-02-04,4996.4743
2020-02-05,5123.9619
2020-02-06,5282.8922
2020-02-07,5327.0369
2020-02-10,5388.4349
2020-02-11,5361.2768
2020-02-12,5459.9461
2020-02-13,5412.8418
2020-02-14,5420.8025
2020-02-17,5594.4366
2020-02-18,5660.8142
2020-02-19,5603.2626
2020-02-20,5706.7127
2020-02-21,5784.0321
2020-02-24,5865.4665
2020-02-25,5897.7219
2020-02-26,5743.3929
2020-02-27,5753.7277
2020-02-28,5451.2897
2020-03-02,5656.4193
2020-03-03,5710.0235
2020-03-04,5716.5112
2020-03-05,5801.1199
2020-03-06,5763.8602
2020-03-09,5525.8167
2020-03-10,5675.1113
2020-03-11,5589.5311
2020-03-12,5493.8838
2020-03-13,5457.2006
2020-03-16,5200.1142
2020-03-17,5212.0619
2020-03-18,5119.4716
2020-03-19,5157.8235
2020-03-20,5219.2809
2020-03-23,4998.9095
2020-03-24,5096.0408
2020-03-25,5217.4237
2020-03-26,5166.1091
2020-03-27,5137.3371
2020-03-30,5027.4856
2020-03-31,5041.4534
2020-04-01,5019.2187
2020-04-02,5147.2019
2020-04-03,5107.0393
2020-04-07,5267.073
2020-04-08,5271.7961
2020-04-09,5322.4614
2020-04-10,5208.5102
2020-04-13,5169.1757
2020-04-14,5288.593000000002
2020-04-15,5268.7497
2020-04-16,5316.9707
2020-04-17,5318.4547
2020-04-20,5381.7857
2020-04-21,5343.8806
2020-04-22,5387.6233
2020-04-23,5357.7904
2020-04-24,5273.5474
2020-04-27,5265.7248
2020-04-28,5227.846
2020-04-29,5226.8116
2020-04-30,5353.8595
2020-05-06,5451.3159
2020-05-07,5445.7519
2020-05-08,5507.6965
2020-05-11,5496.191999999999
2020-05-12,5512.464
2020-05-13,5536.2802
2020-05-14,5487.107
2020-05-15,5507.9336
2020-05-18,5478.8218
2020-05-19,5547.8759
2020-05-20,5489.7024
2020-05-21,5426.1745
2020-05-22,5328.2268
2020-05-25,5316.6036
2020-05-26,5420.2126
2020-05-27,5369.4992
2020-05-28,5361.1669999999995
2020-05-29,5406.3403
2020-06-01,5569.48
2020-06-02,5566.4438
2020-06-03,5572.3125
2020-06-04,5576.7535
2020-06-05,5585.4231
2020-06-08,5575.3036
2020-06-09,5610.3774
2020-06-10,5615.2417
2020-06-11,5589.1019
2020-06-12,5591.4871
2020-06-15,5590.6435
2020-06-16,5695.3007
2020-06-17,5735.4183
2020-06-18,5734.403
2020-06-19,5787.1482
2020-06-22,5784.0269
2020-06-23,5804.343000000003
2020-06-24,5789.0893
2020-06-29,5762.4378
2020-06-30,5864.4164
2020-07-01,5881.8875
2020-07-02,5975.2794
2020-07-03,6051.5099
2020-07-06,6299.8551
2020-07-07,6380.0276
2020-07-08,6535.4151
2020-07-09,6693.7452
2020-07-10,6676.4373
2020-07-13,6899.5175
2020-07-14,6807.727
2020-07-15,6638.8384
2020-07-16,6319.9981
2020-07-17,6344.5912
2020-07-20,6526.8325
2020-07-21,6563.3239
2020-07-22,6620.6893
2020-07-23,6620.0859
2020-07-24,6283.9831
2020-07-27,6298.7351
2020-07-28,6359.6637
2020-07-29,6530.2712
2020-07-30,6511.436
2020-07-31,6579.6696
2020-08-03,6739.8085
2020-08-04,6697.7071
2020-08-05,6772.8422
2020-08-06,6770.3016
2020-08-07,6688.8822
2020-08-10,6725.2956
2020-08-11,6600.8472
2020-08-12,6528.3999
2020-08-13,6552.6567
2020-08-14,6623.5633
2020-08-17,6744.5468
2020-08-18,6789.3979
2020-08-19,6666.274
2020-08-20,6593.785
2020-08-21,6643.9444
2020-08-24,6688.9647
2020-08-25,6652.5478
2020-08-26,6525.8786
2020-08-27,6578.7912
2020-08-28,6691.2096
2020-08-31,6668.4331
2020-09-01,6710.4599
2020-09-02,6717.5579
2020-09-03,6662.2515
2020-09-04,6618.5762
2020-09-07,6478.8124
2020-09-08,6525.098000000001
2020-09-09,6349.2234
2020-09-10,6235.5687
2020-09-11,6311.967
2020-09-14,6351.2422
2020-09-15,6387.8805
2020-09-16,6353.8359999999975
2020-09-17,6367.0206
2020-09-18,6469.4692
2020-09-21,6445.9649
2020-09-22,6358.651999999999
2020-09-23,6392.0329
2020-09-24,6244.6389
2020-09-25,6236.8904
2020-09-28,6178.4693
2020-09-29,6228.7708
2020-09-30,6192.5045
2020-10-09,6357.9711
2020-10-12,6541.1759999999995
2020-10-13,6551.3987
2020-10-14,6508.3743
2020-10-15,6460.0408
2020-10-16,6428.6822
2020-10-19,6358.3213
2020-10-20,6423.1128
2020-10-21,6350.0127
2020-10-22,6317.1438
2020-10-23,6213.2626
2020-10-26,6214.3779
2020-10-27,6221.3414
2020-10-28,6245.9986
2020-10-29,6255.1933
2020-10-30,6111.4803
2020-11-02,6143.1157
2020-11-03,6241.7676
2020-11-04,6234.158
2020-11-05,6351.9789
2020-11-06,6301.2477
2020-11-09,6421.6506
2020-11-10,6373.0853
2020-11-11,6294.6055
2020-11-12,6315.4938
2020-11-13,6306.97
2020-11-16,6387.371
2020-11-17,6336.9406
2020-11-18,6341.0136
2020-11-19,6360.5998
2020-11-20,6422.9854
2020-11-23,6472.9301
2020-11-24,6475.1881
2020-11-25,6350.3667
2020-11-26,6334.3042
2020-11-27,6351.6119
2020-11-30,6320.9441
2020-12-01,6426.6155
2020-12-02,6434.9791
2020-12-03,6440.8808
2020-12-04,6464.7345
2020-12-07,6424.6823
2020-12-08,6423.6513
2020-12-09,6307.2207
2020-12-10,6320.0956
2020-12-11,6209.427
2020-12-14,6259.0175
2020-12-15,6265.5819
2020-12-16,6235.4352
2020-12-17,6308.9013
2020-12-18,6291.918000000002
2020-12-21,6398.5987
2020-12-22,6250.0606
2020-12-23,6307.604
2020-12-24,6205.2247
2020-12-25,6278.4981
2020-12-28,6244.4818
2020-12-29,6199.8523
2020-12-30,6269.2484
2020-12-31,6367.1149
2021-01-04,6482.7868
2021-01-05,6539.7315
2021-01-06,6528.1425
2021-01-07,6538.1162
2021-01-08,6557.5964
2021-01-11,6455.3987
2021-01-12,6543.2286
2021-01-13,6496.9131
2021-01-14,6439.8854
2021-01-15,6417.5011
2021-01-18,6514.4644
2021-01-19,6476.3736
2021-01-20,6535.4185
2021-01-21,6622.4959
2021-01-22,6637.8052
2021-01-25,6645.3137
2021-01-26,6532.9609999999975
2021-01-27,6557.1608
2021-01-28,6414.3811
2021-01-29,6346.1371
2021-02-01,6393.278
2021-02-02,6454.7853
2021-02-03,6399.3315
2021-02-04,6328.7881
2021-02-05,6239.8709
2021-02-08,6323.1622
2021-02-09,6457.8814
2021-02-10,6525.1658
2021-02-18,6614.5443
2021-02-19,6703.4821
2021-02-22,6657.056
2021-02-23,6631.2286
2021-02-24,6536.1861
2021-02-25,6499.1528
2021-02-26,6364.3529
2021-03-01,6488.4388
2021-03-02,6433.3282
2021-03-03,6524.7513
2021-03-04,6401.9917
2021-03-05,6403.4964
2021-03-08,6256.4092
2021-03-09,6108.0027
2021-03-10,6062.2552
2021-03-11,6213.8319
2021-03-12,6222.3802
2021-03-15,6173.8721
2021-03-16,6195.2438
2021-03-17,6225.3588
2021-03-18,6273.8556
2021-03-19,6206.6023
2021-03-22,6305.6919
2021-03-23,6219.1666
2021-03-24,6142.5439
2021-03-25,6157.4072
2021-03-26,6251.7941
2021-03-29,6254.9426
2021-03-30,6280.359
2021-03-31,6254.0695
2021-04-01,6311.6644
2021-04-02,6326.6059
2021-04-06,6343.0962
2021-04-07,6348.0761
2021-04-08,6356.7526
2021-04-09,6335.2393
2021-04-12,6226.4182
2021-04-13,6209.7801
2021-04-14,6277.2111
2021-04-15,6276.4609
2021-04-16,6339.5906
2021-04-19,6425.2606
2021-04-20,6428.5411
2021-04-21,6420.2587
2021-04-22,6445.4657
2021-04-23,6462.7558
2021-04-26,6442.6451
2021-04-27,6446.2822
2021-04-28,6489.7441
2021-04-29,6491.9281
2021-04-30,6485.7075
2021-05-06,6489.3485
2021-05-07,6444.4429
2021-05-10,6475.9938
2021-05-11,6456.0376
2021-05-12,6512.0501
2021-05-13,6439.0273
2021-05-14,6525.8036
2021-05-17,6578.1402
2021-05-18,6599.5985
2021-05-19,6584.3869
2021-05-20,6548.7111
2021-05-21,6527.864000000001
2021-05-24,6544.1218
2021-05-25,6619.6707
2021-05-26,6628.2065
2021-05-27,6685.4054
2021-05-28,6668.1696
2021-05-31,6728.9906
2021-06-01,6739.7624
2021-06-02,6681.4285
2021-06-03,6667.7264
2021-06-04,6693.0574
2021-06-07,6721.5019
2021-06-08,6684.5626
2021-06-09,6692.9049
2021-06-10,6765.6436
2021-06-11,6725.9152
2021-06-15,6663.6623
2021-06-16,6566.286
2021-06-17,6616.174
2021-06-18,6657.7635
2021-06-21,6707.1762
2021-06-22,6739.7939
2021-06-23,6789.9464
2021-06-24,6754.8657
2021-06-25,6813.4138
2021-06-28,6828.5162
2021-06-29,6765.4201
2021-06-30,6808.1831
2021-07-01,6716.6658
2021-07-02,6658.0451
2021-07-05,6711.0136
2021-07-06,6709.4983
2021-07-07,6764.1319
2021-07-08,6748.654
2021-07-09,6804.5389
2021-07-12,6904.3818
2021-07-13,6961.8475
2021-07-14,6898.7502
2021-07-15,6932.406
2021-07-16,6925.1232
2021-07-19,6889.3375
2021-07-20,6901.1318
2021-07-21,6984.5418
2021-07-22,7026.5482
2021-07-23,6985.7499
2021-07-26,6868.2074
2021-07-27,6719.2557
2021-07-28,6621.9845
2021-07-29,6758.8869
2021-07-30,6767.316
2021-08-02,6872.0004
2021-08-03,6816.0107
2021-08-04,6931.3365
2021-08-05,6911.8292
2021-08-06,6938.8679
2021-08-09,6979.5256
2021-08-10,7019.2284
2021-08-11,7073.5219
2021-08-12,7095.2024
2021-08-13,7088.8876
2021-08-16,7052.4876
2021-08-17,6894.4042
2021-08-18,6941.0080000000025
2021-08-19,6947.0564
2021-08-20,6920.0248
2021-08-23,7024.5647
2021-08-24,7090.7817
2021-08-25,7153.0043
2021-08-26,7118.8442
2021-08-27,7180.1088
2021-08-30,7226.8823
2021-08-31,7255.3418
2021-09-01,7193.1
2021-09-02,7307.0084
2021-09-03,7278.6809
2021-09-06,7355.4013
2021-09-07,7498.9255
2021-09-08,7544.0411
2021-09-09,7617.4505
2021-09-10,7607.6749
2021-09-13,7648.7481
2021-09-14,7556.6157
2021-09-15,7592.3059
2021-09-16,7446.9353
2021-09-17,7395.5645
2021-09-22,7453.6247
2021-09-23,7502.8391
2021-09-24,7380.3843
2021-09-27,7170.5899
2021-09-28,7198.8966
2021-09-29,7010.2192
2021-09-30,7103.6076
2021-10-08,7091.3356
2021-10-11,7090.4673
2021-10-12,6952.1903
2021-10-13,6981.5947
2021-10-14,7008.3326
2021-10-15,7024.1596
2021-10-18,7068.1048
2021-10-19,7120.3794
2021-10-20,7118.7959
2021-10-21,7098.2542
2021-10-22,7026.0676
2021-10-25,7103.9856
2021-10-26,7102.4335
2021-10-27,7048.604
2021-10-28,6950.2768
2021-10-29,7022.4992
2021-11-01,7060.7559999999985
2021-11-02,6985.0998
2021-11-03,7017.8541
2021-11-04,7073.8522
2021-11-05,6991.9077
2021-11-08,7026.9715
2021-11-09,7081.7539
2021-11-10,7062.3313
2021-11-11,7119.8589
2021-11-12,7156.6127
2021-11-15,7098.2129
2021-11-16,7045.9387
2021-11-17,7104.5344
2021-11-18,7084.6827
2021-11-19,7169.8759
2021-11-22,7255.0736
2021-11-23,7261.3791
2021-11-24,7256.1117
2021-11-25,7233.5423
2021-11-26,7219.8622
2021-11-29,7221.8978
2021-11-30,7252.7552
2021-12-01,7272.836999999998
2021-12-02,7229.988
2021-12-03,7301.9173
2021-12-06,7240.4558
2021-12-07,7206.8257
2021-12-08,7302.9905
2021-12-09,7320.3177
2021-12-10,7306.646
2021-12-13,7353.0306
2021-12-14,7324.1331
2021-12-15,7314.2586
2021-12-16,7380.9974
2021-12-17,7314.5601
2021-12-20,7195.9732
2021-12-21,7275.4675
2021-12-22,7302.4630000000025
2021-12-23,7337.19
2021-12-24,7278.7556
2021-12-27,7272.7493
2021-12-28,7286.0336
2021-12-29,7247.7741
2021-12-30,7310.96
2021-12-31,7359.4024
2022-01-04,7354.4562
2022-01-05,7222.6747
2022-01-06,7229.9601
2022-01-07,7175.6759999999995
2022-01-10,7191.4511
2022-01-11,7135.2232
2022-01-12,7196.9327
2022-01-13,7097.7594
2022-01-14,7081.1408
2022-01-17,7157.8593
2022-01-18,7163.1586
2022-01-19,7118.762
2022-01-20,7056.7854
2022-01-21,6976.6155
2022-01-24,6979.2456
2022-01-25,6743.9566
2022-01-26,6782.5763
2022-01-27,6605.9159
2022-01-28,6580.53
2022-02-07,6676.6122
2022-02-08,6742.1921
2022-02-09,6843.0271
2022-02-10,6840.485
2022-02-11,6745.0235
2022-02-14,6695.6958
2022-02-15,6760.2776
2022-02-16,6772.0336
2022-02-17,6768.7888
2022-02-18,6835.0217
2022-02-21,6867.1129
2022-02-22,6784.7622
2022-02-23,6887.4236
2022-02-24,6764.8756
2022-02-25,6819.4311
2022-02-28,6853.3081
2022-03-01,6874.0447
2022-03-02,6875.2404
2022-03-03,6859.5522
2022-03-04,6803.8337
2022-03-07,6659.3902
2022-03-08,6429.8888
2022-03-09,6305.6093
2022-03-10,6414.9402
2022-03-11,6474.1269
2022-03-14,6323.5779
2022-03-15,5964.9813
2022-03-16,6156.2714
2022-03-17,6267.5244
2022-03-18,6332.2166
2022-03-21,6358.943
2022-03-22,6358.1093
2022-03-23,6398.1009
2022-03-24,6344.115
2022-03-25,6268.2376
2022-03-28,6283.2814
2022-03-29,6253.0692
2022-03-30,6377.8744
2022-03-31,6324.9609
2022-04-01,6364.5206
2022-04-06,6356.9271
2022-04-07,6221.5908
2022-04-08,6224.1167
2022-04-11,6029.8935
2022-04-12,6126.9065
2022-04-13,6044.3263
2022-04-14,6126.4902
2022-04-15,6070.7489
2022-04-18,6074.0069
2022-04-19,6092.3963
2022-04-20,5956.9208
2022-04-21,5759.8013
2022-04-22,5740.9844
2022-04-25,5369.7171
2022-04-26,5234.0059
2022-04-27,5437.0374
2022-04-28,5418.7641
2022-04-29,5627.9021
2022-05-05,5686.7023
2022-05-06,5563.7693
2022-05-09,5608.5162
2022-05-10,5690.0868
2022-05-11,5737.8173
2022-05-12,5743.1007
2022-05-13,5796.8014
2022-05-16,5791.0809
2022-05-17,5816.3379
2022-05-18,5797.4896
2022-05-19,5838.4074
2022-05-20,5929.4882
2022-05-23,5965.7277
2022-05-24,5745.6751
2022-05-25,5844.2546
2022-05-26,5911.5607
2022-05-27,5899.915
2022-05-30,5942.8317
2022-05-31,6026.2373
2022-06-01,6023.644
2022-06-02,6078.4349
2022-06-06,6187.4441
2022-06-07,6186.5672
2022-06-08,6217.8276
2022-06-09,6130.6862
2022-06-10,6240.1032
2022-06-13,6233.6194
2022-06-14,6275.5652
2022-06-15,6261.0613
2022-06-16,6264.821999999999
2022-06-17,6316.3092
2022-06-20,6330.3942
2022-06-21,6277.0014
2022-06-22,6179.57
2022-06-23,6300.4746
2022-06-24,6368.2827
2022-06-27,6407.7447
2022-06-28,6501.352
2022-06-29,6374.2974
2022-06-30,6454.0778
2022-07-01,6438.5375
2022-07-04,6523.1311
2022-07-05,6511.5297
2022-07-06,6418.5453
2022-07-07,6452.9863
2022-07-08,6404.4393
2022-07-11,6319.1402
2022-07-12,6241.4793
2022-07-13,6268.4943
2022-07-14,6302.4319
2022-07-15,6196.7999
2022-07-18,6312.3557
2022-07-19,6335.7093
2022-07-20,6410.7088
2022-07-21,6347.5984
2022-07-22,6289.5325
2022-07-25,6231.2355
2022-07-26,6307.956
2022-07-27,6332.2327
2022-07-28,6348.1655
2022-07-29,6294.1144
2022-08-01,6347.2211
2022-08-02,6169.9961
2022-08-03,6124.3146
2022-08-04,6158.7346
2022-08-05,6270.5113
2022-08-08,6323.0746
2022-08-09,6341.4806
2022-08-10,6322.0558
2022-08-11,6439.3586
2022-08-12,6420.853
2022-08-15,6442.8093
2022-08-16,6465.1866
2022-08-17,6493.5047
2022-08-18,6468.8056
2022-08-19,6391.7159
2022-08-22,6472.6799
2022-08-23,6466.4045
2022-08-24,6284.5769
2022-08-25,6322.6961
2022-08-26,6298.3739
2022-08-29,6310.401999999999
2022-08-30,6285.9273
2022-08-31,6155.7455
2022-09-01,6126.7685
2022-09-02,6149.4273
2022-09-05,6182.6465
2022-09-06,6291.5707
2022-09-07,6301.5644
2022-09-08,6272.5752
2022-09-09,6316.9724
2022-09-13,6300.422
2022-09-14,6249.9630000000025
2022-09-15,6107.7964
2022-09-16,5954.5037
2022-09-19,5913.1493
2022-09-20,5958.2922
2022-09-21,5978.581
2022-09-22,5965.8854
2022-09-23,5889.6019
2022-09-26,5806.3181
2022-09-27,5920.0531
2022-09-28,5769.5198
2022-09-29,5771.8812
2022-09-30,5714.0629
2022-10-10,5635.7109
2022-10-11,5684.5063
2022-10-12,5820.4537
2022-10-13,5830.3355
2022-10-14,5973.4389
2022-10-17,6015.5963
2022-10-18,6035.6737
2022-10-19,5972.7226
2022-10-20,5948.8621
2022-10-21,5956.8811
2022-10-24,5896.9031
2022-10-25,5869.781
2022-10-26,5971.6009
2022-10-27,5963.0037
2022-10-28,5781.7972
2022-10-31,5807.1063
2022-11-01,5941.1451
2022-11-02,5997.8038
2022-11-03,5996.7187
2022-11-04,6133.4629
2022-11-07,6141.4088
2022-11-08,6134.2564
2022-11-09,6120.8286
2022-11-10,6089.6951
2022-11-11,6138.6211
2022-11-14,6129.5129
2022-11-15,6236.3838
2022-11-16,6203.9174
2022-11-17,6217.2052
2022-11-18,6191.6477
2022-11-21,6189.7092
2022-11-22,6125.3999
2022-11-23,6115.6049
2022-11-24,6120.0659
2022-11-25,6087.8591
2022-11-28,6055.2843
2022-11-29,6163.8214
2022-11-30,6156.1465
2022-12-01,6186.1021
2022-12-02,6168.0127
2022-12-05,6215.1244
2022-12-06,6211.2515
2022-12-07,6204.0051
2022-12-08,6186.2835
2022-12-09,6192.3009
2022-12-12,6154.8092
2022-12-13,6121.6615
2022-12-14,6096.3856
2022-12-15,6101.8787
2022-12-16,6072.8627
2022-12-19,5936.4751
2022-12-20,5878.0314
2022-12-21,5845.835
2022-12-22,5779.0555
2022-12-23,5763.3458
2022-12-26,5843.2555
2022-12-27,5885.6622
2022-12-28,5862.0967
2022-12-29,5857.4021
2022-12-30,5864.4669
2023-01-03,5955.8969
2023-01-04,5952.4538
2023-01-05,6010.4641
2023-01-06,6012.8152
2023-01-09,6040.0193
2023-01-10,6048.2968
2023-01-11,6014.1565
2023-01-12,6015.2871
2023-01-13,6057.6902
2023-01-16,6126.1772
2023-01-17,6132.6391
2023-01-18,6151.4557
2023-01-19,6204.3261
2023-01-20,6251.4337
2023-01-30,6283.3272
2023-01-31,6289.15
2023-02-01,6365.9051
2023-02-02,6370.1411
2023-02-03,6343.6861
2023-02-06,6302.3349
2023-02-07,6317.2377
2023-02-08,6268.2759
2023-02-09,6354.562
2023-02-10,6334.2519999999995
2023-02-13,6383.8279
2023-02-14,6397.2146
2023-02-15,6384.3479
2023-02-16,6289.4786
2023-02-17,6237.4053
2023-02-20,6346.0678
2023-02-21,6383.4248
2023-02-22,6375.0684
2023-02-23,6360.3202
2023-02-24,6340.8435
2023-02-27,6307.2057
2023-02-28,6357.5352
2023-03-01,6402.1411
2023-03-02,6382.2322
2023-03-03,6390.3177
2023-03-06,6395.2191
2023-03-07,6284.2986
2023-03-08,6301.5157
2023-03-09,6285.9521
2023-03-10,6204.8989
2023-03-13,6245.0029
2023-03-14,6189.3969
2023-03-15,6224.64
2023-03-16,6140.8317
2023-03-17,6183.1843
2023-03-20,6160.3541
2023-03-21,6234.6793
2023-03-22,6269.7384
2023-03-23,6305.7585
2023-03-24,6310.0979
2023-03-27,6311.5998
2023-03-28,6279.9217
2023-03-29,6260.5509999999995
2023-03-30,6286.1773
2023-03-31,6339.8183
2023-04-03,6413.8073
2023-04-04,6408.8994
2023-04-06,6416.8456
2023-04-07,6464.4664
2023-04-10,6410.5218
2023-04-11,6420.8769999999995
2023-04-12,6443.4391
2023-04-13,6404.6463
2023-04-14,6431.0688
2023-04-17,6459.2396
2023-04-18,6449.8531
2023-04-19,6416.9696
2023-04-20,6411.7564
2023-04-21,6250.5446
2023-04-24,6208.7797
2023-04-25,6118.1526
2023-04-26,6142.1541
2023-04-27,6157.936
2023-04-28,6241.2441
2023-05-04,6262.3891
2023-05-05,6200.5759
2023-05-08,6248.5828
2023-05-09,6181.9757
2023-05-10,6173.8093
2023-05-11,6154.4703
2023-05-12,6091.6464
2023-05-15,6159.3888
2023-05-16,6110.8271
2023-05-17,6122.0518
2023-05-18,6128.1762
2023-05-19,6117.0833
2023-05-22,6115.3151
2023-05-23,6052.4297
2023-05-24,6005.7913
2023-05-25,5988.1885
2023-05-26,6034.9834
2023-05-29,6025.1552
2023-05-30,6061.3089
2023-05-31,6047.8021
2023-06-01,6051.4603
2023-06-02,6105.2181
2023-06-05,6097.1059
2023-06-06,5983.4202
2023-06-07,5987.0109999999995
2023-06-08,5966.1477
2023-06-09,6009.5826
2023-06-12,6027.7122
2023-06-13,6044.0371
2023-06-14,6044.0766
2023-06-15,6096.8075
2023-06-16,6148.0125
2023-06-19,6131.3849
2023-06-20,6126.1133
2023-06-21,5990.8455
2023-06-26,5887.0324
2023-06-27,5948.0029
2023-06-28,5942.3112
2023-06-29,5940.5782
2023-06-30,5998.7293
2023-07-03,6042.3122
2023-07-04,6055.2577
2023-07-05,6020.8212
2023-07-06,5988.5525
2023-07-07,5961.6057
2023-07-10,5984.2814
2023-07-11,6029.2318
2023-07-12,5962.7938
2023-07-13,6044.0583
2023-07-14,6030.5188
2023-07-17,6012.6895
2023-07-18,6001.7998
2023-07-19,5993.4126
2023-07-20,5925.4843
2023-07-21,5925.6255
2023-07-24,5916.7141
2023-07-25,6016.6312
2023-07-26,6001.5402
2023-07-27,5961.1843
2023-07-28,6043.2438
2023-07-31,6088.2431
2023-08-01,6098.8789
2023-08-02,6077.4645
2023-08-03,6098.6868
2023-08-04,6128.556
2023-08-07,6090.7307
2023-08-08,6066.1019
2023-08-09,6021.7506
2023-08-10,6031.7105
2023-08-11,5913.3502
2023-08-14,5916.8029
2023-08-15,5879.7782
2023-08-16,5833.2155
2023-08-17,5874.3609
2023-08-18,5777.7972
2023-08-21,5710.7783
2023-08-22,5741.0606
2023-08-23,5629.4999
2023-08-24,5652.6729
2023-08-25,5581.2116
2023-08-28,5644.1405
2023-08-29,5770.3155
2023-08-30,5775.1534
2023-08-31,5739.3984
2023-09-01,5750.8027
2023-09-04,5829.784000000002
2023-09-05,5788.7149
2023-09-06,5790.3806
2023-09-07,5702.7008
2023-09-08,5708.6227
2023-09-11,5774.7305
2023-09-12,5770.9259
2023-09-13,5715.3973
2023-09-14,5702.102
2023-09-15,5704.6632
2023-09-18,5719.6887
2023-09-19,5687.9007
2023-09-20,5651.0062
2023-09-21,5611.9186
2023-09-22,5698.8168
2023-09-25,5666.6642
2023-09-26,5646.6544
2023-09-27,5674.3451
2023-09-28,5690.7697
2023-10-09,5658.0832
2023-10-10,5630.3714
2023-10-11,5629.7886
2023-10-12,5671.6419
2023-10-13,5633.3831
2023-10-16,5580.6666
2023-10-17,5595.3423
2023-10-18,5524.5988
2023-10-19,5464.026999999999
2023-10-20,5423.6748
2023-10-23,5290.3343
2023-10-24,5352.0123
2023-10-25,5375.9983
2023-10-26,5398.934
2023-10-27,5492.0274
2023-10-30,5546.3881
2023-10-31,5528.2385
2023-11-01,5509.9662
2023-11-02,5459.4517
2023-11-03,5510.357
2023-11-06,5605.0621
2023-11-07,5611.0983
2023-11-08,5608.0173
2023-11-09,5592.0568
2023-11-10,5573.0999
2023-11-13,5605.5688
2023-11-14,5630.5534
2023-11-15,5664.6169999999975
2023-11-16,5609.3607
2023-11-17,5631.4233
2023-11-20,5659.7727
2023-11-21,5641.0844
2023-11-22,5572.8986
2023-11-23,5622.9891
2023-11-24,5570.4205
2023-11-27,5566.5069
2023-11-28,5591.4955
2023-11-29,5553.3349
2023-11-30,5545.0504
2023-12-01,5566.8689
2023-12-04,5559.0682
2023-12-05,5460.4088
2023-12-06,5481.824000000001
2023-12-07,5481.1355
2023-12-08,5497.9897
2023-12-11,5564.8538
2023-12-12,5566.1778
2023-12-13,5507.5128
2023-12-14,5489.3267
2023-12-15,5449.7864
2023-12-18,5385.2702
2023-12-19,5379.8735
2023-12-20,5309.2865
2023-12-21,5338.762
2023-12-22,5311.6902
2023-12-25,5315.3746
2023-12-26,5258.2841
2023-12-27,5285.5301
2023-12-28,5382.7966
2023-12-29,5429.2288
2024-01-02,5409.4554
2024-01-03,5401.395
2024-01-04,5355.3216
2024-01-05,5281.8711
2024-01-08,5167.6997
2024-01-09,5180.653
2024-01-10,5158.0784
2024-01-11,5223.8633
2024-01-12,5206.178
2024-01-15,5193.2956
2024-01-16,5190.3975
2024-01-17,5061.5395
2024-01-18,5066.9579
2024-01-19,5018.4332
2024-01-22,4780.9748
2024-01-23,4865.7429999999995
2024-01-24,4933.7009
2024-01-25,5073.1779
2024-01-26,5027.0932
2024-01-29,4927.9137
2024-01-30,4814.9908
2024-01-31,4696.9796
2024-02-01,4678.7308
2024-02-02,4563.2221
2024-02-05,4460.2635
2024-02-06,4805.9013
2024-02-07,5109.5685
2024-02-08,5150.2288
2024-02-19,5141.6037
2024-02-20,5140.9575
2024-02-21,5139.0372
2024-02-22,5176.3431
2024-02-23,5197.7115
2024-02-26,5195.4642
2024-02-27,5307.8043
2024-02-28,5184.0471
2024-02-29,5346.7929
2024-03-01,5379.0482
2024-03-04,5388.82
2024-03-05,5351.8268
2024-03-06,5350.1016
2024-03-07,5277.2988
2024-03-08,5349.595
2024-03-11,5441.0507
2024-03-12,5423.7183
2024-03-13,5415.1126
2024-03-14,5392.9267
2024-03-15,5454.1463
2024-03-18,5528.446999999999
2024-03-19,5478.2248
2024-03-20,5493.414000000002
2024-03-21,5465.8286
2024-03-22,5384.5656
2024-03-25,5294.7463
2024-03-26,5284.4188
2024-03-27,5156.684
2024-03-28,5223.806
2024-03-29,5286.1612
2024-04-01,5401.2249
2024-04-02,5381.2291
2024-04-03,5374.5954
2024-04-08,5298.5912
2024-04-09,5342.8982
2024-04-10,5275.4727
2024-04-11,5301.8094
2024-04-12,5277.219
2024-04-15,5339.7223
2024-04-16,5191.554
2024-04-17,5339.7467
2024-04-18,5349.8361
2024-04-19,5314.8667
2024-04-22,5267.5811
2024-04-23,5208.2712
2024-04-24,5263.0391
2024-04-25,5259.3354
2024-04-26,5372.1209
2024-04-29,5478.4908
2024-04-30,5441.1411
2024-05-06,5528.6036
2024-05-07,5527.0847
2024-05-08,5458.7559
2024-05-09,5556.7712
2024-05-10,5535.3954
2024-05-13,5505.2595
2024-05-14,5500.7379
2024-05-15,5446.6557
2024-05-16,5424.6652
2024-05-17,5491.8944
2024-05-20,5523.5013
2024-05-21,5478.9131
2024-05-22,5468.6068
2024-05-23,5362.3053
2024-05-24,5313.4546
2024-05-27,5371.3693
2024-05-28,5316.1286
2024-05-29,5328.3064
2024-05-30,5308.66
2024-05-31,5308.5403
2024-06-03,5274.0687
2024-06-04,5341.9496
2024-06-05,5277.9405
2024-06-06,5228.8002
2024-06-07,5208.9798
2024-06-11,5217.4702
2024-06-12,5232.9534
2024-06-13,5194.59
2024-06-14,5213.0927
2024-06-17,5207.128
2024-06-18,5230.8913
2024-06-19,5168.8204
2024-06-20,5094.5653
2024-06-21,5102.3292
2024-06-24,4992.9097
2024-06-25,4948.6343
2024-06-26,5020.4318
2024-06-27,4928.0514
2024-06-28,4942.7817
2024-07-01,5003.1608
2024-07-02,4949.4771
2024-07-03,4910.9245
2024-07-04,4834.4982
2024-07-05,4866.2647
2024-07-08,4783.6165
2024-07-09,4876.899
2024-07-10,4844.1624
2024-07-11,4939.7318
2024-07-12,4919.3639
2024-07-15,4883.8971
2024-07-16,4898.3626
2024-07-17,4856.5794
2024-07-18,4877.6916
2024-07-19,4872.0532
2024-07-22,4865.9778
2024-07-23,4722.7994
2024-07-24,4668.0621
2024-07-25,4665.4488
2024-07-26,4736.3771
2024-07-29,4708.8443
2024-07-30,4699.282
2024-07-31,4886.4136
2024-08-01,4852.9725
2024-08-02,4788.6159
2024-08-05,4693.8478
2024-08-06,4750.776
2024-08-07,4751.9408
2024-08-08,4755.8149
2024-08-09,4720.3104
2024-08-12,4714.1586
2024-08-13,4731.8353
2024-08-14,4667.0731
2024-08-15,4698.375
2024-08-16,4670.3789
2024-08-19,4682.9628
2024-08-20,4602.0095
2024-08-21,4587.1218
2024-08-22,4533.3695
2024-08-23,4537.0872
2024-08-26,4544.3594
2024-08-27,4495.2856
2024-08-28,4500.0088
2024-08-29,4557.9006
2024-08-30,4639.1144
2024-09-02,4546.8832
2024-09-03,4596.4819
2024-09-04,4582.084
2024-09-05,4601.0911
2024-09-06,4537.4544
2024-09-09,4507.1866
2024-09-10,4507.7074
2024-09-11,4514.9158
2024-09-12,4496.5919
2024-09-13,4450.9587
2024-09-18,4462.8701
2024-09-19,4520.3939
2024-09-20,4498.3901
2024-09-23,4494.6878
2024-09-24,4689.5964
2024-09-25,4731.4755
2024-09-26,4938.1839
2024-09-27,5201.6656
2024-09-30,5743.217
2024-10-08,6155.5817
2024-10-09,5735.641
2024-10-10,5690.8822
2024-10-11,5470.8133
2024-10-14,5608.153
2024-10-15,5472.56
2024-10-16,5461.0877
2024-10-17,5418.9883
2024-10-18,5640.0198
2024-10-21,5704.225
2024-10-22,5753.8497
2024-10-23,5776.3830000000025
2024-10-24,5726.7041
2024-10-25,5809.6879
2024-10-28,5883.7203
2024-10-29,5812.5286
2024-10-30,5837.9338
2024-10-31,5901.2904
2024-11-01,5831.8217
2024-11-04,5928.9085
2024-11-05,6111.9707
2024-11-06,6125.7868
2024-11-07,6239.5598
2024-11-08,6222.445
2024-11-11,6330.6152
2024-11-12,6263.8830000000025
2024-11-13,6259.8412
2024-11-14,6078.3051
2024-11-15,5924.4834
2024-11-18,5833.0358
2024-11-19,5936.6015
2024-11-20,5992.3904
2024-11-21,5985.3128
2024-11-22,5750.2457
2024-11-25,5735.6493
2024-11-26,5690.4792
2024-11-27,5804.9368
2024-11-28,5757.5965
2024-11-29,5851.9385
2024-12-02,5943.6245
2024-12-03,5932.1207
2024-12-04,5879.2695
2024-12-05,5901.9859
2024-12-06,5979.196999999999
2024-12-09,5947.1089
2024-12-10,5992.0937
2024-12-11,6047.105
2024-12-12,6100.3945
2024-12-13,5988.2919999999995
2024-12-16,5912.6014
2024-12-17,5848.1628
2024-12-18,5888.6162
2024-12-19,5901.9155
2024-12-20,5917.1751
2024-12-23,5818.5509999999995
2024-12-24,5895.2595
2024-12-25,5840.2889
2024-12-26,5887.0605
2024-12-27,5899.1665
2024-12-30,5898.884
2024-12-31,5725.7324
2025-01-02,5545.8174
2025-01-03,5427.8041
2025-01-06,5427.1007
2025-01-07,5484.6847
2025-01-08,5461.5861
2025-01-09,5456.5863
2025-01-10,5369.2811
2025-01-13,5381.6974
2025-01-14,5572.2722
2025-01-15,5522.459
2025-01-16,5545.6336
2025-01-17,5587.2939
2025-01-20,5614.3311
2025-01-21,5633.9249
2025-01-22,5607.0594
2025-01-23,5584.2548
2025-01-24,5649.9504
2025-01-27,5589.3432
2025-02-05,5614.3872
2025-02-06,5747.9012
2025-02-07,5833.9883
2025-02-10,5888.5509
2025-02-11,5858.2805
2025-02-12,5940.5299
2025-02-13,5898.2611
2025-02-14,5947.7959999999985
2025-02-17,5948.7197
2025-02-18,5840.7112
2025-02-19,5943.8823
2025-02-20,5957.5465
2025-02-21,6057.0648
2025-02-24,6044.973000000001
2025-02-25,5979.9653
2025-02-26,6051.7401
2025-02-27,6028.9856
2025-02-28,5859.8708
2025-03-03,5885.7696
2025-03-04,5937.6302
2025-03-05,5950.7034
2025-03-06,6047.7734
2025-03-07,6013.7747
2025-03-10,6013.6191
2025-03-11,6044.9742
2025-03-12,6040.4965
2025-03-13,5993.967
2025-03-14,6099.9809
2025-03-17,6108.0176
2025-03-18,6133.3018
2025-03-19,6101.4369
2025-03-20,6059.4859
2025-03-21,5971.9302
2025-03-24,5969.0789
2025-03-25,5946.951
2025-03-26,5948.4986
2025-03-27,5957.6017
2025-03-28,5916.0314
2025-03-31,5857.7721
2025-04-01,5892.8502
2025-04-02,5899.0865
2025-04-03,5845.5045
2025-04-07,5287.0333
2025-04-08,5326.914000000002
2025-04-09,5439.7716
2025-04-10,5544.0646
2025-04-11,5581.3184
2025-04-14,5627.1375
2025-04-15,5602.534000000002
2025-04-16,5556.8642
2025-04-17,5557.0105
2025-04-18,5560.7207
2025-04-21,5642.3805
2025-04-22,5624.209
2025-04-23,5634.9487
2025-04-24,5605.8796
2025-04-25,5627.1804
2025-04-28,5598.2951
2025-04-29,5604.9057
2025-04-30,5631.8249
2025-05-06,5740.3338
2025-05-07,5750.2911
2025-05-08,5773.8056
2025-05-09,5721.7225
2025-05-12,5793.6743
2025-05-13,5781.6683
2025-05-14,5799.1191
2025-05-15,5715.2966
2025-05-16,5715.8491
2025-05-19,5720.7949
2025-05-20,5747.3669999999975
2025-05-21,5757.9225
2025-05-22,5703.2797
2025-05-23,5653.0436
2025-05-26,5669.4609
2025-05-27,5652.1454
2025-05-28,5637.2378
2025-05-29,5719.9101
2025-05-30,5671.0723
2025-06-03,5694.8385
2025-06-04,5739.0058
2025-06-05,5769.9675
2025-06-06,5762.0778
2025-06-09,5805.6543
2025-06-10,5757.9921
2025-06-11,5792.9464
2025-06-12,5799.9319
2025-06-13,5740.2397
2025-06-16,5767.8083
2025-06-17,5750.9122
2025-06-18,5745.8714
2025-06-19,5676.8317
2025-06-20,5639.513000000001
2025-06-23,5674.1704
2025-06-24,5765.8373
2025-06-25,5862.5529
2025-06-26,5838.2454
2025-06-27,5863.7282
2025-06-30,5915.3876
2025-07-01,5934.67
2025-07-02,5892.9505
2025-07-03,5922.66
2025-07-04,5911.4352
2025-07-07,5900.4056
2025-07-08,5977.7437
2025-07-09,5953.4871
2025-07-10,5983.0505
2025-07-11,6027.0789
2025-07-14,6020.8585
2025-07-15,6018.7583
2025-07-16,6017.1947
2025-07-17,6082.4644
2025-07-18,6099.6104
2025-07-21,6161.3086
2025-07-22,6213.4072
2025-07-23,6196.7577
2025-07-24,6293.5984
2025-07-25,6299.5908
2025-07-28,6323.4198
2025-07-29,6356.1327
2025-07-30,6314.6873
2025-07-31,6226.3432
2025-08-01,6213.2014
2025-08-04,6261.7313
2025-08-05,6303.2359
2025-08-06,6357.3769
2025-08-07,6337.5425
2025-08-08,6323.4999
2025-08-11,6391.7595
2025-08-12,6418.1595
2025-08-13,6508.0978
2025-08-14,6429.8462
2025-08-15,6568.57
2025-08-18,6668.1726
2025-08-19,6655.3105
2025-08-20,6728.0692
2025-08-21,6704.1657
2025-08-22,6822.8469
2025-08-25,6951.8955
2025-08-26,6964.0653
2025-08-27,6862.5624
2025-08-28,7011.1602
2025-08-29,7043.9416
2025-09-01,7110.2882
2025-09-02,6961.6894
2025-09-03,6868.4615
2025-09-04,6698.4474
2025-09-05,6913.9532
2025-09-08,6992.1169
2025-09-09,6928.9651
2025-09-10,6932.1092
2025-09-11,7122.7051
2025-09-12,7147.7489
2025-09-15,7137.3627
2025-09-16,7190.9928
2025-09-17,7260.0353
2025-09-18,7199.8828
2025-09-19,7170.3488
2025-09-22,7225.1281
2025-09-23,7180.7137
2025-09-24,7323.7093
2025-09-25,7341.3238
2025-09-26,7240.9114
2025-09-29,7350.5599
2025-09-30,7412.3684
2025-10-09,7548.9226
2025-10-10,7398.2241
2025-10-13,7376.5636
2025-10-14,7194.8509
2025-10-15,7294.0014
2025-10-16,7231.5336
2025-10-17,7016.0661
2025-10-20,7069.6412
2025-10-21,7185.624
2025-10-22,7128.4776
2025-10-23,7142.9536
2025-10-24,7258.5343
2025-10-27,7379.3941
2025-10-28,7341.0304
2025-10-29,7480.9666
2025-10-30,7385.7109
2025-10-31,7331.0031
2025-11-03,7333.6013
2025-11-04,7210.8253
2025-11-05,7229.340999999998
2025-11-06,7345.723000000001
2025-11-07,7327.9108
2025-11-10,7343.8017
2025-11-11,7291.6084
2025-11-12,7243.2483
2025-11-13,7355.2911
2025-11-14,7235.4617
2025-11-17,7235.3512
2025-11-18,7151.0176
2025-11-19,7122.7465
2025-11-20,7061.9497
2025-11-21,6817.4103
2025-11-24,6868.9664
2025-11-25,6954.6034
2025-11-26,6965.0453
2025-11-27,6951.2844
2025-11-28,7031.5505
2025-12-01,7101.8323
2025-12-02,7040.3008
2025-12-03,6996.3552
2025-12-04,7012.8061
2025-12-05,7097.8389
2025-12-08,7172.3671
2025-12-09,7121.3256
2025-12-10,7155.9944
2025-12-11,7082.8932
2025-12-12,7169.791
2025-12-15,7113.9619999999995
2025-12-16,7001.3188
2025-12-17,7137.8339
2025-12-18,7100.8359
2025-12-19,7169.5511
2025-12-22,7255.6607
2025-12-23,7256.7864
2025-12-24,7352.0396
2025-12-25,7410.7119
2025-12-26,7458.8386
2025-12-29,7430.6147
2025-12-30,7458.936
2025-12-31,7465.5742
2026-01-05,7651.1981
2026-01-06,7814.1356
2026-01-07,7875.0822
2026-01-08,7894.5447
2026-01-09,8056.6858
2026-01-12,8249.1275
2026-01-13,8143.28
2026-01-14,8227.697
2026-01-15,8223.2683
2026-01-16,8232.674
2026-01-19,8287.947
2026-01-20,8247.8049
2026-01-21,8340.1133
2026-01-22,8387.595
2026-01-23,8590.1659
2026-01-26,8506.6932
2026-01-27,8548.9321
2026-01-28,8601.1644
2026-01-29,8517.8429
2026-01-30,8370.5203
2026-02-02,8037.0456
2026-02-03,8286.7005
2026-02-04,8299.0574
2026-02-05,8146.1073
2026-02-06,8146.4128
2026-02-09,8311.2829
2026-02-10,8306.4448
2026-02-11,8325.8107
2026-02-12,8423.5695
2026-02-13,8299.585
2026-02-24,8392.9098
2026-02-25,8527.5593
2026-02-26,8557.216
2026-02-27,8658.4503
2026-03-02,8658.3336
2026-03-03,8281.6139
2026-03-04,8248.945
2026-03-05,8309.1713
2026-03-06,8360.3347
2026-03-09,8279.4811
2026-03-10,8410.303
2026-03-11,8403.3296
2026-03-12,8359.4721
2026-03-13,8239.798
2026-03-16,8185.151999999999
2026-03-17,8016.0262
2026-03-18,8096.4276
2026-03-19,7877.09
2026-03-20,7760.0365
2026-03-23,7440.7451
2026-03-24,7597.3732
2026-03-25,7767.6654
2026-03-26,7642.1302
2026-03-27,7737.6144
2026-03-30,7753.7234
2026-03-31,7617.3262
2026-04-01,7750.0924
2026-04-02,7605.2932
2026-04-03,7534.938
2026-04-07,7571.1106
2026-04-08,7945.1527
2026-04-09,7898.6329
