,pe_ttm
2015-01-05,37.915401
2015-01-06,38.302502
2015-01-07,38.354801
2015-01-08,38.098999
2015-01-09,37.878399
2015-01-12,37.322601
2015-01-13,37.830002
2015-01-14,37.6269
2015-01-15,38.161999
2015-01-16,38.666199
2015-01-19,37.013699
2015-01-20,38.329399
2015-01-21,39.312698
2015-01-22,39.844799
2015-01-23,39.477001
2015-01-26,40.337898
2015-01-27,40.465599
2015-01-28,40.1964
2015-01-29,39.936798
2015-01-30,39.4762
2015-02-02,39.346802
2015-02-03,40.0434
2015-02-04,39.932701
2015-02-05,39.744499
2015-02-06,38.902802
2015-02-09,38.689899
2015-02-10,39.2593
2015-02-11,39.732498
2015-02-12,40.0219
2015-02-13,40.557701
2015-02-16,41.177799
2015-02-17,41.230801
2015-02-25,41.184898
2015-02-26,41.612099
2015-02-27,41.877399
2015-03-02,42.8339
2015-03-03,42.7108
2015-03-04,43.3325
2015-03-05,43.319901
2015-03-06,42.822102
2015-03-09,43.376801
2015-03-10,43.781799
2015-03-11,43.630402
2015-03-12,43.653702
2015-03-13,43.9958
2015-03-16,45.203201
2015-03-17,45.985298
2015-03-18,46.829102
2015-03-19,47.161598
2015-03-20,47.919399
2015-03-23,49.226501
2015-03-24,48.854599
2015-03-25,49.330399
2015-03-26,49.016399
2015-03-27,49.7206
2015-03-30,49.801899
2015-03-31,50.072498
2015-04-01,51.3946
2015-04-02,52.347698
2015-04-03,53.232201
2015-04-07,54.4664
2015-04-08,54.081501
2015-04-09,53.6441
2015-04-10,55.192001
2015-04-13,56.4459
2015-04-14,56.458401
2015-04-15,53.984001
2015-04-16,54.50630200000001
2015-04-17,55.1665
2015-04-20,54.181198
2015-04-21,56.02920200000001
2015-04-22,56.876999
2015-04-23,57.916302
2015-04-24,58.6423
2015-04-27,59.285301
2015-04-28,57.526402
2015-04-29,59.4529
2015-04-30,60.838902
2015-05-04,61.235699
2015-05-05,58.9865
2015-05-06,58.062599
2015-05-07,56.735001
2015-05-08,58.8283
2015-05-11,61.344002
2015-05-12,62.690899
2015-05-13,63.2425
2015-05-14,63.295399
2015-05-15,62.815899
2015-05-18,63.975399
2015-05-19,65.624802
2015-05-20,66.776802
2015-05-21,69.269997
2015-05-22,70.496498
2015-05-25,72.375
2015-05-26,74.705704
2015-05-27,75.565598
2015-05-28,71.014198
2015-05-29,71.725998
2015-06-01,75.46970400000002
2015-06-02,78.301903
2015-06-03,78.83429699999998
2015-06-04,78.679901
2015-06-05,80.128304
2015-06-08,79.51080300000002
2015-06-09,79.351997
2015-06-10,80.676804
2015-06-11,81.7911
2015-06-12,83.241096
2015-06-15,78.540398
2015-06-16,75.404701
2015-06-17,76.949097
2015-06-18,74.36239599999998
2015-06-19,69.1996
2015-06-23,69.68710300000001
2015-06-24,71.309097
2015-06-25,68.801102
2015-06-26,62.978901
2015-06-29,58.899899
2015-06-30,61.8423
2015-07-01,58.382198
2015-07-02,54.340199
2015-07-03,50.978699
2015-07-06,50.297001
2015-07-07,46.940201
2015-07-08,45.931499
2015-07-09,48.061001
2015-07-10,50.5429
2015-07-13,53.787899
2015-07-14,54.684502
2015-07-15,51.512402
2015-07-16,52.732601
2015-07-17,55.676998
2015-07-20,56.566299
2015-07-21,57.235802
2015-07-22,57.853802
2015-07-23,59.481899
2015-07-24,58.691898
2015-07-27,54.305901
2015-07-28,53.376202
2015-07-29,56.0425
2015-07-30,54.418098
2015-07-31,53.787899
2015-08-03,52.564499
2015-08-04,55.451801
2015-08-05,54.700298
2015-08-06,54.068298
2015-08-07,55.710999
2015-08-10,58.106602
2015-08-11,58.419601
2015-08-12,57.475201
2015-08-13,58.8293
2015-08-14,59.343399
2015-08-17,60.705898
2015-08-18,56.309101
2015-08-19,57.483101
2015-08-20,55.322399
2015-08-21,52.235802
2015-08-24,47.793701
2015-08-25,43.985001
2015-08-26,42.388699
2015-08-27,44.046902
2015-08-28,47.2985
2015-08-31,45.370899
2015-09-01,42.493999
2015-09-02,42.300499
2015-09-07,42.3866
2015-09-08,43.980598
2015-09-09,45.210701
2015-09-10,44.426498
2015-09-11,44.720501
2015-09-14,41.612499
2015-09-15,39.216
2015-09-16,41.890099
2015-09-17,41.021301
2015-09-18,41.498402
2015-09-21,42.9967
2015-09-22,43.378601
2015-09-23,42.876598
2015-09-24,43.51100200000001
2015-09-25,42.080502
2015-09-28,42.873798
2015-09-29,42.059898
2015-09-30,42.243301
2015-10-08,43.977798
2015-10-09,44.657101
2015-10-12,46.36780200000001
2015-10-13,46.988899
2015-10-14,46.460602
2015-10-15,48.0415
2015-10-16,49.087101
2015-10-19,49.101101
2015-10-20,49.915501
2015-10-21,46.848801
2015-10-22,48.443298
2015-10-23,49.705101
2015-10-26,50.306702
2015-10-27,50.7626
2015-10-28,50.4459
2015-10-29,50.482101
2015-10-30,50.311199
2015-11-02,49.492199
2015-11-03,49.393398
2015-11-04,51.852001
2015-11-05,51.937199
2015-11-06,53.1469
2015-11-09,53.895699
2015-11-10,54.079399
2015-11-11,54.882
2015-11-12,54.9076
2015-11-13,54.098099
2015-11-16,55.16490200000001
2015-11-17,54.6945
2015-11-18,53.8452
2015-11-19,55.211102
2015-11-20,55.821201
2015-11-23,55.396599
2015-11-24,55.801102
2015-11-25,56.687099
2015-11-26,56.3549
2015-11-27,52.798901
2015-11-30,53.0956
2015-12-01,53.401402
2015-12-02,53.141998
2015-12-03,54.302101
2015-12-04,53.8363
2015-12-07,54.512798
2015-12-08,53.100899
2015-12-09,52.878899
2015-12-10,52.697498
2015-12-11,52.322498
2015-12-14,52.9184
2015-12-15,53.323399
2015-12-16,53.716801
2015-12-17,55.059898
2015-12-18,54.944698
2015-12-21,55.595299
2015-12-22,56.062599
2015-12-23,55.4174
2015-12-24,55.255299
2015-12-25,55.548698
2015-12-28,54.237202
2015-12-29,54.8204
2015-12-30,55.2915
2015-12-31,54.530399
2016-01-04,50.004601
2016-01-05,49.359901
2016-01-06,50.553799
2016-01-07,46.236099
2016-01-08,47.0756
2016-01-11,43.935799
2016-01-12,43.9963
2016-01-13,42.4865
2016-01-14,43.9095
2016-01-15,42.281898
2016-01-18,42.578701
2016-01-19,44.1036
2016-01-20,43.696899
2016-01-21,41.933399
2016-01-22,42.659302
2016-01-25,43.1446
2016-01-26,39.9198
2016-01-27,39.4603
2016-01-28,37.7173
2016-01-29,39.024399
2016-02-01,38.613998
2016-02-02,39.9604
2016-02-03,40.053101
2016-02-04,40.860401
2016-02-05,40.437
2016-02-15,40.404301
2016-02-16,42.074799
2016-02-17,42.5672
2016-02-18,42.430698
2016-02-19,42.592701
2016-02-22,43.4767
2016-02-23,43.332298
2016-02-24,43.6194
2016-02-25,40.072399
2016-02-26,40.193001
2016-02-29,38.376202
2016-03-01,39.1847
2016-03-02,41.175701
2016-03-03,41.322201
2016-03-04,40.251801
2016-03-07,41.0406
2016-03-08,41.1147
2016-03-09,40.042801
2016-03-10,39.421101
2016-03-11,39.2897
2016-03-14,40.7024
2016-03-15,40.388401
2016-03-16,39.8218
2016-03-17,41.128101
2016-03-18,42.760399
2016-03-21,43.889999
2016-03-22,43.725101
2016-03-23,43.998501
2016-03-24,43.308201
2016-03-25,43.448299
2016-03-28,43.536201
2016-03-29,42.826599
2016-03-30,44.565498
2016-03-31,47.440899
2016-04-01,47.02920200000001
2016-04-05,48.344101
2016-04-06,48.6077
2016-04-07,47.952
2016-04-08,47.4687
2016-04-11,48.924999
2016-04-12,48.994999
2016-04-13,49.7005
2016-04-14,50.490101
2016-04-15,50.813999
2016-04-18,50.859798
2016-04-19,51.051201
2016-04-20,48.517899
2016-04-21,48.0173
2016-04-22,48.120098
2016-04-25,47.6623
2016-04-26,47.980701
2016-04-27,47.770199
2016-04-28,47.155201
2016-04-29,46.3508
2016-05-03,47.941299
2016-05-04,47.982399
2016-05-05,48.248699
2016-05-06,46.381699
2016-05-09,44.765701
2016-05-10,44.766399
2016-05-11,44.673
2016-05-12,44.727699
2016-05-13,44.636101
2016-05-16,45.3829
2016-05-17,45.188702
2016-05-18,43.953098
2016-05-19,44.387001
2016-05-20,44.924999
2016-05-23,45.501598
2016-05-24,44.959499
2016-05-25,44.810699
2016-05-26,44.959099
2016-05-27,45.012199
2016-05-30,44.766602
2016-05-31,46.598598
2016-06-01,46.7943
2016-06-02,47.087502
2016-06-03,47.253101
2016-06-06,47.401199
2016-06-07,47.356098
2016-06-08,47.209
2016-06-13,45.338001
2016-06-14,45.492001
2016-06-15,46.9454
2016-06-16,46.8102
2016-06-17,47.054401
2016-06-20,47.214001
2016-06-21,46.699799
2016-06-22,47.4491
2016-06-23,47.244202
2016-06-24,46.6828
2016-06-27,47.766499
2016-06-28,48.2593
2016-06-29,48.328098
2016-06-30,48.374599
2016-07-01,48.266102
2016-07-04,49.202
2016-07-05,49.5131
2016-07-06,49.742699
2016-07-07,49.977699
2016-07-08,49.861698
2016-07-11,49.983299
2016-07-12,50.627102
2016-07-13,51.041199
2016-07-14,51.028999
2016-07-15,50.8937
2016-07-18,50.676601
2016-07-19,50.785702
2016-07-20,50.656502
2016-07-21,50.644299
2016-07-22,50.240299
2016-07-25,50.327202
2016-07-26,50.976501
2016-07-27,48.917301
2016-07-28,48.96670200000001
2016-07-29,48.766201
2016-08-01,47.9384
2016-08-02,48.166599
2016-08-03,48.4086
2016-08-04,48.7089
2016-08-05,48.493599
2016-08-08,49.123501
2016-08-09,49.452
2016-08-10,49.129101
2016-08-11,48.199902
2016-08-12,48.614101
2016-08-15,49.597599
2016-08-16,49.5924
2016-08-17,49.634998
2016-08-18,49.337898
2016-08-19,49.0341
2016-08-22,48.673
2016-08-23,48.5079
2016-08-24,48.378101
2016-08-25,47.6978
2016-08-26,48.010201
2016-08-29,48.275002
2016-08-30,47.7747
2016-08-31,47.46670200000001
2016-09-01,47.092201
2016-09-02,46.9132
2016-09-05,47.168701
2016-09-06,47.908501
2016-09-07,47.937099
2016-09-08,48.1166
2016-09-09,47.785099
2016-09-12,46.519402
2016-09-13,46.708698
2016-09-14,46.431801
2016-09-19,46.920101
2016-09-20,46.916801
2016-09-21,46.948601
2016-09-22,47.317001
2016-09-23,47.2169
2016-09-26,46.324699
2016-09-27,46.653
2016-09-28,46.608799
2016-09-29,46.736
2016-09-30,46.975601
2016-10-10,47.801201
2016-10-11,48.144699
2016-10-12,48.2262
2016-10-13,48.108601
2016-10-14,47.995399
2016-10-17,47.526402
2016-10-18,48.283199
2016-10-19,48.045898
2016-10-20,47.91490200000001
2016-10-21,47.597
2016-10-24,47.463501
2016-10-25,46.765999
2016-10-26,46.238499
2016-10-27,45.65420200000001
2016-10-28,44.1315
2016-10-31,43.370098
2016-11-01,43.7416
2016-11-02,43.372799
2016-11-03,43.612499
2016-11-04,43.490799
2016-11-07,43.532101
2016-11-08,43.791901
2016-11-09,43.4506
2016-11-10,44.023602
2016-11-11,44.366299
2016-11-14,44.645599
2016-11-15,44.8391
2016-11-16,44.867401
2016-11-17,44.800999
2016-11-18,44.571602
2016-11-21,44.6814
2016-11-22,44.986198
2016-11-23,44.787899
2016-11-24,44.728901
2016-11-25,44.9519
2016-11-28,45.0075
2016-11-29,44.8974
2016-11-30,44.418999
2016-12-01,44.709099
2016-12-02,44.232498
2016-12-05,43.8237
2016-12-06,43.887798
2016-12-07,44.476101
2016-12-08,44.186699
2016-12-09,44.137901
2016-12-12,46.603901
2016-12-13,46.839401
2016-12-14,46.562199
2016-12-15,46.851501
2016-12-16,47.126801
2016-12-19,47.132801
2016-12-20,46.994801
2016-12-21,47.356499
2016-12-22,47.289501
2016-12-23,46.819199
2016-12-26,46.93310200000001
2016-12-27,46.9011
2016-12-28,46.751301
2016-12-29,46.618801
2016-12-30,46.718201
2017-01-03,47.1394
2017-01-04,47.6712
2017-01-05,47.719002
2017-01-06,47.562801
2017-01-09,47.721001
2017-01-10,47.5756
2017-01-11,47.125702
2017-01-12,46.694698
2017-01-13,46.125599
2017-01-16,44.901402
2017-01-17,45.182999
2017-01-18,45.131599
2017-01-19,44.942101
2017-01-20,45.257198
2017-01-23,45.541401
2017-01-24,45.424
2017-01-25,45.5144
2017-01-26,45.842999
2017-02-03,45.699402
2017-02-06,46.082298
2017-02-07,46.1026
2017-02-08,46.297699
2017-02-09,46.5989
2017-02-10,46.752201
2017-02-13,46.988899
2017-02-14,47.033199
2017-02-15,46.598301
2017-02-16,46.885899
2017-02-17,46.504002
2017-02-20,47.0144
2017-02-21,47.3619
2017-02-22,47.6367
2017-02-23,47.545101
2017-02-24,47.2052
2017-02-27,46.580898
2017-02-28,45.555901
2017-03-01,45.124298
2017-03-02,44.910099
2017-03-03,45.022301
2017-03-06,45.465099
2017-03-07,45.547501
2017-03-08,45.3601
2017-03-09,44.957001
2017-03-10,45.0397
2017-03-13,45.406101
2017-03-14,45.300201
2017-03-15,45.117298
2017-03-16,45.38130200000001
2017-03-17,44.964401
2017-03-20,44.896099
2017-03-21,44.845501
2017-03-22,45.102901
2017-03-23,44.753899
2017-03-24,44.911098
2017-03-27,44.836899
2017-03-28,43.1511
2017-03-29,43.252102
2017-03-30,40.793201
2017-03-31,40.913502
2017-04-05,41.779499
2017-04-06,41.688999
2017-04-07,41.8241
2017-04-10,41.3409
2017-04-11,41.628601
2017-04-12,41.205101
2017-04-13,41.390999
2017-04-14,39.849098
2017-04-17,39.385601
2017-04-18,39.018101
2017-04-19,38.548698
2017-04-20,38.389599
2017-04-21,37.942799
2017-04-24,36.908001
2017-04-25,37.394199
2017-04-26,37.150799
2017-04-27,36.522499
2017-04-28,35.9417
2017-05-02,35.248402
2017-05-03,35.153702
2017-05-04,35.029499
2017-05-05,34.550499
2017-05-08,33.894299
2017-05-09,34.110699
2017-05-10,33.415401
2017-05-11,33.344398
2017-05-12,33.2813
2017-05-15,33.4529
2017-05-16,34.127602
2017-05-17,34.2062
2017-05-18,33.932201
2017-05-19,33.928799
2017-05-22,33.448399
2017-05-23,32.761002000000005
2017-05-24,32.951
2017-05-25,33.254299
2017-05-26,33.198002
2017-05-31,33.138199
2017-06-01,32.485901
2017-06-02,32.834599
2017-06-05,33.068901000000004
2017-06-06,33.228802
2017-06-07,33.875599
2017-06-08,33.949902
2017-06-09,34.025002
2017-06-12,32.7882
2017-06-13,33.230301000000004
2017-06-14,33.1577
2017-06-15,33.470699
2017-06-16,33.415199
2017-06-19,33.667801000000004
2017-06-20,33.7215
2017-06-21,33.7938
2017-06-22,33.3153
2017-06-23,33.400501
2017-06-26,33.9702
2017-06-27,33.9856
2017-06-28,33.827999
2017-06-29,34.010601
2017-06-30,34.130699
2017-07-03,34.333801
2017-07-04,34.167301
2017-07-05,34.411999
2017-07-06,34.438
2017-07-07,34.550098
2017-07-10,34.4622
2017-07-11,34.039398
2017-07-12,34.027699
2017-07-13,34.094501
2017-07-14,33.937302
2017-07-17,32.517101000000004
2017-07-18,32.863201000000004
2017-07-19,33.522701
2017-07-20,33.728401
2017-07-21,33.803501000000004
2017-07-24,34.0103
2017-07-25,33.920898
2017-07-26,33.8657
2017-07-27,34.089001
2017-07-28,34.182999
2017-07-31,34.535301000000004
2017-08-01,34.481899
2017-08-02,34.2766
2017-08-03,34.3353
2017-08-04,34.116798
2017-08-07,34.576199
2017-08-08,34.505199
2017-08-09,34.7416
2017-08-10,34.412701
2017-08-11,33.750099
2017-08-14,34.455502
2017-08-15,34.496497999999995
2017-08-16,34.432499
2017-08-17,34.667099
2017-08-18,34.291199
2017-08-21,34.332001
2017-08-22,34.1595
2017-08-23,33.752998
2017-08-24,33.406799
2017-08-25,33.548
2017-08-28,33.6343
2017-08-29,33.020901
2017-08-30,33.299198
2017-08-31,33.306197999999995
2017-09-01,33.5961
2017-09-04,33.7812
2017-09-05,33.791599
2017-09-06,33.938702
2017-09-07,33.744999
2017-09-08,33.818001
2017-09-11,34.171799
2017-09-12,34.148499
2017-09-13,34.3568
2017-09-14,34.297401
2017-09-15,34.047798
2017-09-18,34.2901
2017-09-19,34.134602
2017-09-20,34.429401
2017-09-21,34.0411
2017-09-22,33.826698
2017-09-25,33.407398
2017-09-26,33.5518
2017-09-27,33.876301
2017-09-28,33.8097
2017-09-29,34.038601
2017-10-09,34.425499
2017-10-10,34.567299
2017-10-11,34.416698
2017-10-12,34.367599
2017-10-13,34.5914
2017-10-16,34.040797999999995
2017-10-17,33.980301000000004
2017-10-18,33.748199
2017-10-19,33.420601
2017-10-20,33.606998
2017-10-23,33.750599
2017-10-24,33.559101
2017-10-25,33.526501
2017-10-26,32.781601
2017-10-27,31.9545
2017-10-30,30.5795
2017-10-31,30.1726
2017-11-01,30.136999
2017-11-02,29.83620100000001
2017-11-03,29.5532
2017-11-06,29.9575
2017-11-07,30.139
2017-11-08,30.173401
2017-11-09,30.395201
2017-11-10,30.5198
2017-11-13,30.6507
2017-11-14,30.400999
2017-11-15,30.0788
2017-11-16,30.1632
2017-11-17,29.251699
2017-11-20,29.530001
2017-11-21,29.645599
2017-11-22,29.5592
2017-11-23,28.793699
2017-11-24,28.8048
2017-11-27,28.446301
2017-11-28,28.9209
2017-11-29,29.012501
2017-11-30,28.770201
2017-12-01,29.020599
2017-12-04,28.865101
2017-12-05,28.2202
2017-12-06,28.392599
2017-12-07,28.2292
2017-12-08,28.556299
2017-12-11,28.7663
2017-12-12,28.519501
2017-12-13,28.739
2017-12-14,28.783899
2017-12-15,28.5669
2017-12-18,28.436701
2017-12-19,28.6693
2017-12-20,28.448299
2017-12-21,28.625999
2017-12-22,28.679501
2017-12-25,28.441
2017-12-26,28.597601
2017-12-27,28.378099
2017-12-28,28.5238
2017-12-29,28.746401
2018-01-02,29.119301
2018-01-03,29.3806
2018-01-04,29.519699
2018-01-05,29.523399
2018-01-08,29.6635
2018-01-09,29.6626
2018-01-10,29.469801
2018-01-11,29.5369
2018-01-12,29.434099
2018-01-15,28.820801
2018-01-16,29.0483
2018-01-17,28.8971
2018-01-18,29.012199
2018-01-19,28.9366
2018-01-22,29.264999
2018-01-23,29.309401
2018-01-24,29.466299
2018-01-25,29.404301
2018-01-26,29.4505
2018-01-29,29.1399
2018-01-30,29.1406
2018-01-31,28.6082
2018-02-01,27.688499
2018-02-02,27.7952
2018-02-05,27.784201
2018-02-06,26.4186
2018-02-07,26.438101
2018-02-08,26.7617
2018-02-09,25.740299
2018-02-12,26.378599
2018-02-13,26.301901
2018-02-14,26.522301
2018-02-22,27.1005
2018-02-23,27.2036
2018-02-26,27.7579
2018-02-27,27.6616
2018-02-28,27.528799
2018-03-01,27.820999
2018-03-02,27.656
2018-03-05,27.6702
2018-03-06,27.996599
2018-03-07,27.728701
2018-03-08,27.9328
2018-03-09,28.27
2018-03-12,28.6514
2018-03-13,28.433701
2018-03-14,28.161501
2018-03-15,28.1045
2018-03-16,27.8771
2018-03-19,27.8738
2018-03-20,27.876699
2018-03-21,27.6159
2018-03-22,27.5082
2018-03-23,26.155701
2018-03-26,26.59690100000001
2018-03-27,27.1287
2018-03-28,26.6056
2018-03-29,26.834
2018-03-30,26.950001
2018-04-02,26.965401
2018-04-03,26.7132
2018-04-04,26.4527
2018-04-09,26.4736
2018-04-10,26.6507
2018-04-11,26.7316
2018-04-12,26.5196
2018-04-13,26.4645
2018-04-16,26.3801
2018-04-17,25.7365
2018-04-18,25.966101
2018-04-19,26.0851
2018-04-20,25.6108
2018-04-23,25.367201
2018-04-24,25.8577
2018-04-25,25.995899
2018-04-26,25.3244
2018-04-27,25.2311
2018-05-02,25.0485
2018-05-03,25.287701
2018-05-04,25.2885
2018-05-07,25.7617
2018-05-08,25.874901
2018-05-09,25.8132
2018-05-10,25.882
2018-05-11,25.6766
2018-05-14,25.585699
2018-05-15,25.810801
2018-05-16,25.757299
2018-05-17,25.6322
2018-05-18,25.7316
2018-05-21,26.057301
2018-05-22,26.1507
2018-05-23,25.812201
2018-05-24,25.718901
2018-05-25,25.445101
2018-05-28,25.348101
2018-05-29,25.1059
2018-05-30,24.4603
2018-05-31,24.785999
2018-06-01,24.488001
2018-06-04,24.489901
2018-06-05,24.88960100000001
2018-06-06,24.8724
2018-06-07,24.705601
2018-06-08,24.4182
2018-06-11,24.1402
2018-06-12,24.408701
2018-06-13,24.0326
2018-06-14,23.965799
2018-06-15,23.53440100000001
2018-06-19,22.1003
2018-06-20,22.368
2018-06-21,21.9195
2018-06-22,22.22190100000001
2018-06-25,22.091
2018-06-26,22.2118
2018-06-27,21.9701
2018-06-28,21.721701
2018-06-29,22.4093
2018-07-02,22.076
2018-07-03,22.309999
2018-07-04,21.993999
2018-07-05,21.4048
2018-07-06,21.4396
2018-07-09,21.9317
2018-07-10,22.078199
2018-07-11,21.669001
2018-07-12,22.2393
2018-07-13,22.4489
2018-07-16,22.400499
2018-07-17,22.3799
2018-07-18,22.2083
2018-07-19,22.009399
2018-07-20,22.317699
2018-07-23,22.493999
2018-07-24,22.883499
2018-07-25,22.8797
2018-07-26,22.733
2018-07-27,22.636999
2018-07-30,22.3563
2018-07-31,22.304199
2018-08-01,21.937099
2018-08-02,21.4519
2018-08-03,21.1572
2018-08-06,20.693899
2018-08-07,21.222
2018-08-08,20.879101
2018-08-09,21.3946
2018-08-10,21.404301
2018-08-13,21.480801
2018-08-14,21.417101
2018-08-15,20.953899
2018-08-16,20.662001
2018-08-17,20.243
2018-08-20,20.316299
2018-08-21,20.5137
2018-08-22,20.240601
2018-08-23,20.2661
2018-08-24,20.188999
2018-08-27,20.74
2018-08-28,20.664301
2018-08-29,20.468
2018-08-30,20.1738
2018-08-31,19.8183
2018-09-03,19.920401
2018-09-04,20.118
2018-09-05,19.805799
2018-09-06,19.7006
2018-09-07,19.712799
2018-09-10,19.3533
2018-09-11,19.340599
2018-09-12,19.302099
2018-09-13,19.422501
2018-09-14,19.2279
2018-09-17,18.946899
2018-09-18,19.2815
2018-09-19,19.5056
2018-09-20,19.5012
2018-09-21,19.792299
2018-09-25,19.745501
2018-09-26,19.8466
2018-09-27,19.615499
2018-09-28,19.797199
2018-10-08,19.182199
2018-10-09,19.129
2018-10-10,19.118999
2018-10-11,17.8291
2018-10-12,17.737499
2018-10-15,17.4482
2018-10-16,17.0252
2018-10-17,17.136801000000002
2018-10-18,16.650101
2018-10-19,17.0117
2018-10-22,17.7686
2018-10-23,17.399599
2018-10-24,17.376699
2018-10-25,17.333401000000002
2018-10-26,17.445801
2018-10-29,17.251101000000002
2018-10-30,17.649599
2018-10-31,18.355101
2018-11-01,18.4755
2018-11-02,19.0686
2018-11-05,19.0676
2018-11-06,19.054001
2018-11-07,18.9541
2018-11-08,18.8146
2018-11-09,18.764799
2018-11-12,19.2418
2018-11-13,19.579399
2018-11-14,19.495899
2018-11-15,19.8111
2018-11-16,19.974199
2018-11-19,20.025801
2018-11-20,19.4555
2018-11-21,19.5303
2018-11-22,19.5205
2018-11-23,18.782
2018-11-26,18.7481
2018-11-27,18.822599
2018-11-28,19.0494
2018-11-29,18.653601
2018-11-30,18.787001
2018-12-03,19.374001
2018-12-04,19.4585
2018-12-05,19.315701
2018-12-06,18.923
2018-12-07,18.925301
2018-12-10,18.709801
2018-12-11,18.866199
2018-12-12,18.864
2018-12-13,19.080099
2018-12-14,18.6453
2018-12-17,16.7925
2018-12-18,16.702801
2018-12-19,16.495898999999998
2018-12-20,16.542999
2018-12-21,16.4375
2018-12-24,16.615999
2018-12-25,16.4377
2018-12-26,16.372999
2018-12-27,16.202101000000006
2018-12-28,16.2367
2019-01-02,16.085199
2019-01-03,16.000401
2019-01-04,16.3696
2019-01-07,16.6639
2019-01-08,16.621599
2019-01-09,16.671499
2019-01-10,16.6493
2019-01-11,16.7693
2019-01-14,16.660601
2019-01-15,16.898398999999998
2019-01-16,16.871098999999994
2019-01-17,16.7437
2019-01-18,16.900801
2019-01-21,17.0186
2019-01-22,16.771998999999994
2019-01-23,16.833099
2019-01-24,16.906098999999998
2019-01-25,16.8384
2019-01-28,16.791
2019-01-29,16.5937
2019-01-30,16.4163
2019-01-31,16.312099
2019-02-01,16.773398999999998
2019-02-11,17.1835
2019-02-12,17.322399
2019-02-13,17.6101
2019-02-14,17.6903
2019-02-15,17.565599
2019-02-18,18.172199
2019-02-19,18.180599
2019-02-20,18.168301
2019-02-21,18.4604
2019-02-22,19.062
2019-02-25,20.1189
2019-02-26,20.1558
2019-02-27,20.4354
2019-02-28,22.414801
2019-03-01,22.6199
2019-03-04,22.952801
2019-03-05,23.5292
2019-03-06,23.9247
2019-03-07,24.206699
2019-03-08,23.2484
2019-03-11,24.185101
2019-03-12,24.592501
2019-03-13,24.059799
2019-03-14,23.5376
2019-03-15,23.826099
2019-03-18,24.4119
2019-03-19,24.4417
2019-03-20,24.4589
2019-03-21,24.697701
2019-03-22,24.917
2019-03-25,24.642599
2019-03-26,23.9543
2019-03-27,24.2323
2019-03-28,23.9359
2019-03-29,24.917
2019-04-01,25.947599
2019-04-02,25.969601
2019-04-03,26.355499
2019-04-04,26.509199
2019-04-08,26.430599
2019-04-09,26.5362
2019-04-10,26.487301
2019-04-11,25.961901
2019-04-12,25.917801
2019-04-15,25.807501
2019-04-16,26.3508
2019-04-17,26.486799
2019-04-18,26.3223
2019-04-19,26.4606
2019-04-22,26.0366
2019-04-23,25.6619
2019-04-24,25.9244
2019-04-25,25.363899
2019-04-26,26.132299
2019-04-29,26.534901
2019-04-30,28.4464
2019-05-06,26.3363
2019-05-07,26.69140100000001
2019-05-08,26.5429
2019-05-09,26.216801
2019-05-10,27.161301
2019-05-13,26.8813
2019-05-14,26.6602
2019-05-15,27.2609
2019-05-16,27.4263
2019-05-17,26.541401
2019-05-20,26.413601
2019-05-21,26.8596
2019-05-22,26.67
2019-05-23,26.120199
2019-05-24,25.980801
2019-05-27,26.610901
2019-05-28,26.584499
2019-05-29,26.596201
2019-05-30,26.4403
2019-05-31,26.3743
2019-06-03,26.072201
2019-06-04,25.738701
2019-06-05,25.652201
2019-06-06,25.0965
2019-06-10,25.317499
2019-06-11,26.248501
2019-06-12,26.053101
2019-06-13,26.1115
2019-06-14,25.68530100000001
2019-06-17,22.6346
2019-06-18,22.6092
2019-06-19,22.8978
2019-06-20,23.344801
2019-06-21,23.648899
2019-06-24,23.6511
2019-06-25,23.43
2019-06-26,23.3745
2019-06-27,23.5882
2019-06-28,23.333799
2019-07-01,24.0194
2019-07-02,23.961
2019-07-03,23.754499
2019-07-04,23.66850100000001
2019-07-05,23.7458
2019-07-08,22.9534
2019-07-09,23.007099
2019-07-10,22.826799
2019-07-11,22.8307
2019-07-12,22.9193
2019-07-15,23.1278
2019-07-16,23.1597
2019-07-17,23.1523
2019-07-18,22.8346
2019-07-19,22.996599
2019-07-22,22.5264
2019-07-23,22.741501
2019-07-24,22.957701
2019-07-25,23.0534
2019-07-26,23.0819
2019-07-29,23.0912
2019-07-30,23.202801
2019-07-31,23.117901
2019-08-01,22.9673
2019-08-02,22.670799
2019-08-05,22.3447
2019-08-06,21.851
2019-08-07,21.743299
2019-08-08,21.893299
2019-08-09,21.6348
2019-08-12,21.975401
2019-08-13,21.8556
2019-08-14,21.982201
2019-08-15,22.105801
2019-08-16,22.2274
2019-08-19,22.971399
2019-08-20,23.004
2019-08-21,23.061001
2019-08-22,23.056801
2019-08-23,23.1371
2019-08-26,22.877199
2019-08-27,23.4424
2019-08-28,23.767
2019-08-29,23.8071
2019-08-30,23.826599
2019-09-02,24.6224
2019-09-03,24.7848
2019-09-04,25.0366
2019-09-05,25.2659
2019-09-06,25.3356
2019-09-09,25.8335
2019-09-10,25.759701
2019-09-11,25.636499
2019-09-12,25.744699
2019-09-16,25.764299
2019-09-17,25.259399
2019-09-18,25.274401
2019-09-19,25.5121
2019-09-20,25.585899
2019-09-23,25.421101
2019-09-24,25.469101
2019-09-25,25.0217
2019-09-26,24.4876
2019-09-27,24.637199
2019-09-30,24.3288
2019-10-08,24.3393
2019-10-09,24.5543
2019-10-10,24.867701
2019-10-11,24.910101
2019-10-14,25.2953
2019-10-15,24.9841
2019-10-16,24.884701
2019-10-17,24.8456
2019-10-18,24.498699
2019-10-21,24.3943
2019-10-22,24.662901
2019-10-23,24.548599
2019-10-24,24.6052
2019-10-25,24.664
2019-10-28,25.358299
2019-10-29,25.268
2019-10-30,25.538
2019-10-31,25.593000000000004
2019-11-01,25.8151
2019-11-04,26.036699
2019-11-05,26.2335
2019-11-06,25.980101
2019-11-07,26.1285
2019-11-08,26.026501
2019-11-11,25.467899
2019-11-12,25.501301
2019-11-13,25.502001
2019-11-14,25.683001
2019-11-15,25.460699
2019-11-18,25.5851
2019-11-19,26.017799
2019-11-20,25.8482
2019-11-21,25.8522
2019-11-22,25.614201
2019-11-25,25.6003
2019-11-26,25.5098
2019-11-27,25.620501
2019-11-28,25.5382
2019-11-29,25.565901
2019-12-02,25.627899
2019-12-03,25.7472
2019-12-04,25.7397
2019-12-05,25.9751
2019-12-06,26.2152
2019-12-09,26.2826
2019-12-10,26.388901
2019-12-11,26.3095
2019-12-12,26.2374
2019-12-13,26.5536
2019-12-16,24.4067
2019-12-17,24.742701
2019-12-18,24.7904
2019-12-19,24.833599
2019-12-20,24.5998
2019-12-23,24.1348
2019-12-24,24.4716
2019-12-25,24.558599
2019-12-26,24.7183
2019-12-27,24.5441
2019-12-30,24.8354
2019-12-31,24.957199
2020-01-02,25.387899
2020-01-03,25.441601
2020-01-06,25.6737
2020-01-07,25.970501
2020-01-08,25.6077
2020-01-09,25.957701
2020-01-10,25.917
2020-01-13,26.2577
2020-01-14,26.164301
2020-01-15,26.0872
2020-01-16,26.069599
2020-01-17,25.992599
2020-01-20,26.306499
2020-01-21,25.989599
2020-01-22,26.214701
2020-01-23,25.298901
2020-02-03,23.0837
2020-02-04,23.42460100000001
2020-02-05,23.987499
2020-02-06,24.695801
2020-02-07,24.884501
2020-02-10,25.1623
2020-02-11,25.105101
2020-02-12,25.5152
2020-02-13,25.301201
2020-02-14,25.32710100000001
2020-02-17,26.1201
2020-02-18,26.4035
2020-02-19,26.183399
2020-02-20,26.667299
2020-02-21,27.0968
2020-02-24,27.447399
2020-02-25,27.657301
2020-02-26,27.0086
2020-02-27,27.0245
2020-02-28,25.555201
2020-03-02,27.5303
2020-03-03,27.775499
2020-03-04,27.81030100000001
2020-03-05,28.2297
2020-03-06,28.0117
2020-03-09,26.8664
2020-03-10,27.554001
2020-03-11,27.1859
2020-03-12,26.6931
2020-03-13,26.3948
2020-03-16,25.1833
2020-03-17,25.2185
2020-03-18,24.767799
2020-03-19,24.877001
2020-03-20,25.15940100000001
2020-03-23,24.1481
2020-03-24,24.4739
2020-03-25,25.0609
2020-03-26,24.811501
2020-03-27,24.681801
2020-03-30,24.184099
2020-03-31,24.543699
2020-04-01,24.5499
2020-04-02,25.1322
2020-04-03,24.9226
2020-04-07,25.625999
2020-04-08,25.675501
2020-04-09,25.8883
2020-04-10,25.360701
2020-04-13,25.1684
2020-04-14,25.7017
2020-04-15,26.2013
2020-04-16,26.389
2020-04-17,26.3661
2020-04-20,26.647301
2020-04-21,26.5462
2020-04-22,26.7771
2020-04-23,26.6798
2020-04-24,26.412001
2020-04-27,26.6106
2020-04-28,26.417801
2020-04-29,27.191601
2020-04-30,30.9713
2020-05-06,31.4893
2020-05-07,31.4639
2020-05-08,31.809601
2020-05-11,31.761801
2020-05-12,31.836599
2020-05-13,31.980101
2020-05-14,31.684299
2020-05-15,31.8132
2020-05-18,31.712999
2020-05-19,32.085701
2020-05-20,31.7509
2020-05-21,31.4223
2020-05-22,30.885099
2020-05-25,30.835199
2020-05-26,31.424
2020-05-27,31.1712
2020-05-28,31.1276
2020-05-29,31.380899
2020-06-01,32.2761
2020-06-02,32.2356
2020-06-03,32.271
2020-06-04,32.315899
2020-06-05,32.3573
2020-06-08,32.316799
2020-06-09,32.5252
2020-06-10,32.5639
2020-06-11,32.395302
2020-06-12,32.4767
2020-06-15,26.9102
2020-06-16,27.4242
2020-06-17,27.6028
2020-06-18,27.5895
2020-06-19,27.858299
2020-06-22,27.7997
2020-06-23,27.9116
2020-06-24,27.8386
2020-06-29,27.730801
2020-06-30,28.2659
2020-07-01,28.3426
2020-07-02,28.782101
2020-07-03,29.172199
2020-07-06,30.3445
2020-07-07,30.7153
2020-07-08,31.4144
2020-07-09,32.166302
2020-07-10,32.0751
2020-07-13,33.117802000000005
2020-07-14,32.723202
2020-07-15,31.969601
2020-07-16,30.403099
2020-07-17,30.535299
2020-07-20,31.4144
2020-07-21,31.6166
2020-07-22,31.912001
2020-07-23,31.931101
2020-07-24,30.3325
2020-07-27,30.400999
2020-07-28,30.7358
2020-07-29,31.5042
2020-07-30,31.399
2020-07-31,31.702499
2020-08-03,32.399601000000004
2020-08-04,32.2575
2020-08-05,32.579601000000004
2020-08-06,32.558899
2020-08-07,32.229301
2020-08-10,32.3923
2020-08-11,31.5902
2020-08-12,31.2384
2020-08-13,31.317801
2020-08-14,31.776199
2020-08-17,32.2915
2020-08-18,32.493
2020-08-19,31.809999
2020-08-20,31.517401
2020-08-21,31.875999
2020-08-24,32.143799
2020-08-25,31.552601
2020-08-26,30.8438
2020-08-27,31.0651
2020-08-28,34.073399
2020-08-31,34.257599
2020-09-01,34.486599
2020-09-02,34.5103
2020-09-03,34.241901
2020-09-04,33.985001000000004
2020-09-07,33.248299
2020-09-08,33.441601
2020-09-09,32.573502000000005
2020-09-10,32.058997999999995
2020-09-11,32.467499
2020-09-14,32.635201
2020-09-15,32.8386
2020-09-16,32.683102000000005
2020-09-17,32.741901
2020-09-18,33.249001
2020-09-21,33.1511
2020-09-22,32.697498
2020-09-23,32.866299
2020-09-24,32.1311
2020-09-25,32.104698
2020-09-28,31.850901
2020-09-29,32.1166
2020-09-30,31.9552
2020-10-09,32.7715
2020-10-12,33.689602
2020-10-13,33.7668
2020-10-14,33.552502000000004
2020-10-15,33.218102
2020-10-16,33.07
2020-10-19,32.634899
2020-10-20,32.875401000000004
2020-10-21,32.534
2020-10-22,32.192501
2020-10-23,31.6105
2020-10-26,31.3522
2020-10-27,31.4042
2020-10-28,31.3477
2020-10-29,31.229
2020-10-30,30.2862
2020-11-02,28.294901
2020-11-03,28.699301
2020-11-04,28.663099
2020-11-05,29.2171
2020-11-06,28.990601
2020-11-09,29.5126
2020-11-10,29.3214
2020-11-11,28.9949
2020-11-12,29.09
2020-11-13,29.0376
2020-11-16,29.4125
2020-11-17,29.2012
2020-11-18,29.2104
2020-11-19,29.289101
2020-11-20,29.60600100000001
2020-11-23,29.8297
2020-11-24,29.8472
2020-11-25,29.2883
2020-11-26,29.239901
2020-11-27,29.3309
2020-11-30,29.187099
2020-12-01,29.6593
2020-12-02,29.736
2020-12-03,29.7682
2020-12-04,29.858299
2020-12-07,29.671101
2020-12-08,29.6516
2020-12-09,29.126301
2020-12-10,29.187
2020-12-11,28.712999
2020-12-14,27.8132
2020-12-15,27.8274
2020-12-16,27.6989
2020-12-17,28.012899
2020-12-18,27.934999
2020-12-21,28.3873
2020-12-22,27.7253
2020-12-23,27.958
2020-12-24,27.532
2020-12-25,27.8498
2020-12-28,27.6947
2020-12-29,27.504299
2020-12-30,27.7827
2020-12-31,28.222799
2021-01-04,28.695801
2021-01-05,28.973801
2021-01-06,28.941999
2021-01-07,28.9813
2021-01-08,29.056101
2021-01-11,28.590099
2021-01-12,28.967899
2021-01-13,28.7768
2021-01-14,28.5436
2021-01-15,28.4655
2021-01-18,28.906099
2021-01-19,28.777901
2021-01-20,29.033899
2021-01-21,29.408199
2021-01-22,29.431499
2021-01-25,29.457701
2021-01-26,29.0063
2021-01-27,29.072201
2021-01-28,28.4412
2021-01-29,28.1236
2021-02-01,28.4464
2021-02-02,28.5886
2021-02-03,28.3561
2021-02-04,28.0354
2021-02-05,27.6714
2021-02-08,28.013901
2021-02-09,28.6026
2021-02-10,28.828501
2021-02-18,29.2335
2021-02-19,29.5893
2021-02-22,29.414101
2021-02-23,29.281601
2021-02-24,28.889299
2021-02-25,28.5235
2021-02-26,27.7617
2021-03-01,28.216299
2021-03-02,28.0315
2021-03-03,28.486601
2021-03-04,27.989901
2021-03-05,27.930799
2021-03-08,27.163799
2021-03-09,26.551001
2021-03-10,26.309601
2021-03-11,26.9286
2021-03-12,27.0289
2021-03-15,26.524401
2021-03-16,26.555401
2021-03-17,26.6378
2021-03-18,26.8176
2021-03-19,26.555799
2021-03-22,26.997
2021-03-23,26.670601
2021-03-24,26.339001
2021-03-25,26.3762
2021-03-26,26.7707
2021-03-29,26.945101
2021-03-30,26.766899
2021-03-31,26.6285
2021-04-01,26.8596
2021-04-02,26.9039
2021-04-06,27.0252
2021-04-07,27.0156
2021-04-08,27.0347
2021-04-09,26.931
2021-04-12,26.470301
2021-04-13,26.3421
2021-04-14,26.7173
2021-04-15,27.1106
2021-04-16,27.5194
2021-04-19,27.6597
2021-04-20,27.529699
2021-04-21,27.381599
2021-04-22,27.2598
2021-04-23,27.172701
2021-04-26,26.513901
2021-04-27,26.286301
2021-04-28,25.427799
2021-04-29,25.025299
2021-04-30,24.4818
2021-05-06,24.5665
2021-05-07,24.435499
2021-05-10,24.568899
2021-05-11,24.4991
2021-05-12,24.695499
2021-05-13,24.4111
2021-05-14,24.72300000000001
2021-05-17,24.920099
2021-05-18,25.0364
2021-05-19,24.960501
2021-05-20,24.801001
2021-05-21,24.7857
2021-05-24,24.868401
2021-05-25,25.1397
2021-05-26,25.178801
2021-05-27,25.394899
2021-05-28,25.310499
2021-05-31,25.5382
2021-06-01,25.59
2021-06-02,25.380699
2021-06-03,25.3339
2021-06-04,25.3883
2021-06-07,25.498501
2021-06-08,25.3402
2021-06-09,25.392
2021-06-10,25.660101
2021-06-11,25.5502
2021-06-15,21.5376
2021-06-16,21.2395
2021-06-17,21.399099
2021-06-18,21.5119
2021-06-21,21.6912
2021-06-22,21.820299
2021-06-23,21.97800100000001
2021-06-24,21.850401
2021-06-25,22.044901
2021-06-28,22.054199
2021-06-29,21.867001
2021-06-30,22.0072
2021-07-01,21.7372
2021-07-02,21.5425
2021-07-05,21.6912
2021-07-06,21.6689
2021-07-07,21.829399
2021-07-08,21.738501
2021-07-09,21.884001
2021-07-12,22.1646
2021-07-13,22.365999
2021-07-14,22.1779
2021-07-15,22.3388
2021-07-16,22.292801
2021-07-19,22.1628
2021-07-20,22.1768
2021-07-21,22.4223
2021-07-22,22.561501
2021-07-23,22.4051
2021-07-26,22.0301
2021-07-27,21.547001
2021-07-28,21.2167
2021-07-29,21.5739
2021-07-30,21.6259
2021-08-02,21.8964
2021-08-03,21.685801
2021-08-04,22.0191
2021-08-05,21.930799
2021-08-06,21.9681
2021-08-09,22.181101
2021-08-10,22.263201
2021-08-11,22.4492
2021-08-12,22.5235
2021-08-13,22.458
2021-08-16,22.335199
2021-08-17,21.8367
2021-08-18,21.679701
2021-08-19,21.6738
2021-08-20,21.4485
2021-08-23,21.6507
2021-08-24,21.683001
2021-08-25,21.7782
2021-08-26,21.610399
2021-08-27,21.625099
2021-08-30,21.2701
2021-08-31,21.441
2021-09-01,21.3002
2021-09-02,21.6539
2021-09-03,21.591
2021-09-06,21.810499
2021-09-07,22.242201
2021-09-08,22.42
2021-09-09,22.6849
2021-09-10,22.6388
2021-09-13,22.651199
2021-09-14,22.377701
2021-09-15,22.4874
2021-09-16,22.0961
2021-09-17,21.941099
2021-09-22,22.160801
2021-09-23,22.257799
2021-09-24,21.8978
2021-09-27,21.2997
2021-09-28,21.3592
2021-09-29,20.7402
2021-09-30,21.011
2021-10-08,20.935499
2021-10-11,20.8983
2021-10-12,20.4895
2021-10-13,20.503401
2021-10-14,20.5674
2021-10-15,20.572399
2021-10-18,20.7082
2021-10-19,20.881901
2021-10-20,20.884199
2021-10-21,20.818399
2021-10-22,20.568899
2021-10-25,20.653
2021-10-26,20.5583
2021-10-27,20.338499
2021-10-28,19.8167
2021-10-29,19.7661
2021-11-01,19.9438
2021-11-02,19.8862
2021-11-03,20.000401
2021-11-04,20.145201
2021-11-05,19.8598
2021-11-08,19.943701
2021-11-09,20.098801
2021-11-10,20.040199
2021-11-11,20.2215
2021-11-12,20.318501
2021-11-15,20.154499
2021-11-16,20.0217
2021-11-17,20.178101
2021-11-18,20.130699
2021-11-19,20.3743
2021-11-22,20.6127
2021-11-23,20.640499
2021-11-24,20.6483
2021-11-25,20.570801
2021-11-26,20.515301
2021-11-29,20.5555
2021-11-30,20.613701
2021-12-01,20.6696
2021-12-02,20.5849
2021-12-03,20.819901
2021-12-06,20.6432
2021-12-07,20.5777
2021-12-08,20.820299
2021-12-09,20.8808
2021-12-10,20.843201
2021-12-13,20.251101
2021-12-14,20.164801
2021-12-15,20.175501
2021-12-16,20.399799
2021-12-17,20.2414
2021-12-20,19.926399
2021-12-21,20.1455
2021-12-22,20.212299
2021-12-23,20.332899
2021-12-24,20.183201
2021-12-27,20.1751
2021-12-28,20.188801
2021-12-29,20.077101000000006
2021-12-30,20.2356
2021-12-31,20.363001
2022-01-04,20.343399
2022-01-05,20.010799
2022-01-06,20.048201
2022-01-07,19.919399
2022-01-10,19.9743
2022-01-11,19.836
2022-01-12,19.9762
2022-01-13,19.7075
2022-01-14,19.623899
2022-01-17,19.777901
2022-01-18,19.8305
2022-01-19,19.7383
2022-01-20,19.604099
2022-01-21,19.380699
2022-01-24,19.375099
2022-01-25,18.729799
2022-01-26,18.849501
2022-01-27,18.3755
2022-01-28,18.286501
2022-02-07,18.623301
2022-02-08,18.818199
2022-02-09,19.0791
2022-02-10,19.092899
2022-02-11,18.8501
2022-02-14,18.6877
2022-02-15,18.838301
2022-02-16,18.8895
2022-02-17,18.896099
2022-02-18,19.0937
2022-02-21,19.1481
2022-02-22,18.934099
2022-02-23,19.192499
2022-02-24,18.858801
2022-02-25,19.0086
2022-02-28,19.1875
2022-03-01,19.2384
2022-03-02,19.228201
2022-03-03,19.197001
2022-03-04,18.9799
2022-03-07,18.4956
2022-03-08,17.8409
2022-03-09,17.504101000000002
2022-03-10,17.7922
2022-03-11,17.9198
2022-03-14,17.4918
2022-03-15,16.4932
2022-03-16,17.0203
2022-03-17,17.2316
2022-03-18,17.451598999999998
2022-03-21,17.5369
2022-03-22,17.4951
2022-03-23,17.6154
2022-03-24,17.498199
2022-03-25,17.294901
2022-03-28,17.437901
2022-03-29,17.506201
2022-03-30,18.087601
2022-03-31,18.123199
2022-04-01,18.252701
2022-04-06,18.2444
2022-04-07,17.8724
2022-04-08,17.9237
2022-04-11,17.3897
2022-04-12,17.6984
2022-04-13,17.542801
2022-04-14,17.7407
2022-04-15,17.441799
2022-04-18,17.468
2022-04-19,17.559798999999998
2022-04-20,17.2896
2022-04-21,16.7451
2022-04-22,16.629499
2022-04-25,15.576
2022-04-26,15.6013
2022-04-27,16.1738
2022-04-28,16.3563
2022-04-29,16.945101
2022-05-05,19.0467
2022-05-06,18.626699
2022-05-09,18.7633
2022-05-10,19.035101
2022-05-11,19.1968
2022-05-12,19.205
2022-05-13,19.393299
2022-05-16,19.3815
2022-05-17,19.445801
2022-05-18,19.3752
2022-05-19,19.5151
2022-05-20,19.8283
2022-05-23,19.944201
2022-05-24,19.254601
2022-05-25,19.5898
2022-05-26,19.823799
2022-05-27,19.785101
2022-05-30,19.925699
2022-05-31,20.1947
2022-06-01,20.1933
2022-06-02,20.3414
2022-06-06,20.679199
2022-06-07,20.7033
2022-06-08,20.8125
2022-06-09,20.5411
2022-06-10,20.888901
2022-06-13,20.424
2022-06-14,20.5811
2022-06-15,20.5378
2022-06-16,20.5123
2022-06-17,20.6539
2022-06-20,20.703199
2022-06-21,20.537001
2022-06-22,20.2332
2022-06-23,20.5935
2022-06-24,20.7995
2022-06-27,20.926701
2022-06-28,21.205
2022-06-29,20.8204
2022-06-30,21.0606
2022-07-01,21.0096
2022-07-04,21.291201
2022-07-05,21.258101
2022-07-06,20.9541
2022-07-07,21.040501000000006
2022-07-08,20.8734
2022-07-11,20.6439
2022-07-12,20.417601
2022-07-13,20.500601
2022-07-14,20.5753
2022-07-15,20.2316
2022-07-18,20.620001
2022-07-19,20.6705
2022-07-20,20.912701
2022-07-21,20.717699
2022-07-22,20.5077
2022-07-25,20.3431
2022-07-26,20.5821
2022-07-27,20.587299
2022-07-28,20.6217
2022-07-29,20.4069
2022-08-01,20.5441
2022-08-02,19.975901
2022-08-03,19.8104
2022-08-04,19.9179
2022-08-05,20.256901
2022-08-08,20.444401
2022-08-09,20.383101
2022-08-10,20.302299
2022-08-11,20.672001
2022-08-12,20.621099
2022-08-15,20.6366
2022-08-16,20.757099
2022-08-17,20.780001
2022-08-18,20.682501
2022-08-19,20.5396
2022-08-22,20.901199
2022-08-23,20.9345
2022-08-24,20.4368
2022-08-25,20.761499
2022-08-26,20.7906
2022-08-29,21.1402
2022-08-30,21.2976
2022-08-31,21.8368
2022-09-01,21.740601
2022-09-02,21.823299
2022-09-05,21.973801
2022-09-06,22.360001
2022-09-07,22.3927
2022-09-08,22.310699
2022-09-09,22.4715
2022-09-13,22.3979
2022-09-14,22.235001
2022-09-15,21.770201
2022-09-16,21.2111
2022-09-19,21.088699
2022-09-20,21.233601
2022-09-21,21.3223
2022-09-22,21.2722
2022-09-23,21.008801
2022-09-26,20.7202
2022-09-27,21.119301
2022-09-28,20.636101
2022-09-29,20.6147
2022-09-30,20.443199
2022-10-10,20.1901
2022-10-11,20.351299
2022-10-12,20.787201
2022-10-13,20.8258
2022-10-14,21.3097
2022-10-17,21.4014
2022-10-18,21.304899
2022-10-19,21.024799
2022-10-20,20.909901
2022-10-21,20.9597
2022-10-24,20.693399
2022-10-25,20.537901
2022-10-26,20.986
2022-10-27,21.1415
2022-10-28,20.9988
2022-10-31,22.0776
2022-11-01,22.5672
2022-11-02,22.7999
2022-11-03,22.789101
2022-11-04,23.3193
2022-11-07,23.3479
2022-11-08,23.295099
2022-11-09,23.2549
2022-11-10,23.1423
2022-11-11,23.318501
2022-11-14,23.3165
2022-11-15,23.708
2022-11-16,23.5991
2022-11-17,23.663401
2022-11-18,23.5739
2022-11-21,23.547701
2022-11-22,23.3298
2022-11-23,23.304899
2022-11-24,23.325001
2022-11-25,23.2421
2022-11-28,23.149401
2022-11-29,23.561001
2022-11-30,23.5221
2022-12-01,23.643299
2022-12-02,23.559299
2022-12-05,23.7801
2022-12-06,23.7437
2022-12-07,23.7388
2022-12-08,23.688601
2022-12-09,23.716499
2022-12-12,23.717501
2022-12-13,23.6175
2022-12-14,23.517099
2022-12-15,23.51
2022-12-16,23.441
2022-12-19,22.901899
2022-12-20,22.6845
2022-12-21,22.5567
2022-12-22,22.2971
2022-12-23,22.2325
2022-12-26,22.51460100000001
2022-12-27,22.6826
2022-12-28,22.6196
2022-12-29,22.5846
2022-12-30,22.6152
2023-01-03,22.968399
2023-01-04,22.9606
2023-01-05,23.169201
2023-01-06,23.1614
2023-01-09,23.2498
2023-01-10,23.2631
2023-01-11,23.121
2023-01-12,23.117001
2023-01-13,23.2973
2023-01-16,23.5205
2023-01-17,23.5079
2023-01-18,23.572701
2023-01-19,23.7698
2023-01-20,23.9701
2023-01-30,24.0772
2023-01-31,24.1019
2023-02-01,24.400499
2023-02-02,24.429701
2023-02-03,24.318199
2023-02-06,24.1632
2023-02-07,24.2395
2023-02-08,24.058399
2023-02-09,24.370399
2023-02-10,24.319901
2023-02-13,24.512501
2023-02-14,24.5816
2023-02-15,24.5259
2023-02-16,24.1674
2023-02-17,24.000401
2023-02-20,24.4112
2023-02-21,24.588699
2023-02-22,24.5578
2023-02-23,24.514299
2023-02-24,24.438299
2023-02-27,24.32710100000001
2023-02-28,24.4748
2023-03-01,24.5938
2023-03-02,24.5326
2023-03-03,24.584999
2023-03-06,24.682301
2023-03-07,24.287701
2023-03-08,24.1423
2023-03-09,24.0695
2023-03-10,23.747299
2023-03-13,23.764299
2023-03-14,23.510201
2023-03-15,23.702499
2023-03-16,23.377701
2023-03-17,23.522699
2023-03-20,23.462799
2023-03-21,23.78440100000001
2023-03-22,23.820999
2023-03-23,23.95210100000001
2023-03-24,23.9321
2023-03-27,23.8752
2023-03-28,23.881001
2023-03-29,23.396999
2023-03-30,23.4576
2023-03-31,23.44140100000001
2023-04-03,23.7129
2023-04-04,23.7423
2023-04-06,23.7605
2023-04-07,23.947399
2023-04-10,23.7281
2023-04-11,23.648399
2023-04-12,23.7425
2023-04-13,23.6926
2023-04-14,23.7742
2023-04-17,24.0222
2023-04-18,24.212601
2023-04-19,24.108
2023-04-20,24.3092
2023-04-21,23.981501
2023-04-24,24.094101
2023-04-25,23.818701
2023-04-26,23.991699
2023-04-27,24.013399
2023-04-28,25.031401
2023-05-04,26.3431
2023-05-05,26.1115
2023-05-08,26.3234
2023-05-09,26.044001
2023-05-10,25.981199
2023-05-11,25.9084
2023-05-12,25.669001
2023-05-15,25.9186
2023-05-16,25.723499
2023-05-17,25.7616
2023-05-18,25.7686
2023-05-19,25.719601
2023-05-22,25.740801
2023-05-23,25.470699
2023-05-24,25.2703
2023-05-25,25.212601
2023-05-26,25.4109
2023-05-29,25.411301
2023-05-30,25.5282
2023-05-31,25.4557
2023-06-01,25.442699
2023-06-02,25.6537
2023-06-05,25.6129
2023-06-06,25.1472
2023-06-07,25.171801
2023-06-08,25.1101
2023-06-09,25.2738
2023-06-12,23.224001
2023-06-13,23.268101
2023-06-14,23.269501
2023-06-15,23.4484
2023-06-16,23.604601
2023-06-19,23.524599
2023-06-20,23.4841
2023-06-21,23.012501
2023-06-26,22.6611
2023-06-27,22.900999
2023-06-28,22.9069
2023-06-29,22.8829
2023-06-30,23.076599
2023-07-03,23.256599
2023-07-04,23.3013
2023-07-05,23.159201
2023-07-06,23.0292
2023-07-07,22.9501
2023-07-10,23.0464
2023-07-11,23.1987
2023-07-12,22.9538
2023-07-13,23.2442
2023-07-14,23.180599
2023-07-17,23.1252
2023-07-18,23.0896
2023-07-19,23.080601
2023-07-20,22.836399
2023-07-21,22.8473
2023-07-24,22.8274
2023-07-25,23.188999
2023-07-26,23.1423
2023-07-27,23.003099
2023-07-28,23.3188
2023-07-31,23.554501
2023-08-01,23.586599
2023-08-02,23.510201
2023-08-03,23.5868
2023-08-04,23.655399
2023-08-07,23.5049
2023-08-08,23.401899
2023-08-09,23.2458
2023-08-10,23.326099
2023-08-11,22.885799
2023-08-14,22.9492
2023-08-15,22.857401
2023-08-16,22.6908
2023-08-17,22.8466
2023-08-18,22.5264
2023-08-21,22.342199
2023-08-22,22.5026
2023-08-23,22.135
2023-08-24,22.178801
2023-08-25,22.0037
2023-08-28,22.343000000000004
2023-08-29,22.8274
2023-08-30,23.1388
2023-08-31,23.6236
2023-09-01,23.6677
2023-09-04,23.9746
2023-09-05,23.814899
2023-09-06,23.81900000000001
2023-09-07,23.482599
2023-09-08,23.5086
2023-09-11,23.7672
2023-09-12,23.742001
2023-09-13,23.5369
2023-09-14,23.5058
2023-09-15,23.532801
2023-09-18,23.5742
2023-09-19,23.4611
2023-09-20,23.313499
2023-09-21,23.153799
2023-09-22,23.4821
2023-09-25,23.348801
2023-09-26,23.261999
2023-09-27,23.3654
2023-09-28,23.4321
2023-10-09,23.297199
2023-10-10,23.135799
2023-10-11,23.1395
2023-10-12,23.3074
2023-10-13,23.115101
2023-10-16,22.9114
2023-10-17,22.9718
2023-10-18,22.6397
2023-10-19,22.3978
2023-10-20,22.2143
2023-10-23,21.6402
2023-10-24,21.9238
2023-10-25,21.9778
2023-10-26,22.0189
2023-10-27,22.275299
2023-10-30,22.815901
2023-10-31,22.315201
2023-11-01,22.2335
2023-11-02,22.043301
2023-11-03,22.223301
2023-11-06,22.584
2023-11-07,22.5891
2023-11-08,22.575899
2023-11-09,22.508499
2023-11-10,22.431499
2023-11-13,22.5527
2023-11-14,22.658501
2023-11-15,22.787201
2023-11-16,22.5758
2023-11-17,22.6616
2023-11-20,22.7782
2023-11-21,22.7082
2023-11-22,22.453501
2023-11-23,22.6588
2023-11-24,22.4645
2023-11-27,22.4517
2023-11-28,22.554199
2023-11-29,22.409201
2023-11-30,22.410999
2023-12-01,22.4797
2023-12-04,22.449499
2023-12-05,22.0767
2023-12-06,22.151501
2023-12-07,22.1437
2023-12-08,22.2118
2023-12-11,22.366501
2023-12-12,22.388399
2023-12-13,22.163601
2023-12-14,22.1099
2023-12-15,21.9485
2023-12-18,21.702499
2023-12-19,21.670601
2023-12-20,21.4139
2023-12-21,21.5212
2023-12-22,21.421301
2023-12-25,21.422701
2023-12-26,21.2006
2023-12-27,21.3181
2023-12-28,21.6719
2023-12-29,21.836901
2024-01-02,21.7904
2024-01-03,21.777399
2024-01-04,21.616199
2024-01-05,21.358801
2024-01-08,20.9032
2024-01-09,20.952299
2024-01-10,20.867201
2024-01-11,21.101
2024-01-12,21.054701
2024-01-15,21.0168
2024-01-16,21.0072
2024-01-17,20.489
2024-01-18,20.471399
2024-01-19,20.286501
2024-01-22,19.309099
2024-01-23,19.639099
2024-01-24,19.9468
2024-01-25,20.5457
2024-01-26,20.3929
2024-01-29,20.0261
2024-01-30,19.5494
2024-01-31,19.110201
2024-02-01,19.028099
2024-02-02,18.5541
2024-02-05,18.121201
2024-02-06,19.476601
2024-02-07,20.687
2024-02-08,20.840401
2024-02-19,20.763
2024-02-20,20.7852
2024-02-21,20.786699
2024-02-22,20.9678
2024-02-23,21.0504
2024-02-26,21.0769
2024-02-27,21.513201
2024-02-28,21.0474
2024-02-29,21.6835
2024-03-01,21.7789
2024-03-04,21.8025
2024-03-05,21.657301
2024-03-06,21.656401
2024-03-07,21.354
2024-03-08,21.631901
2024-03-11,21.968399
2024-03-12,21.8473
2024-03-13,21.800699
2024-03-14,21.7183
2024-03-15,21.946899
2024-03-18,22.245501
2024-03-19,22.048599
2024-03-20,22.0944
2024-03-21,21.963499
2024-03-22,21.767599
2024-03-25,21.4424
2024-03-26,21.4104
2024-03-27,20.9328
2024-03-28,21.307199
2024-03-29,21.6332
2024-04-01,22.1014
2024-04-02,22.0368
2024-04-03,22.041901
2024-04-08,21.726101
2024-04-09,21.856701
2024-04-10,21.6008
2024-04-11,21.6772
2024-04-12,21.5553
2024-04-15,21.8053
2024-04-16,21.353901
2024-04-17,21.943199
2024-04-18,22.091801
2024-04-19,21.999001
2024-04-22,21.589701
2024-04-23,21.308901
2024-04-24,21.5833
2024-04-25,21.6639
2024-04-26,22.4485
2024-04-29,23.0189
2024-04-30,23.6353
2024-05-06,24.0326
2024-05-07,24.025101
2024-05-08,23.749599
2024-05-09,24.167299
2024-05-10,24.093000000000004
2024-05-13,23.9911
2024-05-14,23.962299
2024-05-15,23.730301
2024-05-16,23.623899
2024-05-17,23.9025
2024-05-20,24.0275
2024-05-21,23.8435
2024-05-22,23.793699
2024-05-23,23.3409
2024-05-24,23.1544
2024-05-27,23.4044
2024-05-28,23.1828
2024-05-29,23.2274
2024-05-30,23.136
2024-05-31,23.1374
2024-06-03,22.972
2024-06-04,23.2698
2024-06-05,22.987301
2024-06-06,22.783001
2024-06-07,22.738199
2024-06-11,22.743401
2024-06-12,22.8165
2024-06-13,22.6581
2024-06-14,22.6936
2024-06-17,22.3002
2024-06-18,22.385099
2024-06-19,22.123501
2024-06-20,21.8367
2024-06-21,21.866199
2024-06-24,21.413
2024-06-25,21.2488
2024-06-26,21.5159
2024-06-27,21.128099
2024-06-28,21.199301
2024-07-01,21.4802
2024-07-02,21.2537
2024-07-03,21.083799
2024-07-04,20.756201
2024-07-05,20.879
2024-07-08,20.5296
2024-07-09,20.893299
2024-07-10,20.7143
2024-07-11,21.1001
2024-07-12,21.015699
2024-07-15,20.8522
2024-07-16,20.864799
2024-07-17,20.6812
2024-07-18,20.788601
2024-07-19,20.7647
2024-07-22,20.7286
2024-07-23,20.1409
2024-07-24,19.934099
2024-07-25,19.946899
2024-07-26,20.2181
2024-07-29,20.121201
2024-07-30,20.061001
2024-07-31,20.819799
2024-08-01,20.688101
2024-08-02,20.439301
2024-08-05,20.066099
2024-08-06,20.290199
2024-08-07,20.2869
2024-08-08,20.306499
2024-08-09,20.093901
2024-08-12,20.069599
2024-08-13,20.1271
2024-08-14,19.867399
2024-08-15,20.004801
2024-08-16,19.875401
2024-08-19,19.929399
2024-08-20,19.560801
2024-08-21,19.498501
2024-08-22,19.3002
2024-08-23,19.247601
2024-08-26,19.4051
2024-08-27,19.219101
2024-08-28,19.2612
2024-08-29,19.432899
2024-08-30,19.8999
2024-09-02,19.852301
2024-09-03,20.0378
2024-09-04,19.9842
2024-09-05,20.0581
2024-09-06,19.7873
2024-09-09,19.634399
2024-09-10,19.627399
2024-09-11,19.618601
2024-09-12,19.559799
2024-09-13,19.3689
2024-09-18,19.452299
2024-09-19,19.683701
2024-09-20,19.5807
2024-09-23,19.5683
2024-09-24,20.4063
2024-09-25,20.5888
2024-09-26,21.4748
2024-09-27,22.575199
2024-09-30,24.8724
2024-10-08,26.5093
2024-10-09,24.698299
2024-10-10,24.572599
2024-10-11,23.651899
2024-10-14,24.2285
2024-10-15,23.5991
2024-10-16,23.576401
2024-10-17,23.337299
2024-10-18,24.2341
2024-10-21,24.4438
2024-10-22,24.6628
2024-10-23,24.7812
2024-10-24,24.540199
2024-10-25,24.873899
2024-10-28,25.3633
2024-10-29,25.1467
2024-10-30,25.157301
2024-10-31,26.436399
2024-11-01,26.1882
2024-11-04,26.6136
2024-11-05,27.3794
2024-11-06,27.414301
2024-11-07,27.968201
2024-11-08,27.8857
2024-11-11,28.2819
2024-11-12,27.990101
2024-11-13,27.9685
2024-11-14,27.1975
2024-11-15,26.556
2024-11-18,26.226
2024-11-19,26.6539
2024-11-20,26.8881
2024-11-21,26.8335
2024-11-22,25.7962
2024-11-25,25.744301
2024-11-26,25.568001
2024-11-27,26.070601
2024-11-28,25.8862
2024-11-29,26.2854
2024-12-02,26.684099
2024-12-03,26.652901
2024-12-04,26.4214
2024-12-05,26.4916
2024-12-06,26.8533
2024-12-09,26.716801
2024-12-10,26.9002
2024-12-11,27.1556
2024-12-12,27.384701
2024-12-13,26.878099
2024-12-16,28.399
2024-12-17,28.123501
2024-12-18,28.3109
2024-12-19,28.3361
2024-12-20,28.393499
2024-12-23,27.9634
2024-12-24,28.3484
2024-12-25,28.101
2024-12-26,28.2757
2024-12-27,28.3514
2024-12-30,28.3363
2024-12-31,27.564199
2025-01-02,26.7334
2025-01-03,26.212099
2025-01-06,26.217699
2025-01-07,26.505501
2025-01-08,26.397301
2025-01-09,26.3181
2025-01-10,25.903099
2025-01-13,25.946899
2025-01-14,26.8228
2025-01-15,26.572901
2025-01-16,26.6814
2025-01-17,26.877501
2025-01-20,26.9767
2025-01-21,27.045799
2025-01-22,27.2244
2025-01-23,27.140499
2025-01-24,27.444799
2025-01-27,27.1649
2025-02-05,27.2075
2025-02-06,27.7917
2025-02-07,28.1772
2025-02-10,28.427799
2025-02-11,28.2745
2025-02-12,28.658701
2025-02-13,28.479
2025-02-14,28.3022
2025-02-17,28.6761
2025-02-18,28.155899
2025-02-19,28.6112
2025-02-20,28.646
2025-02-21,29.1063
2025-02-24,29.062201
2025-02-25,28.725401
2025-02-26,29.040199
2025-02-27,29.01
2025-02-28,28.311501
2025-03-03,28.4205
2025-03-04,28.6679
2025-03-05,28.6784
2025-03-06,29.0956
2025-03-07,28.9398
2025-03-10,28.9622
2025-03-11,29.10300100000001
2025-03-12,29.011299
2025-03-13,28.8249
2025-03-14,29.2894
2025-03-17,29.308201
2025-03-18,29.4097
2025-03-19,29.2822
2025-03-20,29.0651
2025-03-21,28.764299
2025-03-24,28.785999
2025-03-25,28.7652
2025-03-26,28.729601
2025-03-27,28.7325
2025-03-28,28.494499
2025-03-31,28.4279
2025-04-01,28.7085
2025-04-02,28.7199
2025-04-03,28.504
2025-04-07,25.7994
2025-04-08,26.085501
2025-04-09,26.7931
2025-04-10,27.2771
2025-04-11,27.4818
2025-04-14,27.734699
2025-04-15,27.620399
2025-04-16,27.3848
2025-04-17,27.4074
2025-04-18,27.361099
2025-04-21,27.9156
2025-04-22,27.744301
2025-04-23,27.837
2025-04-24,27.831699
2025-04-25,28.043301
2025-04-28,28.0429
2025-04-29,28.128799
2025-04-30,28.268801
2025-05-06,28.759899
2025-05-07,28.867201
2025-05-08,29.040899
2025-05-09,28.8046
2025-05-12,29.2243
2025-05-13,29.138399
2025-05-14,29.242001
2025-05-15,28.8568
2025-05-16,28.8388
2025-05-19,28.907499
2025-05-20,29.0
2025-05-21,29.040001
2025-05-22,28.774599
2025-05-23,28.5292
2025-05-26,28.608101
2025-05-27,28.5476
2025-05-28,28.4897
2025-05-29,28.8773
2025-05-30,28.652399
2025-06-03,28.7838
2025-06-04,28.982901
2025-06-05,29.1035
2025-06-06,29.1054
2025-06-09,29.3083
2025-06-10,29.077299
2025-06-11,29.235201
2025-06-12,29.2694
2025-06-13,29.022699
2025-06-16,28.3221
2025-06-17,28.212
2025-06-18,28.1817
2025-06-19,27.853201
2025-06-20,27.6726
2025-06-23,27.8388
2025-06-24,28.2698
2025-06-25,28.726801
2025-06-26,28.6052
2025-06-27,28.6665
2025-06-30,28.8848
2025-07-01,29.0142
2025-07-02,28.811701
2025-07-03,28.9398
2025-07-04,28.890699
2025-07-07,28.875401
2025-07-08,29.2152
2025-07-09,29.1269
2025-07-10,29.2805
2025-07-11,29.486099
2025-07-14,29.465799
2025-07-15,29.445299
2025-07-16,29.4259
2025-07-17,29.746201
2025-07-18,29.8461
2025-07-21,30.1234
2025-07-22,30.3985
2025-07-23,30.325899
2025-07-24,30.755501
2025-07-25,30.7342
2025-07-28,30.785
2025-07-29,30.9741
2025-07-30,30.780899
2025-07-31,30.311199
2025-08-01,30.2477
2025-08-04,30.459
2025-08-05,30.611
2025-08-06,30.8493
2025-08-07,30.578501
2025-08-08,30.5193
2025-08-11,30.823
2025-08-12,30.933201
2025-08-13,31.330299
2025-08-14,30.954599
2025-08-15,31.57
2025-08-18,31.9373
2025-08-19,31.7792
2025-08-20,32.111301
2025-08-21,32.0228
2025-08-22,32.5872
2025-08-25,33.1316
2025-08-26,33.0936
2025-08-27,32.7329
2025-08-28,33.4043
2025-08-29,33.3339
2025-09-01,33.9201
2025-09-02,33.3245
2025-09-03,32.8707
2025-09-04,32.0941
2025-09-05,33.0916
2025-09-08,33.4463
2025-09-09,33.2117
2025-09-10,33.1791
2025-09-11,33.9787
2025-09-12,34.1072
2025-09-15,34.1125
2025-09-16,34.324
2025-09-17,34.6174
2025-09-18,34.326
2025-09-19,34.1979
2025-09-22,34.418
2025-09-23,34.1741
2025-09-24,34.8338
2025-09-25,34.8942
2025-09-26,34.4539
2025-09-29,34.9239
2025-09-30,35.2263
2025-10-09,35.8299
2025-10-10,35.1799
2025-10-13,35.0539
2025-10-14,34.2667
2025-10-15,34.6996
2025-10-16,34.4292
2025-10-17,33.4446
2025-10-20,33.6578
2025-10-21,34.1644
2025-10-22,33.8979
2025-10-23,33.948
2025-10-24,34.39089966
2025-10-27,34.56240082
2025-10-28,34.02930069
2025-10-29,34.32389832
2025-10-30,33.73450089
2025-10-31,33.39830017
2025-11-03,33.38830185
2025-11-04,32.85390091
2025-11-05,32.95439911
2025-11-06,33.4640007
2025-11-07,33.37649918
2025-11-10,33.48099899
2025-11-11,33.28969955
2025-11-12,33.13700104
2025-11-13,33.53490067
2025-11-14,33.02610016
2025-11-17,32.97900009
2025-11-18,32.57360077
2025-11-19,32.4382019
2025-11-20,32.17240143
2025-11-21,31.10910034
2025-11-24,31.35180092
2025-11-25,31.69300079
2025-11-26,31.7371006
2025-11-27,31.674299240112305
2025-11-28,32.028099060058594
2025-12-01,32.318199157714844
2025-12-02,32.042999267578125
2025-12-03,31.876300811767567
2025-12-04,31.935400009155273
2025-12-05,32.351699829101555
2025-12-08,32.66640090942383
2025-12-09,32.454601287841804
2025-12-10,32.59469985961914
2025-12-11,32.27470016479492
2025-12-12,32.66439819335937
2025-12-15,32.350799560546875
2025-12-16,31.85689926147461
2025-12-17,32.441299438476555
2025-12-18,32.29019927978516
2025-12-19,32.582298278808594
2025-12-22,32.952499389648445
2025-12-23,32.960800170898445
2025-12-24,33.372299194335945
2025-12-25,33.613601684570305
2025-12-26,33.82789993286133
2025-12-29,33.703201293945305
2025-12-30,33.79399871826172
2025-12-31,33.80199813842773
2026-01-05,34.67340087890625
2026-01-06,35.375301361083984
2026-01-07,35.660400390625
2026-01-08,35.72420120239258
2026-01-09,36.42990112304688
2026-01-12,37.28760147094727
2026-01-13,36.98789978027344
2026-01-14,37.33369827270508
2026-01-15,37.30009841918945
2026-01-16,37.38010025024414
2026-01-19,37.60150146484375
2026-01-20,37.41320037841797
2026-01-21,37.82120132446289
2026-01-22,38.066001892089844
2026-01-23,38.89690017700195
2026-01-26,38.524600982666016
2026-01-27,38.69820022583008
2026-01-28,38.94860076904297
2026-01-29,38.58369827270508
2026-01-30,37.93159866333008
2026-02-02,36.4015007019043
2026-02-03,37.44940185546875
2026-02-04,37.5974006652832
2026-02-05,36.918800354003906
2026-02-06,36.9025993347168
2026-02-09,37.60319900512695
2026-02-10,37.60430145263672
2026-02-11,37.70230102539063
2026-02-12,38.0796012878418
2026-02-13,37.54719924926758
2026-02-24,38.03060150146485
2026-02-25,38.47169876098633
2026-02-26,38.56399917602539
2026-02-27,38.837100982666016
2026-03-02,38.85100173950195
2026-03-03,37.2671012878418
2026-03-04,37.10070037841797
2026-03-05,37.34189987182617
2026-03-06,37.54779815673828
2026-03-09,37.18149948120117
2026-03-10,37.76279830932617
2026-03-11,37.76240158081055
2026-03-12,37.6348991394043
2026-03-13,37.112701416015625
2026-03-16,36.902000427246094
2026-03-17,36.1598014831543
2026-03-18,36.46549987792969
2026-03-19,35.627899169921875
2026-03-20,35.075698852539055
2026-03-23,33.598899841308594
2026-03-24,34.634300231933594
2026-03-25,35.35049819946289
2026-03-26,34.64339828491211
2026-03-27,35.2151985168457
2026-03-30,35.14910125732422
2026-03-31,34.595001220703125
2026-04-01,35.247798919677734
2026-04-02,34.654998779296875
2026-04-03,34.29209899902344
2026-04-07,34.46440124511719
2026-04-08,35.83509826660156
2026-04-09,35.58599853515625
