,510800
2017-12-22,1.0003
2017-12-25,1.0003
2017-12-26,1.0003
2017-12-27,1.0003
2017-12-28,1.0003
2017-12-29,1.0009
2018-01-02,1.0012
2018-01-03,1.0012
2018-01-04,1.0012
2018-01-05,1.0017
2018-01-08,1.0021
2018-01-09,1.0021
2018-01-10,1.0021
2018-01-11,1.0021
2018-01-12,1.0096
2018-01-15,1.0196
2018-01-16,1.0244
2018-01-17,1.0283
2018-01-18,1.0383
2018-01-19,1.0419
2018-01-22,1.0459
2018-01-23,1.0612
2018-01-24,1.0624
2018-01-25,1.0548
2018-01-26,1.0602
2018-01-29,1.0429
2018-01-30,1.029
2018-01-31,1.0416
2018-02-01,1.0493
2018-02-02,1.0519
2018-02-05,1.0618
2018-02-06,1.0416
2018-02-07,1.0136
2018-02-08,0.9869
2018-02-09,0.9434
2018-02-12,0.9418
2018-02-13,0.9571
2018-02-14,0.9632
2018-02-22,0.9823
2018-02-23,0.9904
2018-02-26,0.9958
2018-02-27,0.9809
2018-02-28,0.9654
2018-03-01,0.9705
2018-03-02,0.9621
2018-03-05,0.9623
2018-03-06,0.9722
2018-03-07,0.9677
2018-03-08,0.9744
2018-03-09,0.9777
2018-03-12,0.9782
2018-03-13,0.9695
2018-03-14,0.9655
2018-03-15,0.9734
2018-03-16,0.9654
2018-03-19,0.9743
2018-03-20,0.9766
2018-03-21,0.9732
2018-03-22,0.9639
2018-03-23,0.9388
2018-03-26,0.9212
2018-03-27,0.9241
2018-03-28,0.9065
2018-03-29,0.9212
2018-03-30,0.9157
2018-04-02,0.9115
2018-04-03,0.9068
2018-04-04,0.9086
2018-04-09,0.913
2018-04-10,0.9349
2018-04-11,0.9365
2018-04-12,0.9248
2018-04-13,0.9171
2018-04-16,0.8966
2018-04-17,0.8869
2018-04-18,0.8932
2018-04-19,0.9029
2018-04-20,0.8915
2018-04-23,0.8975
2018-04-24,0.9171
2018-04-25,0.9107
2018-04-26,0.8987
2018-04-27,0.8947
2018-05-02,0.8942
2018-05-03,0.898
2018-05-04,0.8921
2018-05-07,0.9046
2018-05-08,0.9183
2018-05-09,0.9167
2018-05-10,0.9211
2018-05-11,0.9197
2018-05-14,0.9296
2018-05-15,0.9291
2018-05-16,0.918
2018-05-17,0.9131
2018-05-18,0.9269
2018-05-21,0.9291
2018-05-22,0.9236
2018-05-23,0.9092
2018-05-24,0.9037
2018-05-25,0.9042
2018-05-28,0.9089
2018-05-29,0.9064
2018-05-30,0.887
2018-05-31,0.9047
2018-06-01,0.901
2018-06-04,0.916
2018-06-05,0.9202
2018-06-06,0.9152
2018-06-07,0.9189
2018-06-08,0.9051
2018-06-11,0.9089
2018-06-12,0.9182
2018-06-13,0.9129
2018-06-14,0.913
2018-06-15,0.9153
2018-06-19,0.8923
2018-06-20,0.8924
2018-06-21,0.8861
2018-06-22,0.8879
2018-06-25,0.8718
2018-06-26,0.8618
2018-06-27,0.8435
2018-06-28,0.8347
2018-06-29,0.8544
2018-07-02,0.8225
2018-07-03,0.8238
2018-07-04,0.8170000000000001
2018-07-05,0.8195
2018-07-06,0.8294
2018-07-09,0.8535
2018-07-10,0.8538
2018-07-11,0.8407
2018-07-12,0.8579
2018-07-13,0.8609
2018-07-16,0.8531
2018-07-17,0.8487
2018-07-18,0.8458
2018-07-19,0.8476
2018-07-20,0.8712
2018-07-23,0.8827
2018-07-24,0.8956
2018-07-25,0.8958
2018-07-26,0.8846
2018-07-27,0.8833
2018-07-30,0.889
2018-07-31,0.8904
2018-08-01,0.8713
2018-08-02,0.8540000000000001
2018-08-03,0.8447
2018-08-06,0.8423
2018-08-07,0.8677
2018-08-08,0.8569
2018-08-09,0.8769
2018-08-10,0.8765
2018-08-13,0.8678
2018-08-14,0.8646
2018-08-15,0.8436
2018-08-16,0.8424
2018-08-17,0.8318
2018-08-20,0.8441
2018-08-21,0.8591
2018-08-22,0.8584
2018-08-23,0.8622
2018-08-24,0.8667
2018-08-27,0.8843
2018-08-28,0.8804
2018-08-29,0.8778
2018-08-30,0.8694
2018-08-31,0.868
2018-09-03,0.865
2018-09-04,0.8772
2018-09-05,0.8567
2018-09-06,0.8493
2018-09-07,0.8569
2018-09-10,0.8486
2018-09-11,0.8436
2018-09-12,0.838
2018-09-13,0.8498
2018-09-14,0.8534
2018-09-17,0.8444
2018-09-18,0.865
2018-09-19,0.8749
2018-09-20,0.8749
2018-09-21,0.9053
2018-09-25,0.8963
2018-09-26,0.9088
2018-09-27,0.9062
2018-09-28,0.9171
2018-10-08,0.8744
2018-10-09,0.8761
2018-10-10,0.8769
2018-10-11,0.8407
2018-10-12,0.8594
2018-10-15,0.8483
2018-10-16,0.8493
2018-10-17,0.8541
2018-10-18,0.833
2018-10-19,0.8601
2018-10-22,0.8928
2018-10-23,0.8664
2018-10-24,0.8709
2018-10-25,0.8735
2018-10-26,0.8679
2018-10-29,0.8401
2018-10-30,0.8492
2018-10-31,0.8617
2018-11-01,0.8649
2018-11-02,0.8938
2018-11-05,0.8829
2018-11-06,0.8787
2018-11-07,0.8726
2018-11-08,0.8738
2018-11-09,0.8557
2018-11-12,0.8593
2018-11-13,0.8656
2018-11-14,0.8540000000000001
2018-11-15,0.8645
2018-11-16,0.8655
2018-11-19,0.8763
2018-11-20,0.8606
2018-11-21,0.8622
2018-11-22,0.8576
2018-11-23,0.8443
2018-11-26,0.8452
2018-11-27,0.8425
2018-11-28,0.8518
2018-11-29,0.8451
2018-11-30,0.8542
2018-12-03,0.8752
2018-12-04,0.8779
2018-12-05,0.8729
2018-12-06,0.8563
2018-12-07,0.8549
2018-12-10,0.8471
2018-12-11,0.8495
2018-12-12,0.8522
2018-12-13,0.8643
2018-12-14,0.8521
2018-12-17,0.8526
2018-12-18,0.8427
2018-12-19,0.8328
2018-12-20,0.8207
2018-12-21,0.8106
2018-12-24,0.8117
2018-12-25,0.8075
2018-12-26,0.802
2018-12-27,0.8001
2018-12-28,0.8061
2019-01-02,0.795
2019-01-03,0.7974
2019-01-04,0.8132
2019-01-07,0.813
2019-01-08,0.8099
2019-01-09,0.8195
2019-01-10,0.8192
2019-01-11,0.8271
2019-01-14,0.8189
2019-01-15,0.8353
2019-01-16,0.8363
2019-01-17,0.8329
2019-01-18,0.8490000000000001
2019-01-21,0.8544
2019-01-22,0.8436
2019-01-23,0.8424
2019-01-24,0.8475
2019-01-25,0.858
2019-01-28,0.8563
2019-01-29,0.8629
2019-01-30,0.8574
2019-01-31,0.8724
2019-02-01,0.8781
2019-02-11,0.8875
2019-02-12,0.8896
2019-02-13,0.9061
2019-02-14,0.9046
2019-02-15,0.8841
2019-02-18,0.9069
2019-02-19,0.9055
2019-02-20,0.9087
2019-02-21,0.9048
2019-02-22,0.9209
2019-02-25,0.9783
2019-02-26,0.9595
2019-02-27,0.9652
2019-02-28,0.9631
2019-03-01,0.9896
2019-03-04,0.9944
2019-03-05,0.9933
2019-03-06,0.9975
2019-03-07,0.98
2019-03-08,0.9439
2019-03-11,0.9521
2019-03-12,0.956
2019-03-13,0.9574
2019-03-14,0.9591
2019-03-15,0.9685
2019-03-18,0.9926
2019-03-19,0.9863
2019-03-20,0.9882
2019-03-21,0.9847
2019-03-22,0.9821
2019-03-25,0.9551
2019-03-26,0.9508
2019-03-27,0.9632
2019-03-28,0.9606
2019-03-29,0.997
2019-04-01,1.0155
2019-04-02,1.0142
2019-04-03,1.0251
2019-04-04,1.0362
2019-04-08,1.0405
2019-04-09,1.0424
2019-04-10,1.0464
2019-04-11,1.0287
2019-04-12,1.0259
2019-04-15,1.0274
2019-04-16,1.0616
2019-04-17,1.0596
2019-04-18,1.0553
2019-04-19,1.0683
2019-04-22,1.0432
2019-04-23,1.046
2019-04-24,1.0447
2019-04-25,1.0284
2019-04-26,1.0161
2019-04-29,1.0324
2019-04-30,1.0344
2019-05-06,0.9852
2019-05-07,0.9856
2019-05-08,0.9689
2019-05-09,0.9479
2019-05-10,0.9812
2019-05-13,0.9628
2019-05-14,0.9571
2019-05-15,0.9778
2019-05-16,0.9813
2019-05-17,0.9617
2019-05-20,0.9547
2019-05-21,0.9633
2019-05-22,0.9585
2019-05-23,0.9468
2019-05-24,0.9524
2019-05-27,0.9601
2019-05-28,0.97
2019-05-29,0.9724
2019-05-30,0.9679
2019-05-31,0.9639
2019-06-03,0.9694
2019-06-04,0.9618
2019-06-05,0.9612
2019-06-06,0.9566
2019-06-10,0.9694
2019-06-11,0.9951
2019-06-12,0.9894
2019-06-13,0.9886
2019-06-14,0.9862
2019-06-17,0.9885
2019-06-18,0.9929
2019-06-19,1.0094
2019-06-20,1.0444
2019-06-21,1.0429
2019-06-24,1.0468
2019-06-25,1.0329
2019-06-26,1.0314
2019-06-27,1.0434
2019-06-28,1.0428
2019-07-01,1.0682
2019-07-02,1.0671
2019-07-03,1.0565
2019-07-04,1.0524
2019-07-05,1.0572
2019-07-08,1.0349
2019-07-09,1.0309
2019-07-10,1.0303
2019-07-11,1.0336
2019-07-12,1.0417
2019-07-15,1.0419
2019-07-16,1.0357
2019-07-17,1.0327
2019-07-18,1.0271
2019-07-19,1.0401
2019-07-22,1.0396
2019-07-23,1.0401
2019-07-24,1.0495
2019-07-25,1.0585
2019-07-26,1.0617
2019-07-29,1.0587
2019-07-30,1.0636
2019-07-31,1.0526
2019-08-01,1.044
2019-08-02,1.029
2019-08-05,1.0086
2019-08-06,0.9992
2019-08-07,0.9945
2019-08-08,1.0118
2019-08-09,1.0067
2019-08-12,1.0308
2019-08-13,1.0195
2019-08-14,1.0237
2019-08-15,1.0274
2019-08-16,1.0311
2019-08-19,1.0501
2019-08-20,1.0496
2019-08-21,1.0472
2019-08-22,1.0502
2019-08-23,1.0642
2019-08-26,1.0448
2019-08-27,1.0534
2019-08-28,1.046
2019-08-29,1.0418
2019-08-30,1.048
2019-09-02,1.0561
2019-09-03,1.0552
2019-09-04,1.0666
2019-09-05,1.0797
2019-09-06,1.0902
2019-09-09,1.0903
2019-09-10,1.0861
2019-09-11,1.0815
2019-09-12,1.0968
2019-09-16,1.0905
2019-09-17,1.0743
2019-09-18,1.0806
2019-09-19,1.0815
2019-09-20,1.0839
2019-09-23,1.0721
2019-09-24,1.0756
2019-09-25,1.0731
2019-09-26,1.0725
2019-09-27,1.073
2019-09-30,1.063
2019-10-08,1.0713
2019-10-09,1.0712
2019-10-10,1.0776
2019-10-11,1.0929
2019-10-14,1.1041
2019-10-15,1.1046
2019-10-16,1.1007
2019-10-17,1.1031
2019-10-18,1.0855
2019-10-21,1.0873
2019-10-22,1.0889
2019-10-23,1.0822
2019-10-24,1.0837
2019-10-25,1.0873
2019-10-28,1.0933
2019-10-29,1.0882
2019-10-30,1.0833
2019-10-31,1.0847
2019-11-01,1.1021
2019-11-04,1.1093
2019-11-05,1.1163
2019-11-06,1.1154
2019-11-07,1.1156
2019-11-08,1.1086
2019-11-11,1.0914
2019-11-12,1.0934
2019-11-13,1.0922
2019-11-14,1.0926
2019-11-15,1.088
2019-11-18,1.102
2019-11-19,1.1093
2019-11-20,1.0977
2019-11-21,1.091
2019-11-22,1.0809
2019-11-25,1.0915
2019-11-26,1.0898
2019-11-27,1.0889
2019-11-28,1.0839
2019-11-29,1.0709
2019-12-02,1.0726
2019-12-03,1.0763
2019-12-04,1.0732
2019-12-05,1.0809
2019-12-06,1.0876
2019-12-09,1.0855
2019-12-10,1.0871
2019-12-11,1.092
2019-12-12,1.0878
2019-12-13,1.1121
2019-12-16,1.1093
2019-12-17,1.1217
2019-12-18,1.1192
2019-12-19,1.1167
2019-12-20,1.1149
2019-12-23,1.1054
2019-12-24,1.1101
2019-12-25,1.1062
2019-12-26,1.1162
2019-12-27,1.1184
2019-12-30,1.1351
2019-12-31,1.1351
2020-01-02,1.1452
2020-01-03,1.1406
2020-01-06,1.1333
2020-01-07,1.1397
2020-01-08,1.1264
2020-01-09,1.1373
2020-01-10,1.1374
2020-01-13,1.1455
2020-01-14,1.1424
2020-01-15,1.1341
2020-01-16,1.1287
2020-01-17,1.1335
2020-01-20,1.14
2020-01-21,1.1201
2020-01-22,1.123
2020-01-23,1.0924
2020-02-03,1.0171
2020-02-04,1.0419
2020-02-05,1.0512
2020-02-06,1.0664
2020-02-07,1.0656
2020-02-10,1.0647
2020-02-11,1.0767
2020-02-12,1.0835
2020-02-13,1.0771
2020-02-14,1.0839
2020-02-17,1.105
2020-02-18,1.0976
2020-02-19,1.097
2020-02-20,1.1164
2020-02-21,1.1142
2020-02-24,1.1006
2020-02-25,1.0932
2020-02-26,1.0916
2020-02-27,1.0976
2020-02-28,1.0644
2020-03-02,1.0962
2020-03-03,1.1013
2020-03-04,1.1108
2020-03-05,1.1367
2020-03-06,1.1174
2020-03-09,1.0818
2020-03-10,1.1024
2020-03-11,1.0891
2020-03-12,1.0719
2020-03-13,1.0559
2020-03-16,1.0169
2020-03-17,1.0137
2020-03-18,0.9914
2020-03-19,0.9706
2020-03-20,0.993
2020-03-23,0.9672
2020-03-24,0.9968
2020-03-25,1.0195
2020-03-26,1.0158
2020-03-27,1.0205
2020-03-30,1.0162
2020-03-31,1.0158
2020-04-01,1.0131
2020-04-02,1.0272
2020-04-03,1.023
2020-04-07,1.0411
2020-04-08,1.0361
2020-04-09,1.0395
2020-04-10,1.0385
2020-04-13,1.0344
2020-04-14,1.0517
2020-04-15,1.0438
2020-04-16,1.0459
2020-04-17,1.061
2020-04-20,1.0684
2020-04-21,1.0551
2020-04-22,1.0632
2020-04-23,1.0608
2020-04-24,1.0528
2020-04-27,1.0634
2020-04-28,1.0705
2020-04-29,1.0786
2020-04-30,1.0852
2020-05-06,1.0861
2020-05-07,1.0826
2020-05-08,1.0927
2020-05-11,1.0944
2020-05-12,1.0935
2020-05-13,1.0928
2020-05-14,1.0808
2020-05-15,1.0758
2020-05-18,1.0835
2020-05-19,1.0927
2020-05-20,1.091
2020-05-21,1.0879
2020-05-22,1.0618
2020-05-25,1.0666
2020-05-26,1.0738
2020-05-27,1.069
2020-05-28,1.0742
2020-05-29,1.0742
2020-06-01,1.0978
2020-06-02,1.1035
2020-06-03,1.1048
2020-06-04,1.103
2020-06-05,1.1079
2020-06-08,1.1144
2020-06-09,1.122
2020-06-10,1.1171
2020-06-11,1.106
2020-06-12,1.1085
2020-06-15,1.0914
2020-06-16,1.1063
2020-06-17,1.107
2020-06-18,1.1108
2020-06-19,1.1259
2020-06-22,1.1273
2020-06-23,1.1297
2020-06-24,1.1397
2020-06-29,1.1329
2020-06-30,1.1417
2020-07-01,1.168
2020-07-02,1.1958
2020-07-03,1.2246
2020-07-06,1.3061
2020-07-07,1.3114
2020-07-08,1.3302
2020-07-09,1.3374
2020-07-10,1.3077
2020-07-13,1.3239
2020-07-14,1.3102
2020-07-15,1.2996
2020-07-16,1.249
2020-07-17,1.2583
2020-07-20,1.2986
2020-07-21,1.2987
2020-07-22,1.3027
2020-07-23,1.301
2020-07-24,1.2522
2020-07-27,1.2539
2020-07-28,1.2628
2020-07-29,1.2872
2020-07-30,1.2826
2020-07-31,1.2919999999999998
2020-08-03,1.3045
2020-08-04,1.3163
2020-08-05,1.3087
2020-08-06,1.3095
2020-08-07,1.2989
2020-08-10,1.3090000000000002
2020-08-11,1.3002
2020-08-12,1.2963
2020-08-13,1.2929
2020-08-14,1.3109
2020-08-17,1.3428
2020-08-18,1.3463
2020-08-19,1.3227
2020-08-20,1.3065
2020-08-21,1.3153
2020-08-24,1.3204
2020-08-25,1.3251
2020-08-26,1.3123
2020-08-27,1.3174
2020-08-28,1.349
2020-08-31,1.3396
2020-09-01,1.344
2020-09-02,1.3415
2020-09-03,1.337
2020-09-04,1.3279
2020-09-07,1.3054
2020-09-08,1.3196
2020-09-09,1.2984
2020-09-10,1.3019999999999998
2020-09-11,1.3102
2020-09-14,1.3214
2020-09-15,1.3304
2020-09-16,1.3237
2020-09-17,1.3125
2020-09-18,1.3448
2020-09-21,1.332
2020-09-22,1.3169
2020-09-23,1.3192
2020-09-24,1.2964
2020-09-25,1.3006
2020-09-28,1.3090000000000002
2020-09-29,1.3055
2020-09-30,1.3021
2020-10-09,1.3241
2020-10-12,1.3644
2020-10-13,1.364
2020-10-14,1.357
2020-10-15,1.3576
2020-10-16,1.3614
2020-10-19,1.351
2020-10-20,1.3548
2020-10-21,1.3601
2020-10-22,1.3579
2020-10-23,1.3489
2020-10-26,1.3325
2020-10-27,1.3285
2020-10-28,1.336
2020-10-29,1.3403
2020-10-30,1.3229
2020-11-02,1.3168
2020-11-03,1.3334
2020-11-04,1.3431
2020-11-05,1.358
2020-11-06,1.3537
2020-11-09,1.3784
2020-11-10,1.3773
2020-11-11,1.3759
2020-11-12,1.3706
2020-11-13,1.3475
2020-11-16,1.3629
2020-11-17,1.3639
2020-11-18,1.367
2020-11-19,1.376
2020-11-20,1.3769
2020-11-23,1.3995
2020-11-24,1.3898
2020-11-25,1.3806
2020-11-26,1.3905
2020-11-27,1.4117
2020-11-30,1.4004
2020-12-01,1.4340000000000002
2020-12-02,1.4311
2020-12-03,1.4277
2020-12-04,1.4294
2020-12-07,1.4168
2020-12-08,1.4124
2020-12-09,1.4
2020-12-10,1.3964
2020-12-11,1.3839
2020-12-14,1.3974
2020-12-15,1.3977
2020-12-16,1.4053
2020-12-17,1.4266
2020-12-18,1.4143
2020-12-21,1.4203
2020-12-22,1.4001
2020-12-23,1.4093
2020-12-24,1.4069
2020-12-25,1.4161
2020-12-28,1.4204
2020-12-29,1.4179
2020-12-30,1.4419
2020-12-31,1.469
2021-01-04,1.4701
2021-01-05,1.4858
2021-01-06,1.5065
2021-01-07,1.5353
2021-01-08,1.5274
2021-01-11,1.5226
2021-01-12,1.5734
2021-01-13,1.5601
2021-01-14,1.5361
2021-01-15,1.5389
2021-01-18,1.5519999999999998
2021-01-19,1.5359
2021-01-20,1.5383
2021-01-21,1.5525
2021-01-22,1.5526
2021-01-25,1.5729
2021-01-26,1.5394
2021-01-27,1.5413
2021-01-28,1.5084
2021-01-29,1.4997
2021-02-01,1.5137
2021-02-02,1.5231
2021-02-03,1.5245
2021-02-04,1.5343
2021-02-05,1.55
2021-02-08,1.57
2021-02-09,1.5946
2021-02-10,1.6247
2021-02-18,1.6186
2021-02-19,1.6185
2021-02-22,1.5664
2021-02-23,1.5732
2021-02-24,1.5365
2021-02-25,1.5545
2021-02-26,1.5174
2021-03-01,1.5295
2021-03-02,1.5025
2021-03-03,1.5433
2021-03-04,1.5
2021-03-05,1.4922
2021-03-08,1.4464
2021-03-09,1.4213
2021-03-10,1.4302
2021-03-11,1.4681
2021-03-12,1.4713
2021-03-15,1.445
2021-03-16,1.4579
2021-03-17,1.4547
2021-03-18,1.4606
2021-03-19,1.4235
2021-03-22,1.4340000000000002
2021-03-23,1.4256
2021-03-24,1.4056
2021-03-25,1.4049
2021-03-26,1.4311
2021-03-29,1.4342
2021-03-30,1.4501
2021-03-31,1.4352
2021-04-01,1.4528
2021-04-02,1.4664
2021-04-06,1.4577
2021-04-07,1.4433
2021-04-08,1.4494
2021-04-09,1.4257
2021-04-12,1.4108
2021-04-13,1.4048
2021-04-14,1.4079
2021-04-15,1.3926
2021-04-16,1.3994
2021-04-19,1.4261
2021-04-20,1.425
2021-04-21,1.4276
2021-04-22,1.419
2021-04-23,1.4337
2021-04-26,1.4112
2021-04-27,1.4146
2021-04-28,1.4134
2021-04-29,1.4315
2021-04-30,1.4208
2021-05-06,1.4042
2021-05-07,1.3866
2021-05-10,1.3841
2021-05-11,1.3996
2021-05-12,1.4039
2021-05-13,1.3904
2021-05-14,1.4265
2021-05-17,1.4424
2021-05-18,1.4418
2021-05-19,1.4316
2021-05-20,1.4369999999999998
2021-05-21,1.4213
2021-05-24,1.4278
2021-05-25,1.4857
2021-05-26,1.4921
2021-05-27,1.4952
2021-05-28,1.4935
2021-05-31,1.4898
2021-06-01,1.4901
2021-06-02,1.4786
2021-06-03,1.4661
2021-06-04,1.4748
2021-06-07,1.47
2021-06-08,1.4632
2021-06-09,1.4665
2021-06-10,1.4748
2021-06-11,1.4635
2021-06-15,1.443
2021-06-16,1.4265
2021-06-17,1.4266
2021-06-18,1.4158
2021-06-21,1.4068
2021-06-22,1.4206
2021-06-23,1.425
2021-06-24,1.4308
2021-06-25,1.4544
2021-06-28,1.4489
2021-06-29,1.4355
2021-06-30,1.4444
2021-07-01,1.4594
2021-07-02,1.4074
2021-07-05,1.4059
2021-07-06,1.4079
2021-07-07,1.4158
2021-07-08,1.395
2021-07-09,1.3911
2021-07-12,1.4016
2021-07-13,1.4076
2021-07-14,1.3862
2021-07-15,1.4164
2021-07-16,1.3994
2021-07-19,1.4058
2021-07-20,1.403
2021-07-21,1.4087
2021-07-22,1.412
2021-07-23,1.3976
2021-07-26,1.3445
2021-07-27,1.3027
2021-07-28,1.3144
2021-07-29,1.3267
2021-07-30,1.3069
2021-08-02,1.3393
2021-08-03,1.3444
2021-08-04,1.3483
2021-08-05,1.347
2021-08-06,1.3352
2021-08-09,1.3515
2021-08-10,1.3736
2021-08-11,1.3638
2021-08-12,1.3487
2021-08-13,1.3455
2021-08-16,1.3493
2021-08-17,1.3195
2021-08-18,1.3371
2021-08-19,1.3181
2021-08-20,1.2895
2021-08-23,1.3015
2021-08-24,1.3214
2021-08-25,1.3264
2021-08-26,1.297
2021-08-27,1.3112
2021-08-30,1.3069
2021-08-31,1.3006
2021-09-01,1.3291
2021-09-02,1.33
2021-09-03,1.3335
2021-09-06,1.3483
2021-09-07,1.3641
2021-09-08,1.3497
2021-09-09,1.3461
2021-09-10,1.3662
2021-09-13,1.362
2021-09-14,1.3401
2021-09-15,1.3227
2021-09-16,1.3151
2021-09-17,1.3297
2021-09-22,1.3131
2021-09-23,1.3153
2021-09-24,1.3224
2021-09-27,1.345
2021-09-28,1.3496
2021-09-29,1.3445
2021-09-30,1.3436
2021-10-08,1.3682
2021-10-11,1.3765
2021-10-12,1.3693
2021-10-13,1.3833
2021-10-14,1.3741
2021-10-15,1.3847
2021-10-18,1.3575
2021-10-19,1.3689
2021-10-20,1.3682
2021-10-21,1.378
2021-10-22,1.3944
2021-10-25,1.3937
2021-10-26,1.3843
2021-10-27,1.3664
2021-10-28,1.3630000000000002
2021-10-29,1.3745
2021-11-01,1.3678
2021-11-02,1.3516
2021-11-03,1.3389
2021-11-04,1.3497
2021-11-05,1.3473
2021-11-08,1.3451
2021-11-09,1.3412
2021-11-10,1.3342
2021-11-11,1.3605
2021-11-12,1.3559
2021-11-15,1.3567
2021-11-16,1.3568
2021-11-17,1.3514
2021-11-18,1.3372
2021-11-19,1.3536
2021-11-22,1.3534
2021-11-23,1.3583
2021-11-24,1.3615
2021-11-25,1.3558
2021-11-26,1.3436
2021-11-29,1.3439
2021-11-30,1.3348
2021-12-01,1.3417
2021-12-02,1.346
2021-12-03,1.3587
2021-12-06,1.3613
2021-12-07,1.3721
2021-12-08,1.3931
2021-12-09,1.4161
2021-12-10,1.4136
2021-12-13,1.4159
2021-12-14,1.4089
2021-12-15,1.3951
2021-12-16,1.4
2021-12-17,1.3784
2021-12-20,1.3686
2021-12-21,1.376
2021-12-22,1.3708
2021-12-23,1.3817
2021-12-24,1.383
2021-12-27,1.3781
2021-12-28,1.3886
2021-12-29,1.3628
2021-12-30,1.3714
2021-12-31,1.3766
2022-01-04,1.3721
2022-01-05,1.3678
2022-01-06,1.3496
2022-01-07,1.3546
2022-01-10,1.3599
2022-01-11,1.351
2022-01-12,1.3601
2022-01-13,1.3385
2022-01-14,1.3195
2022-01-17,1.3232
2022-01-18,1.3396
2022-01-19,1.3393
2022-01-20,1.3584
2022-01-21,1.3523
2022-01-24,1.3485
2022-01-25,1.3215
2022-01-26,1.3298
2022-01-27,1.3113
2022-01-28,1.284
2022-02-07,1.3087
2022-02-08,1.3095
2022-02-09,1.3191
2022-02-10,1.3213
2022-02-11,1.3203
2022-02-14,1.3042
2022-02-15,1.3109
2022-02-16,1.3176
2022-02-17,1.3189
2022-02-18,1.3287
2022-02-21,1.3212
2022-02-22,1.3034
2022-02-23,1.3101
2022-02-24,1.2857
2022-02-25,1.2925
2022-02-28,1.2946
2022-03-01,1.3133
2022-03-02,1.3056
2022-03-03,1.3013
2022-03-04,1.2867
2022-03-07,1.2501
2022-03-08,1.2328
2022-03-09,1.2219
2022-03-10,1.2328
2022-03-11,1.2336
2022-03-14,1.1986
2022-03-15,1.1366
2022-03-16,1.1885
2022-03-17,1.2091
2022-03-18,1.2242
2022-03-21,1.2155
2022-03-22,1.2191
2022-03-23,1.2256
2022-03-24,1.2202
2022-03-25,1.2006
2022-03-28,1.1991
2022-03-29,1.1945
2022-03-30,1.225
2022-03-31,1.2181
2022-04-01,1.2364
2022-04-06,1.2314
2022-04-07,1.2195
2022-04-08,1.2286
2022-04-11,1.1956
2022-04-12,1.2152
2022-04-13,1.2102
2022-04-14,1.2293
2022-04-15,1.23
2022-04-18,1.2123
2022-04-19,1.2014
2022-04-20,1.1906
2022-04-21,1.1753
2022-04-22,1.1824
2022-04-25,1.1277
2022-04-26,1.1266
2022-04-27,1.1492
2022-04-28,1.1638
2022-04-29,1.1797
2022-05-05,1.1777
2022-05-06,1.144
2022-05-09,1.1338
2022-05-10,1.1433
2022-05-11,1.153
2022-05-12,1.1447
2022-05-13,1.1557
2022-05-16,1.1442
2022-05-17,1.1594
2022-05-18,1.1548
2022-05-19,1.1543
2022-05-20,1.1808
2022-05-23,1.1702
2022-05-24,1.1498
2022-05-25,1.1538
2022-05-26,1.1545
2022-05-27,1.1624
2022-05-30,1.1694
2022-05-31,1.1840000000000002
2022-06-01,1.1784
2022-06-02,1.1753
2022-06-06,1.1909
2022-06-07,1.1995
2022-06-08,1.2143
2022-06-09,1.2096
2022-06-10,1.2246
2022-06-13,1.2009
2022-06-14,1.2168
2022-06-15,1.2336
2022-06-16,1.2226
2022-06-17,1.2414
2022-06-20,1.2391
2022-06-21,1.2417
2022-06-22,1.2276
2022-06-23,1.2461
2022-06-24,1.2623
2022-06-27,1.2787
2022-06-28,1.2899
2022-06-29,1.2774
2022-06-30,1.3013
2022-07-01,1.2959
2022-07-04,1.2979
2022-07-05,1.2989
2022-07-06,1.2765
2022-07-07,1.2735
2022-07-08,1.2752
2022-07-11,1.256
2022-07-12,1.2489
2022-07-13,1.2458
2022-07-14,1.2383
2022-07-15,1.2201
2022-07-18,1.237
2022-07-19,1.2314
2022-07-20,1.235
2022-07-21,1.2206
2022-07-22,1.2256
2022-07-25,1.2205
2022-07-26,1.2279
2022-07-27,1.2175
2022-07-28,1.217
2022-07-29,1.2022
2022-08-01,1.1978
2022-08-02,1.1765
2022-08-03,1.1682
2022-08-04,1.181
2022-08-05,1.196
2022-08-08,1.19
2022-08-09,1.1914
2022-08-10,1.1773
2022-08-11,1.2011
2022-08-12,1.2058
2022-08-15,1.1998
2022-08-16,1.1944
2022-08-17,1.2017
2022-08-18,1.1907
2022-08-19,1.187
2022-08-22,1.1898
2022-08-23,1.1815
2022-08-24,1.1696
2022-08-25,1.1886
2022-08-26,1.1891
2022-08-29,1.1809
2022-08-30,1.1784
2022-08-31,1.1927
2022-09-01,1.1802
2022-09-02,1.1712
2022-09-05,1.1656
2022-09-06,1.177
2022-09-07,1.1714
2022-09-08,1.1704
2022-09-09,1.1913
2022-09-13,1.1962
2022-09-14,1.1862
2022-09-15,1.1852
2022-09-16,1.1571
2022-09-19,1.1581
2022-09-20,1.156
2022-09-21,1.1467
2022-09-22,1.1371
2022-09-23,1.1371
2022-09-26,1.1304
2022-09-27,1.1427
2022-09-28,1.1293
2022-09-29,1.1278
2022-09-30,1.128
2022-10-10,1.0999
2022-10-11,1.0976
2022-10-12,1.1041
2022-10-13,1.0907
2022-10-14,1.1169
2022-10-17,1.1174
2022-10-18,1.1107
2022-10-19,1.0892
2022-10-20,1.0831
2022-10-21,1.0769
2022-10-24,1.0364
2022-10-25,1.0373
2022-10-26,1.0399
2022-10-27,1.0316
2022-10-28,1.0085
2022-10-31,0.9952
2022-11-01,1.0384
2022-11-02,1.0477
2022-11-03,1.0345
2022-11-04,1.0691
2022-11-07,1.0731
2022-11-08,1.0651
2022-11-09,1.057
2022-11-10,1.0571
2022-11-11,1.0903
2022-11-14,1.0988
2022-11-15,1.1183
2022-11-16,1.1137
2022-11-17,1.1082
2022-11-18,1.1024
2022-11-21,1.0888
2022-11-22,1.0957
2022-11-23,1.0975
2022-11-24,1.091
2022-11-25,1.1013
2022-11-28,1.0836
2022-11-29,1.1283
2022-11-30,1.1277
2022-12-01,1.1383
2022-12-02,1.1313
2022-12-05,1.1576
2022-12-06,1.1613
2022-12-07,1.1551
2022-12-08,1.156
2022-12-09,1.1707
2022-12-12,1.1573
2022-12-13,1.1585
2022-12-14,1.1646
2022-12-15,1.1599
2022-12-16,1.1653
2022-12-19,1.1472
2022-12-20,1.1271
2022-12-21,1.1305
2022-12-22,1.1357
2022-12-23,1.134
2022-12-26,1.1306
2022-12-27,1.1436
2022-12-28,1.146
2022-12-29,1.139
2022-12-30,1.1446
2023-01-03,1.1473
2023-01-04,1.1513
2023-01-05,1.1724
2023-01-06,1.1783
2023-01-09,1.1905
2023-01-10,1.1868
2023-01-11,1.1895
2023-01-12,1.1901
2023-01-13,1.2096
2023-01-16,1.2297
2023-01-17,1.2265
2023-01-18,1.2192
2023-01-19,1.2238
2023-01-20,1.2307
2023-01-30,1.2315
2023-01-31,1.2181
2023-02-01,1.2237
2023-02-02,1.2198
2023-02-03,1.2039
2023-02-06,1.1868
2023-02-07,1.1891
2023-02-08,1.1851
2023-02-09,1.1983
2023-02-10,1.1917
2023-02-13,1.2007
2023-02-14,1.2047
2023-02-15,1.1941
2023-02-16,1.19
2023-02-17,1.1777
2023-02-20,1.2094
2023-02-21,1.2153
2023-02-22,1.2012
2023-02-23,1.2004
2023-02-24,1.1832
2023-02-27,1.1814
2023-02-28,1.1872
2023-03-01,1.203
2023-03-02,1.2009
2023-03-03,1.2033
2023-03-06,1.1902
2023-03-07,1.1768
2023-03-08,1.1677
2023-03-09,1.1595
2023-03-10,1.1443
2023-03-13,1.1561
2023-03-14,1.1479
2023-03-15,1.1493
2023-03-16,1.1383
2023-03-17,1.1408
2023-03-20,1.1357
2023-03-21,1.1471
2023-03-22,1.1506
2023-03-23,1.1579
2023-03-24,1.1513
2023-03-27,1.1453
2023-03-28,1.1449
2023-03-29,1.1438
2023-03-30,1.1558
2023-03-31,1.1548
2023-04-03,1.1564
2023-04-04,1.1607
2023-04-06,1.1566
2023-04-07,1.1645
2023-04-10,1.1645
2023-04-11,1.1624
2023-04-12,1.1562
2023-04-13,1.158
2023-04-14,1.1619
2023-04-17,1.1851
2023-04-18,1.1899
2023-04-19,1.1797
2023-04-20,1.1728
2023-04-21,1.151
2023-04-24,1.1355
2023-04-25,1.1358
2023-04-26,1.1352
2023-04-27,1.1492
2023-04-28,1.1609
2023-05-04,1.1672
2023-05-05,1.1638
2023-05-08,1.1787
2023-05-09,1.1718
2023-05-10,1.1589
2023-05-11,1.1555
2023-05-12,1.1404
2023-05-15,1.1602
2023-05-16,1.1573
2023-05-17,1.1482
2023-05-18,1.146
2023-05-19,1.1413
2023-05-22,1.1521
2023-05-23,1.1344
2023-05-24,1.1172
2023-05-25,1.1117
2023-05-26,1.1101
2023-05-29,1.1051
2023-05-30,1.0994
2023-05-31,1.0829
2023-06-01,1.0861
2023-06-02,1.1047
2023-06-05,1.0981
2023-06-06,1.0941
2023-06-07,1.0907
2023-06-08,1.1031
2023-06-09,1.106
2023-06-12,1.1066
2023-06-13,1.1086
2023-06-14,1.11
2023-06-15,1.1251
2023-06-16,1.1361
2023-06-19,1.122
2023-06-20,1.117
2023-06-21,1.1053
2023-06-26,1.0921
2023-06-27,1.1006
2023-06-28,1.1037
2023-06-29,1.095
2023-06-30,1.0991
2023-07-03,1.1167
2023-07-04,1.1182
2023-07-05,1.1121
2023-07-06,1.1039
2023-07-07,1.0989
2023-07-10,1.1048
2023-07-11,1.1113
2023-07-12,1.1102
2023-07-13,1.1282
2023-07-14,1.1289
2023-07-17,1.119
2023-07-18,1.1169
2023-07-19,1.1197
2023-07-20,1.1148
2023-07-21,1.1171
2023-07-24,1.113
2023-07-25,1.1467
2023-07-26,1.1454
2023-07-27,1.1448
2023-07-28,1.1764
2023-07-31,1.1789
2023-08-01,1.1759
2023-08-02,1.165
2023-08-03,1.1756
2023-08-04,1.1774
2023-08-07,1.1712
2023-08-08,1.1699
2023-08-09,1.1685
2023-08-10,1.1688
2023-08-11,1.1422
2023-08-14,1.1335
2023-08-15,1.1324
2023-08-16,1.125
2023-08-17,1.1276
2023-08-18,1.1148
2023-08-21,1.1005
2023-08-22,1.1089
2023-08-23,1.0944
2023-08-24,1.1029
2023-08-25,1.1057
2023-08-28,1.1201
2023-08-29,1.1255
2023-08-30,1.1228
2023-08-31,1.118
2023-09-01,1.1272
2023-09-04,1.1469
2023-09-05,1.1397
2023-09-06,1.1386
2023-09-07,1.1272
2023-09-08,1.1215
2023-09-11,1.1286
2023-09-12,1.1266
2023-09-13,1.1231
2023-09-14,1.1258
2023-09-15,1.119
2023-09-18,1.1264
2023-09-19,1.1266
2023-09-20,1.1222
2023-09-21,1.1108
2023-09-22,1.1356
2023-09-25,1.1258
2023-09-26,1.1191
2023-09-27,1.1221
2023-09-28,1.1162
2023-10-09,1.1129
2023-10-10,1.1053
2023-10-11,1.1091
2023-10-12,1.1193
2023-10-13,1.108
2023-10-16,1.0988
2023-10-17,1.1035
2023-10-18,1.0979
2023-10-19,1.0691
2023-10-20,1.0632
2023-10-23,1.0545
2023-10-24,1.0582
2023-10-25,1.0632
2023-10-26,1.0665
2023-10-27,1.0756
2023-10-30,1.0751
2023-10-31,1.0739
2023-11-01,1.0779
2023-11-02,1.0765
2023-11-03,1.0853
2023-11-06,1.0944
2023-11-07,1.089
2023-11-08,1.0859
2023-11-09,1.0856
2023-11-10,1.0758
2023-11-13,1.0731
2023-11-14,1.0724
2023-11-15,1.0814
2023-11-16,1.0713
2023-11-17,1.0688
2023-11-20,1.0716
2023-11-21,1.0765
2023-11-22,1.0679
2023-11-23,1.0715
2023-11-24,1.065
2023-11-27,1.056
2023-11-28,1.0564
2023-11-29,1.0506
2023-11-30,1.054
2023-12-01,1.0481
2023-12-04,1.0401
2023-12-05,1.0192
2023-12-06,1.0182
2023-12-07,1.0142
2023-12-08,1.0176
2023-12-11,1.0219
2023-12-12,1.0273
2023-12-13,1.0079
2023-12-14,1.003
2023-12-15,1.0009
2023-12-18,1.0033
2023-12-19,1.0059
2023-12-20,0.9997
2023-12-21,1.0101
2023-12-22,1.0144
2023-12-25,1.0155
2023-12-26,1.0107
2023-12-27,1.0126
2023-12-28,1.0352
2023-12-29,1.039
2024-01-02,1.0238
2024-01-03,1.0251
2024-01-04,1.0182
2024-01-05,1.0134
2024-01-08,1.0022
2024-01-09,1.0031
2024-01-10,0.9986
2024-01-11,1.0011
2024-01-12,0.9997
2024-01-15,1.0001
2024-01-16,1.0046
2024-01-17,0.9824
2024-01-18,0.9999
2024-01-19,1.0018
2024-01-22,0.9957
2024-01-23,0.994
2024-01-24,1.0091
2024-01-25,1.0323
2024-01-26,1.0328
2024-01-29,1.0282
2024-01-30,1.0133
2024-01-31,1.0056
2024-02-01,1.003
2024-02-02,0.9942
2024-02-05,1.0056
2024-02-06,1.034
2024-02-07,1.0451
2024-02-08,1.0490000000000002
2024-02-19,1.0573
2024-02-20,1.0562
2024-02-21,1.0743
2024-02-22,1.0845
2024-02-23,1.0846
2024-02-26,1.067
2024-02-27,1.0723
2024-02-28,1.0636
2024-02-29,1.0759
2024-03-01,1.0768
2024-03-04,1.0785
2024-03-05,1.0909
2024-03-06,1.0854
2024-03-07,1.082
2024-03-08,1.0816
2024-03-11,1.0891
2024-03-12,1.0924
2024-03-13,1.0825
2024-03-14,1.0807
2024-03-15,1.0822
2024-03-18,1.0873
2024-03-19,1.0778
2024-03-20,1.0824
2024-03-21,1.0826
2024-03-22,1.072
2024-03-25,1.0709
2024-03-26,1.0763
2024-03-27,1.0694
2024-03-28,1.0709
2024-03-29,1.0765
2024-04-01,1.0885
2024-04-02,1.0858
2024-04-03,1.0832
2024-04-08,1.0759
2024-04-09,1.0718
2024-04-10,1.0682
2024-04-11,1.0676
2024-04-12,1.0585
2024-04-15,1.0805
2024-04-16,1.0751
2024-04-17,1.0874
2024-04-18,1.0896
2024-04-19,1.083
2024-04-22,1.0806
2024-04-23,1.0758
2024-04-24,1.0806
2024-04-25,1.0837
2024-04-26,1.0973
2024-04-29,1.1028
2024-04-30,1.0983
2024-05-06,1.1121
2024-05-07,1.1137
2024-05-08,1.1075
2024-05-09,1.1146
2024-05-10,1.1175
2024-05-13,1.1166
2024-05-14,1.1121
2024-05-15,1.1035
2024-05-16,1.1087
2024-05-17,1.1239
2024-05-20,1.1278
2024-05-21,1.1244
2024-05-22,1.1261
2024-05-23,1.1135
2024-05-24,1.1017
2024-05-27,1.1118
2024-05-28,1.1086
2024-05-29,1.1099
2024-05-30,1.1012
2024-05-31,1.0961
2024-06-03,1.0991
2024-06-04,1.1055
2024-06-05,1.1001
2024-06-06,1.0999
2024-06-07,1.0964
2024-06-11,1.082
2024-06-12,1.0826
2024-06-13,1.0777
2024-06-14,1.0849
2024-06-17,1.0795
2024-06-18,1.0791
2024-06-19,1.0812
2024-06-20,1.0789
2024-06-21,1.0749
2024-06-24,1.077
2024-06-25,1.0725
2024-06-26,1.0753
2024-06-27,1.0717
2024-06-28,1.0751
2024-07-01,1.0795
2024-07-02,1.0842
2024-07-03,1.0833
2024-07-04,1.0802
2024-07-05,1.0712
2024-07-08,1.0658
2024-07-09,1.0759
2024-07-10,1.074
2024-07-11,1.0849
2024-07-12,1.0927
2024-07-15,1.0963
2024-07-16,1.1008
2024-07-17,1.1051
2024-07-18,1.1104
2024-07-19,1.1178
2024-07-22,1.107
2024-07-23,1.0908
2024-07-24,1.0881
2024-07-25,1.0785
2024-07-26,1.0749
2024-07-29,1.0717
2024-07-30,1.0663
2024-07-31,1.0846
2024-08-01,1.0777
2024-08-02,1.0701
2024-08-05,1.0633
2024-08-06,1.0563
2024-08-07,1.0568
2024-08-08,1.0594
2024-08-09,1.0586
2024-08-12,1.058
2024-08-13,1.0584
2024-08-14,1.0531
2024-08-15,1.0666
2024-08-16,1.0713
2024-08-19,1.0768
2024-08-20,1.072
2024-08-21,1.0685
2024-08-22,1.0694
2024-08-23,1.0758
2024-08-26,1.0751
2024-08-27,1.0741
2024-08-28,1.0676
2024-08-29,1.0593
2024-08-30,1.0672
2024-09-02,1.0514
2024-09-03,1.0475
2024-09-04,1.0388
2024-09-05,1.0404
2024-09-06,1.0351
2024-09-09,1.0212
2024-09-10,1.0225
2024-09-11,1.0163
2024-09-12,1.0112
2024-09-13,1.0097
2024-09-18,1.0155
2024-09-19,1.021
2024-09-20,1.0226
2024-09-23,1.0269
2024-09-24,1.0765
2024-09-25,1.092
2024-09-26,1.143
2024-09-27,1.1763
2024-09-30,1.2605
2024-10-08,1.3052
2024-10-09,1.2267
2024-10-10,1.2535
2024-10-11,1.2268
2024-10-14,1.2461
2024-10-15,1.2153
2024-10-16,1.2129
2024-10-17,1.195
2024-10-18,1.2294
2024-10-21,1.2289
2024-10-22,1.234
2024-10-23,1.2409
2024-10-24,1.2284
2024-10-25,1.2297
2024-10-28,1.2311
2024-10-29,1.2226
2024-10-30,1.2078
2024-10-31,1.207
2024-11-01,1.2151
2024-11-04,1.2263
2024-11-05,1.2502
2024-11-06,1.2405
2024-11-07,1.2821
2024-11-08,1.2675
2024-11-11,1.2625
2024-11-12,1.2434
2024-11-13,1.2512
2024-11-14,1.24
2024-11-15,1.2249
2024-11-18,1.2277
2024-11-19,1.2246
2024-11-20,1.227
2024-11-21,1.2294
2024-11-22,1.1932
2024-11-25,1.1841
2024-11-26,1.1892
2024-11-27,1.2042
2024-11-28,1.197
2024-11-29,1.2047
2024-12-02,1.2109
2024-12-03,1.2171
2024-12-04,1.2151
2024-12-05,1.2092
2024-12-06,1.2227
2024-12-09,1.2238
2024-12-10,1.2337
2024-12-11,1.2281
2024-12-12,1.2404
2024-12-13,1.2111
2024-12-16,1.2121
2024-12-17,1.2167
2024-12-18,1.2259
2024-12-19,1.2219
2024-12-20,1.2192
2024-12-23,1.2287
2024-12-24,1.2431
2024-12-25,1.2465
2024-12-26,1.2431
2024-12-27,1.2428
2024-12-30,1.2509
2024-12-31,1.2349
2025-01-02,1.2007
2025-01-03,1.1898
2025-01-06,1.187
2025-01-07,1.1954
2025-01-08,1.1979
2025-01-09,1.1896
2025-01-10,1.1813
2025-01-13,1.1778
2025-01-14,1.1982
2025-01-15,1.1947
2025-01-16,1.1878
2025-01-17,1.1888
2025-01-20,1.1922
2025-01-21,1.1904
2025-01-22,1.1759
2025-01-23,1.1832
2025-01-24,1.1898
2025-01-27,1.1916
2025-02-05,1.1827
2025-02-06,1.1907
2025-02-07,1.2039
2025-02-10,1.2108
2025-02-11,1.208
2025-02-12,1.2195
2025-02-13,1.2195
2025-02-14,1.2281
2025-02-17,1.2303
2025-02-18,1.2233
2025-02-19,1.229
2025-02-20,1.2219
2025-02-21,1.2399
2025-02-24,1.2369
2025-02-25,1.2229
2025-02-26,1.2336
2025-02-27,1.2389
2025-02-28,1.2194
2025-03-03,1.214
2025-03-04,1.2106
2025-03-05,1.2202
2025-03-06,1.2411
2025-03-07,1.2396
2025-03-10,1.2337
2025-03-11,1.2398
2025-03-12,1.2336
2025-03-13,1.2308
2025-03-14,1.2646
2025-03-17,1.263
2025-03-18,1.2638
2025-03-19,1.2659
2025-03-20,1.253
2025-03-21,1.233
2025-03-24,1.2411
2025-03-25,1.2399
2025-03-26,1.2335
2025-03-27,1.2393
2025-03-28,1.234
2025-03-31,1.2275
2025-04-01,1.2263
2025-04-02,1.2244
2025-04-03,1.226
2025-04-07,1.1594
2025-04-08,1.1856
2025-04-09,1.1959
2025-04-10,1.2029
2025-04-11,1.206
2025-04-14,1.2099
2025-04-15,1.2128
2025-04-16,1.2237
2025-04-17,1.2243
2025-04-18,1.224
2025-04-21,1.2217
2025-04-22,1.2234
2025-04-23,1.2198
2025-04-24,1.2228
2025-04-25,1.2201
2025-04-28,1.2212
2025-04-29,1.2185
2025-04-30,1.2131
2025-05-06,1.2196
2025-05-07,1.2302
2025-05-08,1.2342
2025-05-09,1.2362
2025-05-12,1.2446
2025-05-13,1.2472
2025-05-14,1.2681
2025-05-15,1.2617
2025-05-16,1.2509
2025-05-19,1.2456
2025-05-20,1.2509
2025-05-21,1.2567
2025-05-22,1.2591
2025-05-23,1.2493
2025-05-26,1.2435
2025-05-27,1.237
2025-05-28,1.236
2025-05-29,1.2395
2025-05-30,1.2341
2025-06-03,1.238
2025-06-04,1.2396
2025-06-05,1.2404
2025-06-06,1.2404
2025-06-09,1.2394
2025-06-10,1.2347
2025-06-11,1.2424
2025-06-12,1.2421
2025-06-13,1.2358
2025-06-16,1.2389
2025-06-17,1.2383
2025-06-18,1.2367
2025-06-19,1.2301
2025-06-20,1.2367
2025-06-23,1.2418
2025-06-24,1.256
2025-06-25,1.2727
2025-06-26,1.2709
2025-06-27,1.2575
2025-06-30,1.2622
2025-07-01,1.2647
2025-07-02,1.2668
2025-07-03,1.2677
2025-07-04,1.2749
2025-07-07,1.2721
2025-07-08,1.2793
2025-07-09,1.2759
2025-07-10,1.2838
2025-07-11,1.2875
2025-07-14,1.2887
2025-07-15,1.2843
2025-07-16,1.2814
2025-07-17,1.2844
2025-07-18,1.2958
2025-07-21,1.2993
2025-07-22,1.3085
2025-07-23,1.3128
2025-07-24,1.318
2025-07-25,1.3107
2025-07-28,1.3144
2025-07-29,1.3171
2025-07-30,1.3219999999999998
2025-07-31,1.3019
2025-08-01,1.2917
2025-08-04,1.2987
2025-08-05,1.3086
2025-08-06,1.3117
2025-08-07,1.3121
2025-08-08,1.3081
2025-08-11,1.3084
2025-08-12,1.3164
2025-08-13,1.3191
2025-08-14,1.3272
2025-08-15,1.3287
2025-08-18,1.3315
2025-08-19,1.3191
2025-08-20,1.3354
2025-08-21,1.3424
2025-08-22,1.3734
2025-08-25,1.4023
2025-08-26,1.3929
2025-08-27,1.3689
2025-08-28,1.3887
2025-08-29,1.3959
2025-09-01,1.3982
2025-09-02,1.4036
2025-09-03,1.3886
2025-09-04,1.3652
2025-09-05,1.3797
2025-09-08,1.3784
2025-09-09,1.3730000000000002
2025-09-10,1.378
2025-09-11,1.3982
2025-09-12,1.3916
2025-09-15,1.3888
2025-09-16,1.3819
2025-09-17,1.3845
2025-09-18,1.3659
2025-09-19,1.3644
2025-09-22,1.3702
2025-09-23,1.369
2025-09-24,1.3783
2025-09-25,1.3845
2025-09-26,1.3791
2025-09-29,1.3939
2025-09-30,1.402
2025-10-09,1.4165
2025-10-10,1.3951
2025-10-13,1.3915
2025-10-14,1.3885
2025-10-15,1.4075
2025-10-16,1.4158
2025-10-17,1.392
2025-10-20,1.3953
2025-10-21,1.4104
2025-10-22,1.4117
2025-10-23,1.4195
2025-10-24,1.4307
2025-10-27,1.4418
2025-10-28,1.4334
2025-10-29,1.4393
2025-10-30,1.4316
2025-10-31,1.4153
2025-11-03,1.4174
2025-11-04,1.4158
2025-11-05,1.4136
2025-11-06,1.4306
2025-11-07,1.4279
2025-11-10,1.4355
2025-11-11,1.4265
2025-11-12,1.431
2025-11-13,1.4447
2025-11-14,1.4282
2025-11-17,1.4158
2025-11-18,1.4115
2025-11-19,1.4196
2025-11-20,1.4141
2025-11-21,1.3895
2025-11-24,1.3869999999999998
2025-11-25,1.3953
2025-11-26,1.3969999999999998
2025-11-27,1.3972
2025-11-28,1.3959
2025-12-01,1.4071
2025-12-02,1.4
2025-12-03,1.3928
2025-12-04,1.398
2025-12-05,1.4114
2025-12-08,1.4195
2025-12-09,1.4095
2025-12-10,1.4057
2025-12-11,1.4006
2025-12-12,1.4087
2025-12-15,1.4064
2025-12-16,1.3911
2025-12-17,1.4089
2025-12-18,1.412
2025-12-19,1.4169999999999998
2025-12-22,1.4244
2025-12-23,1.4278
2025-12-24,1.4267
2025-12-25,1.4309
2025-12-26,1.4368
2025-12-29,1.4317
2025-12-30,1.4332
2025-12-31,1.4306
2026-01-05,1.4629
2026-01-06,1.4907
2026-01-07,1.4842
2026-01-08,1.4732
2026-01-09,1.479
2026-01-12,1.4835
2026-01-13,1.4784
2026-01-14,1.4685
2026-01-15,1.4654
2026-01-16,1.4552
2026-01-19,1.4533
2026-01-20,1.4508
2026-01-21,1.4491
2026-01-22,1.4425
2026-01-23,1.4326
2026-01-26,1.4408
2026-01-27,1.4421
2026-01-28,1.4459
2026-01-29,1.4695
2026-01-30,1.4486
2026-02-02,1.4186
2026-02-03,1.4333
2026-02-04,1.4496
2026-02-05,1.4448
2026-02-06,1.4363
2026-02-09,1.4573
2026-02-10,1.4599
2026-02-11,1.4605
2026-02-12,1.4567
2026-02-13,1.4353
2026-02-24,1.4383
2026-02-25,1.4447
2026-02-26,1.4354
2026-02-27,1.4374
2026-03-02,1.4406
2026-03-03,1.4253
2026-03-04,1.4063
2026-03-05,1.4131
2026-03-06,1.4151
2026-03-09,1.401
2026-03-10,1.4099
2026-03-11,1.4115
2026-03-12,1.405
2026-03-13,1.398
2026-03-16,1.3967
2026-03-17,1.4012
2026-03-18,1.4001
2026-03-19,1.3787
2026-03-20,1.3635
2026-03-23,1.3201
2026-03-24,1.3382
2026-03-25,1.3517
2026-03-26,1.3353
2026-03-27,1.3412
2026-03-30,1.3392
2026-03-31,1.3358
2026-04-01,1.3606
2026-04-02,1.3485
2026-04-03,1.3377
2026-04-07,1.3378
2026-04-08,1.3744
2026-04-09,1.3638
