,H11025
2015-01-05,1318.9
2015-01-06,1319.08
2015-01-07,1319.24
2015-01-08,1319.4
2015-01-09,1319.56
2015-01-12,1320.0
2015-01-13,1320.2
2015-01-14,1320.37
2015-01-15,1320.54
2015-01-16,1320.71
2015-01-19,1321.17
2015-01-20,1321.33
2015-01-21,1321.47
2015-01-22,1321.64
2015-01-23,1321.81
2015-01-26,1322.26
2015-01-27,1322.43
2015-01-28,1322.59
2015-01-29,1322.75
2015-01-30,1322.92
2015-02-02,1323.37
2015-02-03,1323.53
2015-02-04,1323.7
2015-02-05,1323.86
2015-02-06,1324.03
2015-02-09,1324.49
2015-02-10,1324.65
2015-02-11,1324.87
2015-02-12,1325.06
2015-02-13,1325.24
2015-02-16,1325.71
2015-02-17,1325.88
2015-02-25,1327.05
2015-02-26,1327.22
2015-02-27,1327.39
2015-03-02,1327.84
2015-03-03,1328.03
2015-03-04,1328.21
2015-03-05,1328.39
2015-03-06,1328.59
2015-03-09,1329.05
2015-03-10,1329.25
2015-03-11,1329.43
2015-03-12,1329.62
2015-03-13,1329.85
2015-03-16,1330.36
2015-03-17,1330.52
2015-03-18,1330.67
2015-03-19,1330.84
2015-03-20,1331.01
2015-03-23,1331.45
2015-03-24,1331.61
2015-03-25,1331.8
2015-03-26,1331.96
2015-03-27,1332.13
2015-03-30,1332.57
2015-03-31,1332.74
2015-04-01,1332.9
2015-04-02,1333.06
2015-04-03,1333.21
2015-04-07,1333.78
2015-04-08,1333.93
2015-04-09,1334.09
2015-04-10,1334.24
2015-04-13,1334.7
2015-04-14,1334.87
2015-04-15,1335.07
2015-04-16,1335.29
2015-04-17,1335.47
2015-04-20,1335.9
2015-04-21,1336.05
2015-04-22,1336.22
2015-04-23,1336.38
2015-04-24,1336.53
2015-04-27,1336.93
2015-04-28,1337.07
2015-04-29,1337.24
2015-04-30,1337.37
2015-05-04,1337.87
2015-05-05,1338.05
2015-05-06,1338.23
2015-05-07,1338.41
2015-05-08,1338.6
2015-05-11,1339.01
2015-05-12,1339.18
2015-05-13,1339.32
2015-05-14,1339.49
2015-05-15,1339.69
2015-05-18,1340.1
2015-05-19,1340.34
2015-05-20,1340.56
2015-05-21,1340.73
2015-05-22,1340.89
2015-05-25,1341.22
2015-05-26,1341.36
2015-05-27,1341.47
2015-05-28,1341.58
2015-05-29,1341.71
2015-06-01,1342.06
2015-06-02,1342.22
2015-06-03,1342.36
2015-06-04,1342.55
2015-06-05,1342.71
2015-06-08,1343.04
2015-06-09,1343.16
2015-06-10,1343.27
2015-06-11,1343.39
2015-06-12,1343.51
2015-06-15,1343.8
2015-06-16,1343.92
2015-06-17,1344.04
2015-06-18,1344.19
2015-06-19,1344.37
2015-06-23,1344.87
2015-06-24,1345.06
2015-06-25,1345.18
2015-06-26,1345.33
2015-06-29,1345.68
2015-06-30,1345.82
2015-07-01,1345.96
2015-07-02,1346.09
2015-07-03,1346.22
2015-07-06,1346.55
2015-07-07,1346.7
2015-07-08,1346.83
2015-07-09,1346.96
2015-07-10,1347.09
2015-07-13,1347.39
2015-07-14,1347.51
2015-07-15,1347.63
2015-07-16,1347.74
2015-07-17,1347.85
2015-07-20,1348.16
2015-07-21,1348.28
2015-07-22,1348.39
2015-07-23,1348.52
2015-07-24,1348.64
2015-07-27,1348.95
2015-07-28,1349.06
2015-07-29,1349.16
2015-07-30,1349.28
2015-07-31,1349.38
2015-08-03,1349.6
2015-08-04,1349.79
2015-08-05,1349.9
2015-08-06,1350.01
2015-08-07,1350.12
2015-08-10,1350.42
2015-08-11,1350.53
2015-08-12,1350.63
2015-08-13,1350.73
2015-08-14,1350.83
2015-08-17,1351.12
2015-08-18,1351.23
2015-08-19,1351.33
2015-08-20,1351.42
2015-08-21,1351.52
2015-08-24,1351.8
2015-08-25,1351.91
2015-08-26,1352.01
2015-08-27,1352.12
2015-08-28,1352.23
2015-08-31,1352.51
2015-09-01,1352.62
2015-09-02,1352.72
2015-09-07,1353.2
2015-09-08,1353.32
2015-09-09,1353.43
2015-09-10,1353.54
2015-09-11,1353.65
2015-09-14,1353.96
2015-09-15,1354.08
2015-09-16,1354.19
2015-09-17,1354.29
2015-09-18,1354.4
2015-09-21,1354.69
2015-09-22,1354.8
2015-09-23,1354.91
2015-09-24,1355.02
2015-09-25,1355.14
2015-09-28,1355.44
2015-09-29,1355.56
2015-09-30,1355.67
2015-10-08,1356.46
2015-10-09,1356.58
2015-10-12,1356.88
2015-10-13,1357.01
2015-10-14,1357.12
2015-10-15,1357.24
2015-10-16,1357.35
2015-10-19,1357.65
2015-10-20,1357.77
2015-10-21,1357.88
2015-10-22,1357.99
2015-10-23,1358.11
2015-10-26,1358.39
2015-10-27,1358.52
2015-10-28,1358.65
2015-10-29,1358.77
2015-10-30,1358.88
2015-11-02,1359.18
2015-11-03,1359.29
2015-11-04,1359.4
2015-11-05,1359.51
2015-11-06,1359.63
2015-11-09,1359.91
2015-11-10,1360.02
2015-11-11,1360.12
2015-11-12,1360.23
2015-11-13,1360.34
2015-11-16,1360.61
2015-11-17,1360.71
2015-11-18,1360.81
2015-11-19,1360.92
2015-11-20,1361.01
2015-11-23,1361.3
2015-11-24,1361.4
2015-11-25,1361.5
2015-11-26,1361.6
2015-11-27,1361.71
2015-11-30,1362.0
2015-12-01,1362.11
2015-12-02,1362.22
2015-12-03,1362.33
2015-12-04,1362.44
2015-12-07,1362.74
2015-12-08,1362.85
2015-12-09,1362.96
2015-12-10,1363.07
2015-12-11,1363.18
2015-12-14,1363.48
2015-12-15,1363.6
2015-12-16,1363.7
2015-12-17,1363.81
2015-12-18,1363.96
2015-12-21,1364.39
2015-12-22,1364.56
2015-12-23,1364.72
2015-12-24,1364.89
2015-12-25,1365.06
2015-12-28,1365.51
2015-12-29,1365.68
2015-12-30,1365.72
2015-12-31,1365.87
2016-01-04,1366.45
2016-01-05,1366.63
2016-01-06,1366.78
2016-01-07,1366.9
2016-01-08,1367.01
2016-01-11,1367.28
2016-01-12,1367.39
2016-01-13,1367.49
2016-01-14,1367.6
2016-01-15,1367.7
2016-01-18,1367.99
2016-01-19,1368.1
2016-01-20,1368.2
2016-01-21,1368.31
2016-01-22,1368.42
2016-01-25,1368.73
2016-01-26,1368.84
2016-01-27,1368.95
2016-01-28,1369.06
2016-01-29,1369.17
2016-02-01,1369.47
2016-02-02,1369.59
2016-02-03,1369.69
2016-02-04,1369.79
2016-02-05,1369.9
2016-02-15,1370.85
2016-02-16,1370.96
2016-02-17,1371.06
2016-02-18,1371.16
2016-02-19,1371.25
2016-02-22,1371.53
2016-02-23,1371.63
2016-02-24,1371.74
2016-02-25,1371.84
2016-02-26,1371.95
2016-02-29,1372.23
2016-03-01,1372.34
2016-03-02,1372.44
2016-03-03,1372.54
2016-03-04,1372.64
2016-03-07,1372.92
2016-03-08,1373.02
2016-03-09,1373.12
2016-03-10,1373.22
2016-03-11,1373.32
2016-03-14,1373.52
2016-03-15,1373.7
2016-03-16,1373.81
2016-03-17,1373.9
2016-03-18,1374.0
2016-03-21,1374.28
2016-03-22,1374.39
2016-03-23,1374.48
2016-03-24,1374.58
2016-03-25,1374.68
2016-03-28,1374.97
2016-03-29,1375.07
2016-03-30,1375.17
2016-03-31,1375.28
2016-04-01,1375.38
2016-04-05,1375.76
2016-04-06,1375.85
2016-04-07,1375.95
2016-04-08,1376.05
2016-04-11,1376.32
2016-04-12,1376.41
2016-04-13,1376.51
2016-04-14,1376.6
2016-04-15,1376.7
2016-04-18,1376.97
2016-04-19,1377.07
2016-04-20,1377.16
2016-04-21,1377.26
2016-04-22,1377.37
2016-04-25,1377.66
2016-04-26,1377.75
2016-04-27,1377.85
2016-04-28,1377.94
2016-04-29,1378.05
2016-05-03,1378.4
2016-05-04,1378.5
2016-05-05,1378.59
2016-05-06,1378.68
2016-05-09,1378.95
2016-05-10,1379.06
2016-05-11,1379.16
2016-05-12,1379.25
2016-05-13,1379.35
2016-05-16,1379.62
2016-05-17,1379.71
2016-05-18,1379.81
2016-05-19,1379.89
2016-05-20,1379.99
2016-05-23,1380.26
2016-05-24,1380.35
2016-05-25,1380.44
2016-05-26,1380.53
2016-05-27,1380.63
2016-05-30,1380.89
2016-05-31,1380.99
2016-06-01,1381.08
2016-06-02,1381.18
2016-06-03,1381.27
2016-06-06,1381.54
2016-06-07,1381.63
2016-06-08,1381.72
2016-06-13,1382.17
2016-06-14,1382.26
2016-06-15,1382.35
2016-06-16,1382.44
2016-06-17,1382.54
2016-06-20,1382.81
2016-06-21,1382.91
2016-06-22,1383.0
2016-06-23,1383.11
2016-06-24,1383.2
2016-06-27,1383.49
2016-06-28,1383.58
2016-06-29,1383.68
2016-06-30,1383.78
2016-07-01,1383.88
2016-07-04,1384.17
2016-07-05,1384.27
2016-07-06,1384.37
2016-07-07,1384.46
2016-07-08,1384.57
2016-07-11,1384.85
2016-07-12,1384.95
2016-07-13,1385.05
2016-07-14,1385.15
2016-07-15,1385.26
2016-07-18,1385.54
2016-07-19,1385.64
2016-07-20,1385.73
2016-07-21,1385.83
2016-07-22,1385.93
2016-07-25,1386.22
2016-07-26,1386.32
2016-07-27,1386.42
2016-07-28,1386.52
2016-07-29,1386.62
2016-08-01,1386.9
2016-08-02,1387.0
2016-08-03,1387.09
2016-08-04,1387.18
2016-08-05,1387.28
2016-08-08,1387.56
2016-08-09,1387.65
2016-08-10,1387.75
2016-08-11,1387.84
2016-08-12,1387.93
2016-08-15,1388.2
2016-08-16,1388.29
2016-08-17,1388.4
2016-08-18,1388.49
2016-08-19,1388.59
2016-08-22,1388.86
2016-08-23,1388.96
2016-08-24,1389.05
2016-08-25,1389.15
2016-08-26,1389.25
2016-08-29,1389.52
2016-08-30,1389.62
2016-08-31,1389.71
2016-09-01,1389.8
2016-09-02,1389.89
2016-09-05,1390.16
2016-09-06,1390.25
2016-09-07,1390.34
2016-09-08,1390.43
2016-09-09,1390.53
2016-09-12,1390.81
2016-09-13,1390.9
2016-09-14,1391.0
2016-09-19,1391.45
2016-09-20,1391.55
2016-09-21,1391.64
2016-09-22,1391.74
2016-09-23,1391.85
2016-09-26,1392.14
2016-09-27,1392.24
2016-09-28,1392.35
2016-09-29,1392.46
2016-09-30,1392.55
2016-10-10,1393.49
2016-10-11,1393.59
2016-10-12,1393.68
2016-10-13,1393.78
2016-10-14,1393.88
2016-10-17,1394.16
2016-10-18,1394.26
2016-10-19,1394.35
2016-10-20,1394.44
2016-10-21,1394.54
2016-10-24,1394.83
2016-10-25,1394.92
2016-10-26,1395.02
2016-10-27,1395.12
2016-10-28,1395.22
2016-10-31,1395.5
2016-11-01,1395.61
2016-11-02,1395.7
2016-11-03,1395.8
2016-11-04,1395.89
2016-11-07,1396.17
2016-11-08,1396.26
2016-11-09,1396.36
2016-11-10,1396.45
2016-11-11,1396.55
2016-11-14,1396.83
2016-11-15,1396.91
2016-11-16,1397.01
2016-11-17,1397.1
2016-11-18,1397.2
2016-11-21,1397.47
2016-11-22,1397.57
2016-11-23,1397.67
2016-11-24,1397.76
2016-11-25,1397.86
2016-11-28,1398.14
2016-11-29,1398.23
2016-11-30,1398.33
2016-12-01,1398.42
2016-12-02,1398.52
2016-12-05,1398.81
2016-12-06,1398.9
2016-12-07,1398.99
2016-12-08,1399.09
2016-12-09,1399.19
2016-12-12,1399.48
2016-12-13,1399.58
2016-12-14,1399.67
2016-12-15,1399.76
2016-12-16,1399.86
2016-12-19,1400.17
2016-12-20,1400.27
2016-12-21,1400.38
2016-12-22,1400.49
2016-12-23,1400.62
2016-12-26,1400.99
2016-12-27,1401.12
2016-12-28,1401.25
2016-12-29,1401.39
2016-12-30,1401.53
2017-01-03,1402.06
2017-01-04,1402.18
2017-01-05,1402.29
2017-01-06,1402.41
2017-01-09,1402.77
2017-01-10,1402.88
2017-01-11,1403.0
2017-01-12,1403.12
2017-01-13,1403.23
2017-01-16,1403.59
2017-01-17,1403.7
2017-01-18,1403.83
2017-01-19,1403.95
2017-01-20,1404.08
2017-01-23,1404.47
2017-01-24,1404.6
2017-01-25,1404.73
2017-01-26,1404.87
2017-02-03,1405.87
2017-02-06,1406.25
2017-02-07,1406.37
2017-02-08,1406.49
2017-02-09,1406.61
2017-02-10,1406.74
2017-02-13,1407.11
2017-02-14,1407.23
2017-02-15,1407.35
2017-02-16,1407.48
2017-02-17,1407.6
2017-02-20,1407.98
2017-02-21,1408.12
2017-02-22,1408.25
2017-02-23,1408.38
2017-02-24,1408.51
2017-02-27,1408.91
2017-02-28,1409.05
2017-03-01,1409.18
2017-03-02,1409.32
2017-03-03,1409.45
2017-03-06,1409.84
2017-03-07,1409.98
2017-03-08,1410.11
2017-03-09,1410.23
2017-03-10,1410.37
2017-03-13,1410.76
2017-03-14,1410.89
2017-03-15,1411.02
2017-03-16,1411.15
2017-03-17,1411.29
2017-03-20,1411.69
2017-03-21,1411.83
2017-03-22,1412.17
2017-03-23,1412.31
2017-03-24,1412.45
2017-03-27,1412.88
2017-03-28,1413.0285
2017-03-29,1413.1816
2017-03-30,1413.3299
2017-03-31,1413.4823
2017-04-05,1414.216
2017-04-06,1414.3585
2017-04-07,1414.5020000000006
2017-04-10,1414.9335
2017-04-11,1415.0744
2017-04-12,1415.2137
2017-04-13,1415.3526
2017-04-14,1415.4929
2017-04-17,1415.9096
2017-04-18,1416.0507
2017-04-19,1416.1896
2017-04-20,1416.3293
2017-04-21,1416.4747
2017-04-24,1416.8985
2017-04-25,1417.0439
2017-04-26,1417.1879
2017-04-27,1417.3333
2017-04-28,1417.4871
2017-05-02,1418.0687
2017-05-03,1418.2156
2017-05-04,1418.3599
2017-05-05,1418.5041
2017-05-08,1418.937
2017-05-09,1419.0792
2017-05-10,1419.2219
2017-05-11,1419.3638
2017-05-12,1419.5101
2017-05-15,1419.9415
2017-05-16,1420.0847
2017-05-17,1420.2283
2017-05-18,1420.3724
2017-05-19,1420.5224
2017-05-22,1420.8157
2017-05-23,1420.9632
2017-05-24,1421.1089
2017-05-25,1421.255
2017-05-26,1421.4081
2017-05-31,1421.8474
2017-06-01,1421.9971
2017-06-02,1422.1506
2017-06-05,1422.4373
2017-06-06,1422.5856
2017-06-07,1422.7365
2017-06-08,1422.8849
2017-06-09,1423.0396
2017-06-12,1423.3259
2017-06-13,1423.4819
2017-06-14,1423.6393
2017-06-15,1423.7975
2017-06-16,1423.9603
2017-06-19,1424.434
2017-06-20,1424.5965
2017-06-21,1424.7588
2017-06-22,1424.919
2017-06-23,1425.0878
2017-06-26,1425.5714
2017-06-27,1425.7409
2017-06-28,1425.9094
2017-06-29,1426.0771
2017-06-30,1426.2485
2017-07-03,1426.7265
2017-07-04,1426.889
2017-07-05,1427.0509
2017-07-06,1427.2103
2017-07-07,1427.3713
2017-07-10,1427.8409
2017-07-11,1427.9985
2017-07-12,1428.1546
2017-07-13,1428.3105
2017-07-14,1428.4721
2017-07-17,1428.94
2017-07-18,1429.0998
2017-07-19,1429.2579999999994
2017-07-20,1429.417
2017-07-21,1429.5775
2017-07-24,1430.0484
2017-07-25,1430.2089999999994
2017-07-26,1430.3688
2017-07-27,1430.527
2017-07-28,1430.6924
2017-07-31,1431.1578
2017-08-01,1431.3145
2017-08-02,1431.4724
2017-08-03,1431.6306
2017-08-04,1431.7897
2017-08-07,1432.2509
2017-08-08,1432.4077
2017-08-09,1432.5619
2017-08-10,1432.7155
2017-08-11,1432.8722
2017-08-14,1433.3284
2017-08-15,1433.4818
2017-08-16,1433.6363
2017-08-17,1433.7973
2017-08-18,1433.9567
2017-08-21,1434.4276
2017-08-22,1434.5875
2017-08-23,1434.746
2017-08-24,1434.9035
2017-08-25,1435.0647
2017-08-28,1435.5366
2017-08-29,1435.6951
2017-08-30,1435.855
2017-08-31,1436.0135
2017-09-01,1436.1785
2017-09-04,1436.652
2017-09-05,1436.8117
2017-09-06,1436.9696
2017-09-07,1437.1271
2017-09-08,1437.2872
2017-09-11,1437.7596
2017-09-12,1437.9189
2017-09-13,1438.0789
2017-09-14,1438.2403
2017-09-15,1438.4029999999998
2017-09-18,1438.8729
2017-09-19,1439.0315
2017-09-20,1439.19
2017-09-21,1439.3496
2017-09-22,1439.5131
2017-09-25,1439.9869
2017-09-26,1440.1477
2017-09-27,1440.3071
2017-09-28,1440.4686
2017-09-29,1440.6406
2017-10-09,1442.2246
2017-10-10,1442.3868
2017-10-11,1442.5473
2017-10-12,1442.7072
2017-10-13,1442.8667
2017-10-16,1443.3362
2017-10-17,1443.4953
2017-10-18,1443.6523
2017-10-19,1443.808
2017-10-20,1443.9659
2017-10-23,1444.4265
2017-10-24,1444.5834
2017-10-25,1444.7393
2017-10-26,1444.8952
2017-10-27,1445.0532
2017-10-30,1445.5182
2017-10-31,1445.6749
2017-11-01,1445.8329
2017-11-02,1445.9918
2017-11-03,1446.1513
2017-11-06,1446.6171
2017-11-07,1446.7737
2017-11-08,1446.9285
2017-11-09,1447.0846
2017-11-10,1447.2424
2017-11-13,1447.7069
2017-11-14,1447.8625
2017-11-15,1448.0197
2017-11-16,1448.1769
2017-11-17,1448.3389
2017-11-20,1448.8135
2017-11-21,1448.9766
2017-11-22,1449.1362
2017-11-23,1449.2961
2017-11-24,1449.4593
2017-11-27,1449.9397
2017-11-28,1450.1055
2017-11-29,1450.2671
2017-11-30,1450.4296
2017-12-01,1450.5953
2017-12-04,1451.0866
2017-12-05,1451.2498
2017-12-06,1451.4145
2017-12-07,1451.5776
2017-12-08,1451.743
2017-12-11,1452.2325
2017-12-12,1452.3994
2017-12-13,1452.5664
2017-12-14,1452.7322
2017-12-15,1452.9004
2017-12-18,1453.3976
2017-12-19,1453.5648
2017-12-20,1453.7354
2017-12-21,1453.9046
2017-12-22,1454.0788
2017-12-25,1454.5887
2017-12-26,1454.7625
2017-12-27,1454.9384
2017-12-28,1455.1157
2017-12-29,1455.2959
2018-01-02,1456.0221
2018-01-03,1456.2022
2018-01-04,1456.3802
2018-01-05,1456.5571
2018-01-08,1457.0725
2018-01-09,1457.2464
2018-01-10,1457.4182
2018-01-11,1457.5877
2018-01-12,1457.7599
2018-01-15,1458.2632
2018-01-16,1458.4326
2018-01-17,1458.6028
2018-01-18,1458.7731
2018-01-19,1458.9471
2018-01-22,1459.4563
2018-01-23,1459.6266
2018-01-24,1459.7972
2018-01-25,1459.9665
2018-01-26,1460.1385
2018-01-29,1460.6436
2018-01-30,1460.8133
2018-01-31,1460.9847
2018-02-01,1461.1563
2018-02-02,1461.328
2018-02-05,1461.8336
2018-02-06,1462.0034
2018-02-07,1462.1727
2018-02-08,1462.3435
2018-02-09,1462.5163
2018-02-12,1463.0246
2018-02-13,1463.195
2018-02-14,1463.3723
2018-02-22,1464.7131
2018-02-23,1464.8856
2018-02-26,1465.3895
2018-02-27,1465.5599
2018-02-28,1465.7308
2018-03-01,1465.9046
2018-03-02,1466.0773
2018-03-05,1466.5829
2018-03-06,1466.7522
2018-03-07,1466.9219
2018-03-08,1467.0947
2018-03-09,1467.269
2018-03-12,1467.7733
2018-03-13,1467.9449
2018-03-14,1468.1145
2018-03-15,1468.2844
2018-03-16,1468.4593
2018-03-19,1468.9664
2018-03-20,1469.1416
2018-03-21,1469.3161
2018-03-22,1469.4881
2018-03-23,1469.6631
2018-03-26,1470.1765
2018-03-27,1470.3556
2018-03-28,1470.5377
2018-03-29,1470.7198
2018-03-30,1470.9049
2018-04-02,1471.4258
2018-04-03,1471.5995
2018-04-04,1471.7742
2018-04-09,1472.6067
2018-04-10,1472.7733
2018-04-11,1472.9368
2018-04-12,1473.0989
2018-04-13,1473.2633
2018-04-16,1473.7435
2018-04-17,1473.9092
2018-04-18,1474.073
2018-04-19,1474.2391
2018-04-20,1474.4091
2018-04-23,1474.895
2018-04-24,1475.0627
2018-04-25,1475.2334
2018-04-26,1475.4037
2018-04-27,1475.5837
2018-05-02,1476.4118
2018-05-03,1476.5776
2018-05-04,1476.7451
2018-05-07,1477.2271
2018-05-08,1477.3893
2018-05-09,1477.5493
2018-05-10,1477.7084
2018-05-11,1477.8688
2018-05-14,1478.3343
2018-05-15,1478.493
2018-05-16,1478.6518
2018-05-17,1478.8116
2018-05-18,1478.9758
2018-05-21,1479.4507
2018-05-22,1479.6119
2018-05-23,1479.7706
2018-05-24,1479.9285
2018-05-25,1480.0896
2018-05-28,1480.5625
2018-05-29,1480.7218
2018-05-30,1480.8825
2018-05-31,1481.0444
2018-06-01,1481.2093
2018-06-04,1481.6947
2018-06-05,1481.8572
2018-06-06,1482.0176
2018-06-07,1482.1768
2018-06-08,1482.3399
2018-06-11,1482.816
2018-06-12,1482.9773
2018-06-13,1483.1375
2018-06-14,1483.2979999999998
2018-06-15,1483.4624
2018-06-19,1484.0971
2018-06-20,1484.2578
2018-06-21,1484.4203
2018-06-22,1484.5846
2018-06-25,1485.0697
2018-06-26,1485.237
2018-06-27,1485.4066
2018-06-28,1485.5783
2018-06-29,1485.7514
2018-07-02,1486.2449
2018-07-03,1486.4105
2018-07-04,1486.5723
2018-07-05,1486.7295
2018-07-06,1486.8883
2018-07-09,1487.349
2018-07-10,1487.5056
2018-07-11,1487.6586
2018-07-12,1487.8105
2018-07-13,1487.9657
2018-07-16,1488.4175
2018-07-17,1488.5709
2018-07-18,1488.7237
2018-07-19,1488.8743
2018-07-20,1489.0281
2018-07-23,1489.4725
2018-07-24,1489.6274
2018-07-25,1489.7785
2018-07-26,1489.9295
2018-07-27,1490.0823
2018-07-30,1490.5275
2018-07-31,1490.6819
2018-08-01,1490.8332
2018-08-02,1490.9826
2018-08-03,1491.1384
2018-08-06,1491.5791
2018-08-07,1491.7338
2018-08-08,1491.8851
2018-08-09,1492.0319
2018-08-10,1492.1803
2018-08-13,1492.6099
2018-08-14,1492.7515
2018-08-15,1492.8937
2018-08-16,1493.0392
2018-08-17,1493.1853
2018-08-20,1493.6039
2018-08-21,1493.7457
2018-08-22,1493.8872
2018-08-23,1494.0288
2018-08-24,1494.1732
2018-08-27,1494.5887
2018-08-28,1494.7285
2018-08-29,1494.8685
2018-08-30,1495.0092
2018-08-31,1495.1508
2018-09-03,1495.5617
2018-09-04,1495.6994
2018-09-05,1495.8386
2018-09-06,1495.9754
2018-09-07,1496.112
2018-09-10,1496.5068
2018-09-11,1496.6414
2018-09-12,1496.7726
2018-09-13,1496.9048
2018-09-14,1497.0371
2018-09-17,1497.4224
2018-09-18,1497.5543
2018-09-19,1497.688
2018-09-20,1497.816
2018-09-21,1497.9489
2018-09-25,1498.4516
2018-09-26,1498.5793
2018-09-27,1498.7054
2018-09-28,1498.841
2018-10-08,1500.0642
2018-10-09,1500.1891
2018-10-10,1500.3155
2018-10-11,1500.4381
2018-10-12,1500.5633
2018-10-15,1500.9235
2018-10-16,1501.0483
2018-10-17,1501.1719
2018-10-18,1501.2935
2018-10-19,1501.4176
2018-10-22,1501.7704
2018-10-23,1501.8924
2018-10-24,1502.0149
2018-10-25,1502.1343
2018-10-26,1502.2575
2018-10-29,1502.6138
2018-10-30,1502.7357
2018-10-31,1502.8571
2018-11-01,1502.9764
2018-11-02,1503.0974
2018-11-05,1503.4507
2018-11-06,1503.5717
2018-11-07,1503.692
2018-11-08,1503.8139
2018-11-09,1503.9364
2018-11-12,1504.2885
2018-11-13,1504.408
2018-11-14,1504.5279
2018-11-15,1504.6467
2018-11-16,1504.7685
2018-11-19,1505.1242
2018-11-20,1505.2433
2018-11-21,1505.3631
2018-11-22,1505.4844
2018-11-23,1505.6078
2018-11-26,1505.9658
2018-11-27,1506.0868
2018-11-28,1506.2072
2018-11-29,1506.3275
2018-11-30,1506.4526
2018-12-03,1506.8127
2018-12-04,1506.9343
2018-12-05,1507.0548
2018-12-06,1507.1759
2018-12-07,1507.2974
2018-12-10,1507.656
2018-12-11,1507.7781
2018-12-12,1507.9025
2018-12-13,1508.0238
2018-12-14,1508.1474
2018-12-17,1508.5054
2018-12-18,1508.6278
2018-12-19,1508.75
2018-12-20,1508.8751
2018-12-21,1509.0075
2018-12-24,1509.3783
2018-12-25,1509.5105
2018-12-26,1509.6445
2018-12-27,1509.7768
2018-12-28,1509.9127
2019-01-02,1510.5612
2019-01-03,1510.6948
2019-01-04,1510.8271
2019-01-07,1511.2089999999994
2019-01-08,1511.3388
2019-01-09,1511.4646
2019-01-10,1511.5894
2019-01-11,1511.7158
2019-01-14,1512.0754
2019-01-15,1512.1978
2019-01-16,1512.3193
2019-01-17,1512.4383
2019-01-18,1512.5645
2019-01-21,1512.9235
2019-01-22,1513.0473
2019-01-23,1513.1721
2019-01-24,1513.2966
2019-01-25,1513.4233
2019-01-28,1513.7842
2019-01-29,1513.9125
2019-01-30,1514.0381
2019-01-31,1514.1621
2019-02-01,1514.2955
2019-02-11,1515.4822
2019-02-12,1515.604
2019-02-13,1515.7256
2019-02-14,1515.8442
2019-02-15,1515.9645
2019-02-18,1516.3122
2019-02-19,1516.4322
2019-02-20,1516.5499
2019-02-21,1516.6649
2019-02-22,1516.7825
2019-02-25,1517.1242
2019-02-26,1517.243
2019-02-27,1517.3616
2019-02-28,1517.4788
2019-03-01,1517.5963
2019-03-04,1517.9392
2019-03-05,1518.0556
2019-03-06,1518.172
2019-03-07,1518.2856
2019-03-08,1518.4026
2019-03-11,1518.7354
2019-03-12,1518.8487
2019-03-13,1518.9620000000002
2019-03-14,1519.076
2019-03-15,1519.1913
2019-03-18,1519.5223
2019-03-19,1519.6348
2019-03-20,1519.7485
2019-03-21,1519.8634
2019-03-22,1519.9804
2019-03-25,1520.3241
2019-03-26,1520.4431
2019-03-27,1520.5602
2019-03-28,1520.6757
2019-03-29,1520.7972
2019-04-01,1521.1347
2019-04-02,1521.2498
2019-04-03,1521.3617
2019-04-04,1521.4782
2019-04-08,1521.9093
2019-04-09,1522.0173
2019-04-10,1522.1245
2019-04-11,1522.2298
2019-04-12,1522.3401
2019-04-15,1522.6536
2019-04-16,1522.7617
2019-04-17,1522.8707
2019-04-18,1522.9776
2019-04-19,1523.0887
2019-04-22,1523.4084
2019-04-23,1523.5182
2019-04-24,1523.6276
2019-04-25,1523.7379
2019-04-26,1523.8489
2019-04-29,1524.1673
2019-04-30,1524.2835
2019-05-06,1524.918
2019-05-07,1525.0273
2019-05-08,1525.1381
2019-05-09,1525.2456
2019-05-10,1525.3538
2019-05-13,1525.6646
2019-05-14,1525.7735
2019-05-15,1525.878
2019-05-16,1525.985
2019-05-17,1526.0917
2019-05-20,1526.4007
2019-05-21,1526.5069
2019-05-22,1526.6135
2019-05-23,1526.721
2019-05-24,1526.8297
2019-05-27,1527.1431
2019-05-28,1527.2521
2019-05-29,1527.358
2019-05-30,1527.4649
2019-05-31,1527.5728
2019-06-03,1527.8926
2019-06-04,1527.9999
2019-06-05,1528.1078
2019-06-06,1528.2154
2019-06-10,1528.6291
2019-06-11,1528.734
2019-06-12,1528.8394
2019-06-13,1528.9464
2019-06-14,1529.0576
2019-06-17,1529.3749
2019-06-18,1529.4844
2019-06-19,1529.5932
2019-06-20,1529.7038
2019-06-21,1529.8155
2019-06-24,1530.1436
2019-06-25,1530.2579
2019-06-26,1530.3685
2019-06-27,1530.4782
2019-06-28,1530.5889
2019-07-01,1530.9117
2019-07-02,1531.0191
2019-07-03,1531.1263
2019-07-04,1531.2319
2019-07-05,1531.3369
2019-07-08,1531.6432
2019-07-09,1531.7467
2019-07-10,1531.8484
2019-07-11,1531.9527
2019-07-12,1532.0574
2019-07-15,1532.3587
2019-07-16,1532.4617
2019-07-17,1532.5679
2019-07-18,1532.6725
2019-07-19,1532.7796
2019-07-22,1533.0881
2019-07-23,1533.1939
2019-07-24,1533.2984
2019-07-25,1533.4028
2019-07-26,1533.5106
2019-07-29,1533.8153
2019-07-30,1533.9196
2019-07-31,1534.0238
2019-08-01,1534.1277
2019-08-02,1534.2336
2019-08-05,1534.534
2019-08-06,1534.6383
2019-08-07,1534.7412
2019-08-08,1534.8438
2019-08-09,1534.9482
2019-08-12,1535.2472
2019-08-13,1535.3501
2019-08-14,1535.4524
2019-08-15,1535.5557
2019-08-16,1535.6615
2019-08-19,1535.966
2019-08-20,1536.0725
2019-08-21,1536.178
2019-08-22,1536.2876
2019-08-23,1536.3929
2019-08-26,1536.6962
2019-08-27,1536.8001
2019-08-28,1536.9029999999998
2019-08-29,1537.0057
2019-08-30,1537.1119
2019-09-02,1537.4143
2019-09-03,1537.5197
2019-09-04,1537.6225
2019-09-05,1537.7255
2019-09-06,1537.8341
2019-09-09,1538.1383
2019-09-10,1538.2433
2019-09-11,1538.3497
2019-09-12,1538.4571
2019-09-16,1538.8595
2019-09-17,1538.9635
2019-09-18,1539.0683
2019-09-19,1539.1749
2019-09-20,1539.2820000000006
2019-09-23,1539.5886
2019-09-24,1539.6965
2019-09-25,1539.8051
2019-09-26,1539.9136
2019-09-27,1540.0237
2019-09-30,1540.3365
2019-10-08,1541.1456
2019-10-09,1541.2503
2019-10-10,1541.3546
2019-10-11,1541.4647
2019-10-14,1541.771
2019-10-15,1541.8775
2019-10-16,1541.9826
2019-10-17,1542.0858
2019-10-18,1542.1932
2019-10-21,1542.4966
2019-10-22,1542.6031
2019-10-23,1542.7058
2019-10-24,1542.8098
2019-10-25,1542.9173
2019-10-28,1543.2235
2019-10-29,1543.3266
2019-10-30,1543.4285
2019-10-31,1543.531
2019-11-01,1543.6363
2019-11-04,1543.9426
2019-11-05,1544.0462
2019-11-06,1544.15
2019-11-07,1544.2532
2019-11-08,1544.3592
2019-11-11,1544.6583
2019-11-12,1544.7623
2019-11-13,1544.8666
2019-11-14,1544.9701
2019-11-15,1545.0770000000002
2019-11-18,1545.3841
2019-11-19,1545.49
2019-11-20,1545.5977
2019-11-21,1545.7048
2019-11-22,1545.8187
2019-11-25,1546.1329
2019-11-26,1546.2433
2019-11-27,1546.3484
2019-11-28,1546.4556
2019-11-29,1546.5647
2019-12-02,1546.881
2019-12-03,1546.9896
2019-12-04,1547.0976
2019-12-05,1547.2054
2019-12-06,1547.315
2019-12-09,1547.6296
2019-12-10,1547.7393
2019-12-11,1547.8513
2019-12-12,1547.9591
2019-12-13,1548.0738
2019-12-16,1548.394
2019-12-17,1548.5052
2019-12-18,1548.6154
2019-12-19,1548.7257
2019-12-20,1548.8448
2019-12-23,1549.1783
2019-12-24,1549.2949
2019-12-25,1549.4177
2019-12-26,1549.5331
2019-12-27,1549.6522
2019-12-30,1549.9919
2019-12-31,1550.1054
2020-01-02,1550.3264
2020-01-03,1550.4431
2020-01-06,1550.7806
2020-01-07,1550.8955
2020-01-08,1551.0079
2020-01-09,1551.1212
2020-01-10,1551.2387
2020-01-13,1551.5655
2020-01-14,1551.6789
2020-01-15,1551.7905
2020-01-16,1551.9072
2020-01-17,1552.0266
2020-01-20,1552.3570000000002
2020-01-21,1552.4705
2020-01-22,1552.5858
2020-01-23,1552.7057
2020-02-03,1553.8829999999994
2020-02-04,1553.9928
2020-02-05,1554.1045
2020-02-06,1554.2138
2020-02-07,1554.3239
2020-02-10,1554.645
2020-02-11,1554.7564
2020-02-12,1554.8656
2020-02-13,1554.9749
2020-02-14,1555.0872
2020-02-17,1555.4077
2020-02-18,1555.5166
2020-02-19,1555.624
2020-02-20,1555.7302
2020-02-21,1555.8405
2020-02-24,1556.1544
2020-02-25,1556.2621
2020-02-26,1556.3689
2020-02-27,1556.4763
2020-02-28,1556.5845
2020-03-02,1556.8937
2020-03-03,1556.9996
2020-03-04,1557.1041
2020-03-05,1557.2099
2020-03-06,1557.3192
2020-03-09,1557.6283
2020-03-10,1557.7299
2020-03-11,1557.8325
2020-03-12,1557.933
2020-03-13,1558.0391
2020-03-16,1558.3341
2020-03-17,1558.4351
2020-03-18,1558.5338
2020-03-19,1558.6302
2020-03-20,1558.727
2020-03-23,1559.0082
2020-03-24,1559.1018
2020-03-25,1559.1984
2020-03-26,1559.2915
2020-03-27,1559.3883
2020-03-30,1559.6535
2020-03-31,1559.7483
2020-04-01,1559.8391
2020-04-02,1559.9299
2020-04-03,1560.0244
2020-04-07,1560.3681
2020-04-08,1560.4575
2020-04-09,1560.5482
2020-04-10,1560.6382
2020-04-13,1560.884
2020-04-14,1560.9712
2020-04-15,1561.0555
2020-04-16,1561.1409
2020-04-17,1561.2335
2020-04-20,1561.4771
2020-04-21,1561.5633
2020-04-22,1561.6438
2020-04-23,1561.7223
2020-04-24,1561.8053
2020-04-27,1562.0311
2020-04-28,1562.1156
2020-04-29,1562.1976
2020-04-30,1562.2794
2020-05-06,1562.7226
2020-05-07,1562.7998
2020-05-08,1562.8787
2020-05-11,1563.1035
2020-05-12,1563.1835
2020-05-13,1563.2624
2020-05-14,1563.3377
2020-05-15,1563.4166
2020-05-18,1563.6357
2020-05-19,1563.7145
2020-05-20,1563.7899
2020-05-21,1563.8634
2020-05-22,1563.9412
2020-05-25,1564.1567
2020-05-26,1564.2299
2020-05-27,1564.303
2020-05-28,1564.3763
2020-05-29,1564.4491
2020-06-01,1564.658
2020-06-02,1564.7279999999994
2020-06-03,1564.7972
2020-06-04,1564.8646
2020-06-05,1564.935
2020-06-08,1565.134
2020-06-09,1565.2015
2020-06-10,1565.2719
2020-06-11,1565.3421
2020-06-12,1565.4163
2020-06-15,1565.6266
2020-06-16,1565.6983
2020-06-17,1565.7697
2020-06-18,1565.8418
2020-06-19,1565.9179
2020-06-22,1566.1362
2020-06-23,1566.2114
2020-06-24,1566.2918
2020-06-29,1566.6646
2020-06-30,1566.7451
2020-07-01,1566.8246
2020-07-02,1566.9007
2020-07-03,1566.98
2020-07-06,1567.2023
2020-07-07,1567.276
2020-07-08,1567.3465
2020-07-09,1567.4159
2020-07-10,1567.4904
2020-07-13,1567.6991
2020-07-14,1567.7712
2020-07-15,1567.8429
2020-07-16,1567.9148
2020-07-17,1567.9901
2020-07-20,1568.2027
2020-07-21,1568.2793
2020-07-22,1568.351
2020-07-23,1568.4244
2020-07-24,1568.5011
2020-07-27,1568.7158
2020-07-28,1568.7905
2020-07-29,1568.8644
2020-07-30,1568.9383
2020-07-31,1569.0138
2020-08-03,1569.233
2020-08-04,1569.3067
2020-08-05,1569.382
2020-08-06,1569.4574
2020-08-07,1569.534
2020-08-10,1569.7518
2020-08-11,1569.8296
2020-08-12,1569.9048
2020-08-13,1569.9798
2020-08-14,1570.0602
2020-08-17,1570.2835
2020-08-18,1570.361
2020-08-19,1570.4381
2020-08-20,1570.5144
2020-08-21,1570.5948
2020-08-24,1570.8257
2020-08-25,1570.9049
2020-08-26,1570.9839
2020-08-27,1571.0631
2020-08-28,1571.1467
2020-08-31,1571.3829
2020-09-01,1571.4620000000002
2020-09-02,1571.5406
2020-09-03,1571.6198
2020-09-04,1571.7026
2020-09-07,1571.9431
2020-09-08,1572.0246
2020-09-09,1572.1070000000002
2020-09-10,1572.1892
2020-09-11,1572.2752
2020-09-14,1572.521
2020-09-15,1572.605
2020-09-16,1572.6909
2020-09-17,1572.7758
2020-09-18,1572.8672
2020-09-21,1573.1202
2020-09-22,1573.2099
2020-09-23,1573.3014
2020-09-24,1573.3911
2020-09-25,1573.4920000000006
2020-09-28,1573.7628
2020-09-29,1573.8566
2020-09-30,1573.9592
2020-10-09,1574.7624
2020-10-12,1575.0387
2020-10-13,1575.1316
2020-10-14,1575.2220000000002
2020-10-15,1575.311
2020-10-16,1575.4056
2020-10-19,1575.6695
2020-10-20,1575.7592
2020-10-21,1575.8485
2020-10-22,1575.9378
2020-10-23,1576.0343
2020-10-26,1576.3018
2020-10-27,1576.3941
2020-10-28,1576.4879999999994
2020-10-29,1576.5816
2020-10-30,1576.6815
2020-11-02,1576.9628
2020-11-03,1577.0571
2020-11-04,1577.1509
2020-11-05,1577.2446
2020-11-06,1577.341
2020-11-09,1577.6170000000006
2020-11-10,1577.71
2020-11-11,1577.8043
2020-11-12,1577.8982
2020-11-13,1577.9995
2020-11-16,1578.2827
2020-11-17,1578.3822
2020-11-18,1578.4795
2020-11-19,1578.5769
2020-11-20,1578.6784
2020-11-23,1578.9682
2020-11-24,1579.0702
2020-11-25,1579.1717
2020-11-26,1579.275
2020-11-27,1579.3863
2020-11-30,1579.696
2020-12-01,1579.8029
2020-12-02,1579.906
2020-12-03,1580.0094
2020-12-04,1580.1239
2020-12-07,1580.4285
2020-12-08,1580.5358
2020-12-09,1580.6422
2020-12-10,1580.747
2020-12-11,1580.8617
2020-12-14,1581.1712
2020-12-15,1581.28
2020-12-16,1581.3889
2020-12-17,1581.4943
2020-12-18,1581.6082
2020-12-21,1581.9207
2020-12-22,1582.0364
2020-12-23,1582.1503
2020-12-24,1582.2624
2020-12-25,1582.3863
2020-12-28,1582.7189
2020-12-29,1582.8382
2020-12-30,1582.9524
2020-12-31,1583.071
2021-01-04,1583.5075
2021-01-05,1583.6196
2021-01-06,1583.7308
2021-01-07,1583.8385
2021-01-08,1583.9476
2021-01-11,1584.259
2021-01-12,1584.3639
2021-01-13,1584.4682
2021-01-14,1584.5697
2021-01-15,1584.6789
2021-01-18,1584.9833
2021-01-19,1585.0894
2021-01-20,1585.1921
2021-01-21,1585.2956
2021-01-22,1585.4081
2021-01-25,1585.7193
2021-01-26,1585.8285
2021-01-27,1585.9346
2021-01-28,1586.0422
2021-01-29,1586.155
2021-02-01,1586.479
2021-02-02,1586.594
2021-02-03,1586.7037
2021-02-04,1586.8119
2021-02-05,1586.9252
2021-02-08,1587.2397
2021-02-09,1587.3506
2021-02-10,1587.4744
2021-02-18,1588.3012
2021-02-19,1588.4088
2021-02-22,1588.7172
2021-02-23,1588.8217
2021-02-24,1588.9291
2021-02-25,1589.0365
2021-02-26,1589.1444
2021-03-01,1589.4491
2021-03-02,1589.553
2021-03-03,1589.6569
2021-03-04,1589.7619
2021-03-05,1589.8665
2021-03-08,1590.1658
2021-03-09,1590.2698
2021-03-10,1590.372
2021-03-11,1590.4751
2021-03-12,1590.5799
2021-03-15,1590.878
2021-03-16,1590.9808
2021-03-17,1591.0835
2021-03-18,1591.1864
2021-03-19,1591.2946
2021-03-22,1591.5967
2021-03-23,1591.7
2021-03-24,1591.802
2021-03-25,1591.9072
2021-03-26,1592.0132
2021-03-29,1592.3149
2021-03-30,1592.4185
2021-03-31,1592.5222
2021-04-01,1592.6243
2021-04-02,1592.7296
2021-04-06,1593.1263
2021-04-07,1593.2253
2021-04-08,1593.3234
2021-04-09,1593.4262
2021-04-12,1593.7174
2021-04-13,1593.8162
2021-04-14,1593.9144
2021-04-15,1594.0123
2021-04-16,1594.115
2021-04-19,1594.4111
2021-04-20,1594.5128
2021-04-21,1594.6116
2021-04-22,1594.7099
2021-04-23,1594.8134
2021-04-26,1595.1127
2021-04-27,1595.2156
2021-04-28,1595.3156
2021-04-29,1595.4152
2021-04-30,1595.5228
2021-05-06,1596.0963
2021-05-07,1596.2001
2021-05-10,1596.4892
2021-05-11,1596.586
2021-05-12,1596.6845
2021-05-13,1596.7806
2021-05-14,1596.8812
2021-05-17,1597.1659
2021-05-18,1597.2623
2021-05-19,1597.3598
2021-05-20,1597.4573
2021-05-21,1597.5591
2021-05-24,1597.8464
2021-05-25,1597.9466
2021-05-26,1598.0436
2021-05-27,1598.1396
2021-05-28,1598.2434
2021-05-31,1598.5273
2021-06-01,1598.6264
2021-06-02,1598.7237
2021-06-03,1598.8208
2021-06-04,1598.9206
2021-06-07,1599.2052
2021-06-08,1599.3037
2021-06-09,1599.3992
2021-06-10,1599.4953
2021-06-11,1599.5969
2021-06-15,1599.9699
2021-06-16,1600.068
2021-06-17,1600.164
2021-06-18,1600.2657
2021-06-21,1600.5451
2021-06-22,1600.6431
2021-06-23,1600.7420000000006
2021-06-24,1600.8425
2021-06-25,1600.9476
2021-06-28,1601.2398
2021-06-29,1601.3422
2021-06-30,1601.4429
2021-07-01,1601.5426
2021-07-02,1601.6458
2021-07-05,1601.9396
2021-07-06,1602.036
2021-07-07,1602.131
2021-07-08,1602.2243
2021-07-09,1602.323
2021-07-12,1602.5979
2021-07-13,1602.6935
2021-07-14,1602.7879999999998
2021-07-15,1602.8825
2021-07-16,1602.9822
2021-07-19,1603.2587
2021-07-20,1603.3553
2021-07-21,1603.45
2021-07-22,1603.5445
2021-07-23,1603.6451
2021-07-26,1603.9207
2021-07-27,1604.0176
2021-07-28,1604.1134
2021-07-29,1604.2077
2021-07-30,1604.3089
2021-08-02,1604.5879
2021-08-03,1604.6844
2021-08-04,1604.7796
2021-08-05,1604.8717
2021-08-06,1604.9682
2021-08-09,1605.2403
2021-08-10,1605.3354
2021-08-11,1605.4291
2021-08-12,1605.5237
2021-08-13,1605.6208
2021-08-16,1605.8931
2021-08-17,1605.9874
2021-08-18,1606.0803
2021-08-19,1606.1737
2021-08-20,1606.2735
2021-08-23,1606.5473
2021-08-24,1606.6427
2021-08-25,1606.7393
2021-08-26,1606.8342
2021-08-27,1606.9336
2021-08-30,1607.2173
2021-08-31,1607.3153
2021-09-01,1607.4114
2021-09-02,1607.506
2021-09-03,1607.6041
2021-09-06,1607.8806
2021-09-07,1607.9751
2021-09-08,1608.0703
2021-09-09,1608.1638
2021-09-10,1608.2644
2021-09-13,1608.5383
2021-09-14,1608.6336
2021-09-15,1608.7281
2021-09-16,1608.8211
2021-09-17,1608.9285
2021-09-22,1609.3895
2021-09-23,1609.4871
2021-09-24,1609.5893
2021-09-27,1609.8758
2021-09-28,1609.9747
2021-09-29,1610.0754
2021-09-30,1610.1882
2021-10-08,1610.9694
2021-10-11,1611.2607
2021-10-12,1611.36
2021-10-13,1611.4559
2021-10-14,1611.5507
2021-10-15,1611.6497
2021-10-18,1611.925
2021-10-19,1612.0214
2021-10-20,1612.1178
2021-10-21,1612.2128
2021-10-22,1612.3125
2021-10-25,1612.5914
2021-10-26,1612.6886
2021-10-27,1612.785
2021-10-28,1612.8811
2021-10-29,1612.9816
2021-11-01,1613.2645
2021-11-02,1613.3586
2021-11-03,1613.4547
2021-11-04,1613.5488
2021-11-05,1613.6496
2021-11-08,1613.9267
2021-11-09,1614.0207
2021-11-10,1614.1158
2021-11-11,1614.2105
2021-11-12,1614.3117
2021-11-15,1614.5906
2021-11-16,1614.6863
2021-11-17,1614.7848
2021-11-18,1614.8804
2021-11-19,1614.9825
2021-11-22,1615.2714
2021-11-23,1615.3693
2021-11-24,1615.4668
2021-11-25,1615.5645
2021-11-26,1615.6702
2021-11-29,1615.9581
2021-11-30,1616.0561
2021-12-01,1616.1541
2021-12-02,1616.2519
2021-12-03,1616.3523
2021-12-06,1616.6392
2021-12-07,1616.7405
2021-12-08,1616.8373
2021-12-09,1616.9332
2021-12-10,1617.0351
2021-12-13,1617.3192
2021-12-14,1617.4208
2021-12-15,1617.5199
2021-12-16,1617.6185
2021-12-17,1617.7221
2021-12-20,1618.0162
2021-12-21,1618.1136
2021-12-22,1618.2177
2021-12-23,1618.3177
2021-12-24,1618.4288
2021-12-27,1618.7286
2021-12-28,1618.8327
2021-12-29,1618.9399
2021-12-30,1619.0501
2021-12-31,1619.1614
2022-01-04,1619.5853
2022-01-05,1619.6872
2022-01-06,1619.7881
2022-01-07,1619.8905
2022-01-10,1620.1829
2022-01-11,1620.2824
2022-01-12,1620.379
2022-01-13,1620.4754
2022-01-14,1620.5773
2022-01-17,1620.8627
2022-01-18,1620.9615
2022-01-19,1621.0579
2022-01-20,1621.1551
2022-01-21,1621.2573
2022-01-24,1621.5468
2022-01-25,1621.6505
2022-01-26,1621.7506
2022-01-27,1621.8529
2022-01-28,1621.9684
2022-02-07,1622.9160000000006
2022-02-08,1623.01
2022-02-09,1623.1041
2022-02-10,1623.1977
2022-02-11,1623.2945
2022-02-14,1623.5713
2022-02-15,1623.6654
2022-02-16,1623.7569
2022-02-17,1623.8487
2022-02-18,1623.9448
2022-02-21,1624.2169
2022-02-22,1624.3145
2022-02-23,1624.4082
2022-02-24,1624.5022
2022-02-25,1624.6031
2022-02-28,1624.8799
2022-03-01,1624.9779
2022-03-02,1625.0729
2022-03-03,1625.1654
2022-03-04,1625.2613
2022-03-07,1625.5344
2022-03-08,1625.6314
2022-03-09,1625.7237
2022-03-10,1625.8167
2022-03-11,1625.9127
2022-03-14,1626.1828
2022-03-15,1626.2792
2022-03-16,1626.3739
2022-03-17,1626.4676
2022-03-18,1626.5652
2022-03-21,1626.8468
2022-03-22,1626.9422
2022-03-23,1627.0382
2022-03-24,1627.1335
2022-03-25,1627.2348
2022-03-28,1627.5202
2022-03-29,1627.6189
2022-03-30,1627.7164
2022-03-31,1627.8136
2022-04-01,1627.9202
2022-04-06,1628.3989
2022-04-07,1628.4908
2022-04-08,1628.5865
2022-04-11,1628.8556
2022-04-12,1628.9483
2022-04-13,1629.0399
2022-04-14,1629.1303
2022-04-15,1629.2236
2022-04-18,1629.4858
2022-04-19,1629.5751
2022-04-20,1629.6666
2022-04-21,1629.7547
2022-04-22,1629.8521
2022-04-25,1630.114
2022-04-26,1630.2022
2022-04-27,1630.2916
2022-04-28,1630.381
2022-04-29,1630.4783
2022-05-05,1630.9818
2022-05-06,1631.0743
2022-05-09,1631.3234
2022-05-10,1631.4106
2022-05-11,1631.4955
2022-05-12,1631.5783
2022-05-13,1631.668
2022-05-16,1631.9108
2022-05-17,1631.9969
2022-05-18,1632.0796
2022-05-19,1632.1616
2022-05-20,1632.2504
2022-05-23,1632.4925
2022-05-24,1632.5766
2022-05-25,1632.6609
2022-05-26,1632.7428
2022-05-27,1632.8292
2022-05-30,1633.0722
2022-05-31,1633.1575
2022-06-01,1633.2405
2022-06-02,1633.3273
2022-06-06,1633.6423
2022-06-07,1633.725
2022-06-08,1633.8069
2022-06-09,1633.89
2022-06-10,1633.973
2022-06-13,1634.208
2022-06-14,1634.2902
2022-06-15,1634.3722
2022-06-16,1634.4539
2022-06-17,1634.5414
2022-06-20,1634.7793
2022-06-21,1634.8609
2022-06-22,1634.9428
2022-06-23,1635.0268
2022-06-24,1635.1155
2022-06-27,1635.3545
2022-06-28,1635.44
2022-06-29,1635.526
2022-06-30,1635.6132
2022-07-01,1635.7025
2022-07-04,1635.9534
2022-07-05,1636.0353
2022-07-06,1636.1166
2022-07-07,1636.1962
2022-07-08,1636.2784
2022-07-11,1636.5081
2022-07-12,1636.5881
2022-07-13,1636.6671
2022-07-14,1636.7444
2022-07-15,1636.8268
2022-07-18,1637.0523
2022-07-19,1637.1347
2022-07-20,1637.2107
2022-07-21,1637.2873
2022-07-22,1637.3678
2022-07-25,1637.5922
2022-07-26,1637.6713
2022-07-27,1637.7482
2022-07-28,1637.8259
2022-07-29,1637.9063
2022-08-01,1638.1282
2022-08-02,1638.2065
2022-08-03,1638.2825
2022-08-04,1638.3568
2022-08-05,1638.4333
2022-08-08,1638.6516
2022-08-09,1638.7278
2022-08-10,1638.8017
2022-08-11,1638.8752
2022-08-12,1638.953
2022-08-15,1639.1660000000006
2022-08-16,1639.24
2022-08-17,1639.3131
2022-08-18,1639.3863
2022-08-19,1639.4626
2022-08-22,1639.6758
2022-08-23,1639.7485
2022-08-24,1639.821
2022-08-25,1639.8935
2022-08-26,1639.9698
2022-08-29,1640.1852
2022-08-30,1640.2627
2022-08-31,1640.3412
2022-09-01,1640.4129
2022-09-02,1640.4887
2022-09-05,1640.7034
2022-09-06,1640.7769
2022-09-07,1640.8498
2022-09-08,1640.9211
2022-09-09,1640.9969
2022-09-13,1641.2784
2022-09-14,1641.3505
2022-09-15,1641.4208
2022-09-16,1641.5003
2022-09-19,1641.7094
2022-09-20,1641.7839
2022-09-21,1641.8587
2022-09-22,1641.9307
2022-09-23,1642.0095
2022-09-26,1642.2255
2022-09-27,1642.3056
2022-09-28,1642.385
2022-09-29,1642.465
2022-09-30,1642.553
2022-10-10,1643.3153
2022-10-11,1643.3931
2022-10-12,1643.4679
2022-10-13,1643.5393
2022-10-14,1643.6144
2022-10-17,1643.8234
2022-10-18,1643.8953
2022-10-19,1643.9663
2022-10-20,1644.0367
2022-10-21,1644.1109
2022-10-24,1644.3131
2022-10-25,1644.3855
2022-10-26,1644.461
2022-10-27,1644.5364
2022-10-28,1644.6153
2022-10-31,1644.8319
2022-11-01,1644.9047
2022-11-02,1644.9747
2022-11-03,1645.0441
2022-11-04,1645.1144
2022-11-07,1645.3158
2022-11-08,1645.3842
2022-11-09,1645.4522
2022-11-10,1645.5203
2022-11-11,1645.5914
2022-11-14,1645.7945
2022-11-15,1645.8638
2022-11-16,1645.9323
2022-11-17,1646.0002
2022-11-18,1646.0724
2022-11-21,1646.2863
2022-11-22,1646.3598
2022-11-23,1646.4312
2022-11-24,1646.5032
2022-11-25,1646.5791
2022-11-28,1646.8
2022-11-29,1646.8752
2022-11-30,1646.9508
2022-12-01,1647.0242
2022-12-02,1647.1011
2022-12-05,1647.3222
2022-12-06,1647.3964
2022-12-07,1647.4701
2022-12-08,1647.5436
2022-12-09,1647.6213
2022-12-12,1647.8424
2022-12-13,1647.9185
2022-12-14,1647.9961
2022-12-15,1648.0754
2022-12-16,1648.1566
2022-12-19,1648.39
2022-12-20,1648.4725
2022-12-21,1648.5564
2022-12-22,1648.6451
2022-12-23,1648.7366
2022-12-26,1649.0036
2022-12-27,1649.1014
2022-12-28,1649.1995
2022-12-29,1649.2968
2022-12-30,1649.3994
2023-01-03,1649.7905
2023-01-04,1649.8845
2023-01-05,1649.9763
2023-01-06,1650.0686
2023-01-09,1650.3323
2023-01-10,1650.4181
2023-01-11,1650.5039
2023-01-12,1650.5905
2023-01-13,1650.6808
2023-01-16,1650.9414
2023-01-17,1651.0308
2023-01-18,1651.1226
2023-01-19,1651.2152
2023-01-20,1651.317
2023-01-30,1652.1925
2023-01-31,1652.2815
2023-02-01,1652.3693
2023-02-02,1652.4561
2023-02-03,1652.545
2023-02-06,1652.7982
2023-02-07,1652.8826
2023-02-08,1652.9676
2023-02-09,1653.0524
2023-02-10,1653.1415
2023-02-13,1653.3966
2023-02-14,1653.483
2023-02-15,1653.5678
2023-02-16,1653.6529
2023-02-17,1653.7423
2023-02-20,1653.9957
2023-02-21,1654.0818
2023-02-22,1654.1683
2023-02-23,1654.2562
2023-02-24,1654.348
2023-02-27,1654.6099
2023-02-28,1654.7007
2023-03-01,1654.7905
2023-03-02,1654.8788
2023-03-03,1654.9692
2023-03-06,1655.2321
2023-03-07,1655.3187
2023-03-08,1655.4052
2023-03-09,1655.4931
2023-03-10,1655.5828
2023-03-13,1655.8401
2023-03-14,1655.9284
2023-03-15,1656.0159
2023-03-16,1656.1089
2023-03-17,1656.2004
2023-03-20,1656.4689
2023-03-21,1656.5596
2023-03-22,1656.6506
2023-03-23,1656.7455
2023-03-24,1656.842
2023-03-27,1657.12
2023-03-28,1657.22
2023-03-29,1657.3208
2023-03-30,1657.4255
2023-03-31,1657.5355
2023-04-03,1657.8409
2023-04-04,1657.9444
2023-04-06,1658.1393
2023-04-07,1658.2372
2023-04-10,1658.5135
2023-04-11,1658.608
2023-04-12,1658.7003
2023-04-13,1658.7923
2023-04-14,1658.8874
2023-04-17,1659.1548
2023-04-18,1659.2462
2023-04-19,1659.3365
2023-04-20,1659.4271
2023-04-21,1659.5228
2023-04-24,1659.7902
2023-04-25,1659.8833
2023-04-26,1659.9773
2023-04-27,1660.0731
2023-04-28,1660.1748
2023-05-04,1660.7158
2023-05-05,1660.8085
2023-05-08,1661.0756
2023-05-09,1661.1661
2023-05-10,1661.2578
2023-05-11,1661.3489
2023-05-12,1661.4405
2023-05-15,1661.7001
2023-05-16,1661.7888
2023-05-17,1661.8775
2023-05-18,1661.9677
2023-05-19,1662.0594
2023-05-22,1662.3212
2023-05-23,1662.4109
2023-05-24,1662.4988
2023-05-25,1662.5883
2023-05-26,1662.6823
2023-05-29,1662.9457
2023-05-30,1663.0352
2023-05-31,1663.1251
2023-06-01,1663.2157
2023-06-02,1663.3082
2023-06-05,1663.5704
2023-06-06,1663.6594
2023-06-07,1663.7482
2023-06-08,1663.8396
2023-06-09,1663.9314
2023-06-12,1664.1899
2023-06-13,1664.2777
2023-06-14,1664.3653
2023-06-15,1664.4552
2023-06-16,1664.5455
2023-06-19,1664.8005
2023-06-20,1664.8909
2023-06-21,1664.9847
2023-06-26,1665.4193
2023-06-27,1665.5141
2023-06-28,1665.6112
2023-06-29,1665.7093
2023-06-30,1665.8123
2023-07-03,1666.1012
2023-07-04,1666.1956
2023-07-05,1666.2883
2023-07-06,1666.3785
2023-07-07,1666.47
2023-07-10,1666.7309
2023-07-11,1666.8177
2023-07-12,1666.9051
2023-07-13,1666.9898
2023-07-14,1667.0777
2023-07-17,1667.3269
2023-07-18,1667.4121
2023-07-19,1667.4967
2023-07-20,1667.5807
2023-07-21,1667.6675
2023-07-24,1667.9124
2023-07-25,1667.9959
2023-07-26,1668.0804
2023-07-27,1668.165
2023-07-28,1668.2568
2023-07-31,1668.5052
2023-08-01,1668.5901
2023-08-02,1668.675
2023-08-03,1668.7579999999994
2023-08-04,1668.844
2023-08-07,1669.0877
2023-08-08,1669.1692
2023-08-09,1669.2509
2023-08-10,1669.3343
2023-08-11,1669.4192
2023-08-14,1669.6572
2023-08-15,1669.7379999999994
2023-08-16,1669.8197
2023-08-17,1669.9055
2023-08-18,1669.9912
2023-08-21,1670.2309
2023-08-22,1670.3125
2023-08-23,1670.3944
2023-08-24,1670.4777
2023-08-25,1670.5614
2023-08-28,1670.8025
2023-08-29,1670.8854
2023-08-30,1670.9685
2023-08-31,1671.0539
2023-09-01,1671.1418
2023-09-04,1671.3902
2023-09-05,1671.4732
2023-09-06,1671.5556
2023-09-07,1671.6361
2023-09-08,1671.7192
2023-09-11,1671.9557
2023-09-12,1672.0364
2023-09-13,1672.1188
2023-09-14,1672.2020000000002
2023-09-15,1672.2871
2023-09-18,1672.534
2023-09-19,1672.6175
2023-09-20,1672.7021
2023-09-21,1672.7898
2023-09-22,1672.8807
2023-09-25,1673.1419
2023-09-26,1673.2315
2023-09-27,1673.3262
2023-09-28,1673.4327
2023-10-09,1674.4589
2023-10-10,1674.5513
2023-10-11,1674.638
2023-10-12,1674.721
2023-10-13,1674.8067
2023-10-16,1675.0569
2023-10-17,1675.1406
2023-10-18,1675.2238
2023-10-19,1675.3072
2023-10-20,1675.3946
2023-10-23,1675.6511
2023-10-24,1675.7397
2023-10-25,1675.8284
2023-10-26,1675.9182
2023-10-27,1676.0099
2023-10-30,1676.277
2023-10-31,1676.3668
2023-11-01,1676.4562
2023-11-02,1676.5437
2023-11-03,1676.6331
2023-11-06,1676.891
2023-11-07,1676.9759
2023-11-08,1677.06
2023-11-09,1677.1441
2023-11-10,1677.2307
2023-11-13,1677.4808
2023-11-14,1677.5655
2023-11-15,1677.6508
2023-11-16,1677.7366
2023-11-17,1677.8262
2023-11-20,1678.0848
2023-11-21,1678.1734
2023-11-22,1678.2607
2023-11-23,1678.3501
2023-11-24,1678.4421
2023-11-27,1678.7084
2023-11-28,1678.8005
2023-11-29,1678.8937
2023-11-30,1678.9886
2023-12-01,1679.0852
2023-12-04,1679.3687
2023-12-05,1679.4595
2023-12-06,1679.5488
2023-12-07,1679.6382
2023-12-08,1679.7309
2023-12-11,1680.0
2023-12-12,1680.0929999999994
2023-12-13,1680.1843
2023-12-14,1680.2768
2023-12-15,1680.3753
2023-12-18,1680.6606
2023-12-19,1680.755
2023-12-20,1680.8525
2023-12-21,1680.9498
2023-12-22,1681.0513
2023-12-25,1681.3448
2023-12-26,1681.4529
2023-12-27,1681.5612
2023-12-28,1681.6723
2023-12-29,1681.7887
2024-01-02,1682.23
2024-01-03,1682.3365
2024-01-04,1682.4377
2024-01-05,1682.5385
2024-01-08,1682.8321
2024-01-09,1682.9308
2024-01-10,1683.0288
2024-01-11,1683.1266
2024-01-12,1683.2251
2024-01-15,1683.5083
2024-01-16,1683.6045
2024-01-17,1683.7001
2024-01-18,1683.7975
2024-01-19,1683.8969
2024-01-22,1684.1807
2024-01-23,1684.2766
2024-01-24,1684.3722
2024-01-25,1684.4684
2024-01-26,1684.5698
2024-01-29,1684.8589
2024-01-30,1684.9572
2024-01-31,1685.0553
2024-02-01,1685.1606
2024-02-02,1685.2602
2024-02-05,1685.5513
2024-02-06,1685.6503
2024-02-07,1685.7496
2024-02-08,1685.854
2024-02-19,1686.8596
2024-02-20,1686.9528
2024-02-21,1687.0462
2024-02-22,1687.1383
2024-02-23,1687.2314
2024-02-26,1687.4988
2024-02-27,1687.592
2024-02-28,1687.6841
2024-02-29,1687.7762
2024-03-01,1687.8719
2024-03-04,1688.1409
2024-03-05,1688.2338
2024-03-06,1688.3232
2024-03-07,1688.4118
2024-03-08,1688.5068
2024-03-11,1688.77
2024-03-12,1688.865
2024-03-13,1688.9544
2024-03-14,1689.0421
2024-03-15,1689.1354
2024-03-18,1689.4002
2024-03-19,1689.4897
2024-03-20,1689.5787
2024-03-21,1689.6682
2024-03-22,1689.7608
2024-03-25,1690.0333
2024-03-26,1690.1229999999994
2024-03-27,1690.2131
2024-03-28,1690.3062
2024-03-29,1690.404
2024-04-01,1690.6766
2024-04-02,1690.7686
2024-04-03,1690.8601
2024-04-08,1691.2879
2024-04-09,1691.3772
2024-04-10,1691.4641
2024-04-11,1691.5488
2024-04-12,1691.6386
2024-04-15,1691.8909
2024-04-16,1691.9801
2024-04-17,1692.0667
2024-04-18,1692.1512
2024-04-19,1692.2379
2024-04-22,1692.4837
2024-04-23,1692.5727
2024-04-24,1692.6584
2024-04-25,1692.7425
2024-04-26,1692.8297
2024-04-29,1693.0738
2024-04-30,1693.1597
2024-05-06,1693.6389
2024-05-07,1693.7226
2024-05-08,1693.8045
2024-05-09,1693.8854
2024-05-10,1693.9673
2024-05-13,1694.2041
2024-05-14,1694.2857
2024-05-15,1694.3673
2024-05-16,1694.4491
2024-05-17,1694.5322
2024-05-20,1694.7681
2024-05-21,1694.8489
2024-05-22,1694.928
2024-05-23,1695.0079999999994
2024-05-24,1695.0909
2024-05-27,1695.3232
2024-05-28,1695.4026
2024-05-29,1695.4816
2024-05-30,1695.5612
2024-05-31,1695.6422
2024-06-03,1695.8745
2024-06-04,1695.9554
2024-06-05,1696.0342
2024-06-06,1696.1132
2024-06-07,1696.1986
2024-06-11,1696.5057
2024-06-12,1696.5831
2024-06-13,1696.6628
2024-06-14,1696.7445
2024-06-17,1696.9719
2024-06-18,1697.0536
2024-06-19,1697.1329999999994
2024-06-20,1697.2123
2024-06-21,1697.293
2024-06-24,1697.5216
2024-06-25,1697.6041
2024-06-26,1697.6836
2024-06-27,1697.763
2024-06-28,1697.8454
2024-07-01,1698.0751
2024-07-02,1698.1528
2024-07-03,1698.2284
2024-07-04,1698.303
2024-07-05,1698.3777
2024-07-08,1698.5951
2024-07-09,1698.6692
2024-07-10,1698.7427
2024-07-11,1698.8167
2024-07-12,1698.8914
2024-07-15,1699.1052
2024-07-16,1699.1785
2024-07-17,1699.2524
2024-07-18,1699.3245
2024-07-19,1699.3993
2024-07-22,1699.6148
2024-07-23,1699.6879
2024-07-24,1699.76
2024-07-25,1699.8331
2024-07-26,1699.9082
2024-07-29,1700.1229999999994
2024-07-30,1700.1965
2024-07-31,1700.2682
2024-08-01,1700.3412
2024-08-02,1700.4149
2024-08-05,1700.6283
2024-08-06,1700.7023
2024-08-07,1700.7744
2024-08-08,1700.8486
2024-08-09,1700.9237
2024-08-12,1701.1357
2024-08-13,1701.2093
2024-08-14,1701.2822
2024-08-15,1701.3557
2024-08-16,1701.4302
2024-08-19,1701.6426
2024-08-20,1701.7194
2024-08-21,1701.7909
2024-08-22,1701.8628
2024-08-23,1701.9387
2024-08-26,1702.1514
2024-08-27,1702.2251
2024-08-28,1702.2967
2024-08-29,1702.3685
2024-08-30,1702.4428
2024-09-02,1702.6551
2024-09-03,1702.7294
2024-09-04,1702.8007
2024-09-05,1702.8729999999994
2024-09-06,1702.9471
2024-09-09,1703.1569
2024-09-10,1703.231
2024-09-11,1703.3039
2024-09-12,1703.3765
2024-09-13,1703.4575
2024-09-18,1703.8076
2024-09-19,1703.8846
2024-09-20,1703.965
2024-09-23,1704.1775
2024-09-24,1704.2535
2024-09-25,1704.3295
2024-09-26,1704.4051
2024-09-27,1704.4854
2024-09-30,1704.7082
2024-10-08,1705.2881
2024-10-09,1705.3628
2024-10-10,1705.4369
2024-10-11,1705.5113
2024-10-14,1705.7291
2024-10-15,1705.8028
2024-10-16,1705.8757
2024-10-17,1705.948
2024-10-18,1706.0209
2024-10-21,1706.2314
2024-10-22,1706.3035
2024-10-23,1706.376
2024-10-24,1706.4478
2024-10-25,1706.5208
2024-10-28,1706.7294
2024-10-29,1706.8022
2024-10-30,1706.8736
2024-10-31,1706.9459
2024-11-01,1707.0175
2024-11-04,1707.2259
2024-11-05,1707.2977
2024-11-06,1707.3681
2024-11-07,1707.4383
2024-11-08,1707.5091
2024-11-11,1707.7179
2024-11-12,1707.7918
2024-11-13,1707.8631
2024-11-14,1707.9335
2024-11-15,1708.0046
2024-11-18,1708.2113
2024-11-19,1708.2825
2024-11-20,1708.3534
2024-11-21,1708.4231
2024-11-22,1708.4957
2024-11-25,1708.7025
2024-11-26,1708.7725
2024-11-27,1708.8438
2024-11-28,1708.9137
2024-11-29,1708.9857
2024-12-02,1709.1905
2024-12-03,1709.2629
2024-12-04,1709.3339999999994
2024-12-05,1709.404
2024-12-06,1709.4797
2024-12-09,1709.6831
2024-12-10,1709.7575
2024-12-11,1709.8278
2024-12-12,1709.899
2024-12-13,1709.9727
2024-12-16,1710.178
2024-12-17,1710.2504
2024-12-18,1710.3197
2024-12-19,1710.3934
2024-12-20,1710.4674
2024-12-23,1710.6751
2024-12-24,1710.7484
2024-12-25,1710.8205
2024-12-26,1710.8929
2024-12-27,1710.9664
2024-12-30,1711.1726
2024-12-31,1711.2425
2025-01-02,1711.3828
2025-01-03,1711.4534
2025-01-06,1711.6525
2025-01-07,1711.7192
2025-01-08,1711.7846
2025-01-09,1711.8525
2025-01-10,1711.9187
2025-01-13,1712.1082
2025-01-14,1712.1768
2025-01-15,1712.246
2025-01-16,1712.3229
2025-01-17,1712.3981
2025-01-20,1712.6138
2025-01-21,1712.6897
2025-01-22,1712.7644
2025-01-23,1712.8381
2025-01-24,1712.9132
2025-01-27,1713.1437
2025-02-05,1713.8052
2025-02-06,1713.8778
2025-02-07,1713.9457
2025-02-10,1714.1442
2025-02-11,1714.2113
2025-02-12,1714.2769
2025-02-13,1714.3436
2025-02-14,1714.4092
2025-02-17,1714.6015
2025-02-18,1714.6686
2025-02-19,1714.7349
2025-02-20,1714.8031
2025-02-21,1714.8729999999994
2025-02-24,1715.0741
2025-02-25,1715.1429
2025-02-26,1715.211
2025-02-27,1715.28
2025-02-28,1715.351
2025-03-03,1715.5562
2025-03-04,1715.6242
2025-03-05,1715.6905
2025-03-06,1715.7574
2025-03-07,1715.8224
2025-03-10,1716.0155
2025-03-11,1716.0822
2025-03-12,1716.1474
2025-03-13,1716.2147
2025-03-14,1716.2839
2025-03-17,1716.4792
2025-03-18,1716.5482
2025-03-19,1716.6159
2025-03-20,1716.6848
2025-03-21,1716.7545
2025-03-24,1716.9545
2025-03-25,1717.0249
2025-03-26,1717.0938
2025-03-27,1717.1636
2025-03-28,1717.2343
2025-03-31,1717.439
2025-04-01,1717.5092
2025-04-02,1717.5791
2025-04-03,1717.6473
2025-04-07,1717.9126
2025-04-08,1717.9811
2025-04-09,1718.0475
2025-04-10,1718.1149
2025-04-11,1718.1823
2025-04-14,1718.3755
2025-04-15,1718.442
2025-04-16,1718.5077
2025-04-17,1718.5735
2025-04-18,1718.639
2025-04-21,1718.8297
2025-04-22,1718.8968
2025-04-23,1718.9616
2025-04-24,1719.0276
2025-04-25,1719.0922
2025-04-28,1719.2856
2025-04-29,1719.3523
2025-04-30,1719.419
2025-05-06,1719.7959
2025-05-07,1719.8604
2025-05-08,1719.9246
2025-05-09,1719.9885
2025-05-12,1720.1768
2025-05-13,1720.2426
2025-05-14,1720.3079
2025-05-15,1720.3717
2025-05-16,1720.4353
2025-05-19,1720.6195
2025-05-20,1720.6869
2025-05-21,1720.7499
2025-05-22,1720.8138
2025-05-23,1720.8768
2025-05-26,1721.0592
2025-05-27,1721.1229
2025-05-28,1721.1853
2025-05-29,1721.2467
2025-05-30,1721.3122
2025-06-03,1721.5545
2025-06-04,1721.6156
2025-06-05,1721.6769
2025-06-06,1721.7389
2025-06-09,1721.9187
2025-06-10,1721.9814
2025-06-11,1722.0433
2025-06-12,1722.1034
2025-06-13,1722.167
2025-06-16,1722.344
2025-06-17,1722.4079
2025-06-18,1722.469
2025-06-19,1722.5308
2025-06-20,1722.5953
2025-06-23,1722.7746
2025-06-24,1722.8395
2025-06-25,1722.9012
2025-06-26,1722.9628
2025-06-27,1723.0247
2025-06-30,1723.2032
2025-07-01,1723.2651
2025-07-02,1723.3261
2025-07-03,1723.3865
2025-07-04,1723.4458
2025-07-07,1723.6178
2025-07-08,1723.6762
2025-07-09,1723.7346
2025-07-10,1723.7928
2025-07-11,1723.8519
2025-07-14,1724.0195
2025-07-15,1724.0778
2025-07-16,1724.1354
2025-07-17,1724.1935
2025-07-18,1724.2525
2025-07-21,1724.4197
2025-07-22,1724.4778
2025-07-23,1724.5338
2025-07-24,1724.5911
2025-07-25,1724.6488
2025-07-28,1724.8156
2025-07-29,1724.8727
2025-07-30,1724.9291
2025-07-31,1724.9862
2025-08-01,1725.0437
2025-08-04,1725.2124
2025-08-05,1725.2718
2025-08-06,1725.3279
2025-08-07,1725.3854
2025-08-08,1725.4424
2025-08-11,1725.6077
2025-08-12,1725.6654
2025-08-13,1725.7211
2025-08-14,1725.7789
2025-08-15,1725.8376
2025-08-18,1726.0019
2025-08-19,1726.06
2025-08-20,1726.1182
2025-08-21,1726.1744
2025-08-22,1726.2328
2025-08-25,1726.3972
2025-08-26,1726.454
2025-08-27,1726.5104
2025-08-28,1726.5669
2025-08-29,1726.6238
2025-09-01,1726.7889
2025-09-02,1726.845
2025-09-03,1726.9011
2025-09-04,1726.9571
2025-09-05,1727.014
2025-09-08,1727.1777
2025-09-09,1727.2339
2025-09-10,1727.2892
2025-09-11,1727.3447
2025-09-12,1727.4022
2025-09-15,1727.5682
2025-09-16,1727.6237
2025-09-17,1727.6796
2025-09-18,1727.7357
2025-09-19,1727.7939
2025-09-22,1727.9606
2025-09-23,1728.0178
2025-09-24,1728.0751
2025-09-25,1728.1328
2025-09-26,1728.1924
2025-09-29,1728.3621
2025-09-30,1728.4218
2025-10-09,1728.9243
2025-10-10,1728.9807
2025-10-13,1729.1442
2025-10-14,1729.2008
2025-10-15,1729.2564
2025-10-16,1729.3122
2025-10-17,1729.369
2025-10-20,1729.5332
2025-10-21,1729.5889
2025-10-22,1729.6437
2025-10-23,1729.6985
2025-10-24,1729.7546
2025-10-27,1729.9157
2025-10-28,1729.9715
2025-10-29,1730.0267
2025-10-30,1730.0826
2025-10-31,1730.1383
2025-11-03,1730.3021
2025-11-04,1730.3571
2025-11-05,1730.4119
2025-11-06,1730.4668
2025-11-07,1730.5243
2025-11-10,1730.6858
2025-11-11,1730.7439
2025-11-12,1730.7984
2025-11-13,1730.8544
2025-11-14,1730.9122
2025-11-17,1731.0725
2025-11-18,1731.1302
2025-11-19,1731.185
2025-11-20,1731.2407
2025-11-21,1731.2973
2025-11-24,1731.4587
2025-11-25,1731.5142
2025-11-26,1731.57
2025-11-27,1731.6243
2025-11-28,1731.6806
2025-12-01,1731.8429999999994
2025-12-02,1731.898
2025-12-03,1731.953
2025-12-04,1732.0071
2025-12-05,1732.0647
2025-12-08,1732.2268
2025-12-09,1732.2837
2025-12-10,1732.3391
2025-12-11,1732.3936
2025-12-12,1732.4521
2025-12-15,1732.6173
2025-12-16,1732.6741
2025-12-17,1732.7296
2025-12-18,1732.7849
2025-12-19,1732.845
2025-12-22,1733.0101
2025-12-23,1733.0688
2025-12-24,1733.1253
2025-12-25,1733.1824
2025-12-26,1733.2423
2025-12-29,1733.4102
2025-12-30,1733.469
2025-12-31,1733.5266
2026-01-05,1733.8037
2026-01-06,1733.861
2026-01-07,1733.917
2026-01-08,1733.973
2026-01-09,1734.0295
2026-01-12,1734.1926
2026-01-13,1734.2478
2026-01-14,1734.3028
2026-01-15,1734.3588
2026-01-16,1734.4155
2026-01-19,1734.5784
2026-01-20,1734.6336
2026-01-21,1734.6891
2026-01-22,1734.7441
2026-01-23,1734.8009
2026-01-26,1734.9629
2026-01-27,1735.0179999999998
2026-01-28,1735.0732
2026-01-29,1735.1286
2026-01-30,1735.1845
2026-02-02,1735.3474
2026-02-03,1735.4033
2026-02-04,1735.4592
2026-02-05,1735.5152
2026-02-06,1735.5729
2026-02-09,1735.7386
2026-02-10,1735.796
2026-02-11,1735.8524
2026-02-12,1735.9122
2026-02-13,1735.9719
2026-02-24,1736.5637
2026-02-25,1736.6194
2026-02-26,1736.6749
2026-02-27,1736.7309
2026-03-02,1736.8936
2026-03-03,1736.9501
2026-03-04,1737.0054
2026-03-05,1737.0613
2026-03-06,1737.1181
2026-03-09,1737.2798
2026-03-10,1737.3362
2026-03-11,1737.3908
2026-03-12,1737.4454
2026-03-13,1737.5029
2026-03-16,1737.6656
2026-03-17,1737.7225
2026-03-18,1737.7773
2026-03-19,1737.8327
2026-03-20,1737.8903
2026-03-23,1738.0534
2026-03-24,1738.1104
2026-03-25,1738.1666
2026-03-26,1738.2228
2026-03-27,1738.2808
2026-03-30,1738.444
2026-03-31,1738.4993
2026-04-01,1738.5541
2026-04-02,1738.6093
2026-04-03,1738.6663
2026-04-07,1738.8762
2026-04-08,1738.9302
2026-04-09,1738.9302
