date,IC00
2015-04-17,0.006538830794779349
2015-04-20,-0.01752983939573616
2015-04-21,0.06798562094933214
2015-04-22,0.006068497862512956
2015-04-23,0.009255415272656277
2015-04-24,0.007452574525745216
2015-04-27,0.002401767701027957
2015-04-28,-0.02398409047345229
2015-04-29,0.019049957039401155
2015-04-30,0.0044084700440845115
2015-05-04,0.00100733918549456
2015-05-05,-0.024223691776883327
2015-05-06,-0.012793124616328977
2015-05-07,-0.016092926077007297
2015-05-08,0.03283868847485905
2015-05-11,0.03899060113569597
2015-05-12,0.018610567975688497
2015-05-13,0.005550544647193512
2015-05-14,0.0074288737091470205
2015-05-15,-0.000593580201817101
2015-05-18,0.02547844938110444
2015-05-19,0.03664302600472813
2015-05-20,0.01820015788088769
2015-05-21,0.0482189774734032
2015-05-22,0.0006779939596901485
2015-05-25,0.0231388329979878
2015-05-26,0.05674954347520723
2015-05-27,0.0018799491084482425
2015-05-28,-0.05447308567096276
2015-05-29,0.014412861323818138
2015-06-01,0.08937851990909995
2015-06-02,0.020388913075025442
2015-06-03,-0.013083979236293676
2015-06-04,-0.021075005403847547
2015-06-05,0.007341846686048645
2015-06-08,-0.031637592474198506
2015-06-09,0.009224152566351672
2015-06-10,0.02685880901648541
2015-06-11,0.02466371794171729
2015-06-12,0.015010480690659687
2015-06-15,-0.017431176604420732
2015-06-16,-0.034697112729993096
2015-06-17,0.017935233877663936
2015-06-18,-0.03270070875704667
2015-06-19,-0.04334463954425349
2015-06-23,-0.012752752752752672
2015-06-24,0.019812219901445882
2015-06-25,-0.0672499502883277
2015-06-26,-0.08022085784940736
2015-06-29,-0.09973345694750267
2015-06-30,0.07435250502033885
2015-07-01,-0.10023963575365448
2015-07-02,0.021093562734705973
2015-07-03,-0.034299277498109015
2015-07-06,0.004753673292999139
2015-07-07,-0.12416666666666665
2015-07-08,-0.0858782726128724
2015-07-09,0.0999899271396434
2015-07-10,0.09999694759012234
2015-07-13,0.05025390570802246
2015-07-14,0.00996089621644458
2015-07-15,-0.06657946370176583
2015-07-16,0.055465246636771326
2015-07-17,0.053453357763084464
2015-07-20,-0.034183465689269
2015-07-21,0.01660297799446564
2015-07-22,0.007517822423849684
2015-07-23,0.07886272996269139
2015-07-24,-0.04841402337228717
2015-07-27,-0.08002506265664168
2015-07-28,-0.01640014166235315
2015-07-29,0.06672206065641872
2015-07-30,-0.0611206314586904
2015-07-31,0.02309181415929196
2015-08-03,-0.04511420462224625
2015-08-04,0.08384759100945494
2015-08-05,-0.022356874216464817
2015-08-06,0.007880957469544871
2015-08-07,0.040528003816895135
2015-08-10,0.06098430813124112
2015-08-11,-0.01553421368547414
2015-08-12,-0.014437967953564447
2015-08-13,0.032614758357873086
2015-08-14,0.006134942861671933
2015-08-17,0.031201619626056942
2015-08-18,-0.09897216768679984
2015-08-19,0.04475775442194308
2015-08-20,-0.018181372067916368
2015-08-21,-0.03168811695614149
2015-08-24,-0.09487471210145117
2015-08-25,-0.09997547366484773
2015-08-26,-0.08025343189017953
2015-08-27,0.0977741565127217
2015-08-28,0.08002429067845229
2015-08-31,-0.06890950551338526
2015-09-01,-0.09870164726406536
2015-09-02,0.0007444630560209388
2015-09-07,0.07773851590106018
2015-09-08,0.1014667817083692
2015-09-09,-0.0021933260222466444
2015-09-10,-0.00785052598524105
2015-09-11,0.015983541699636117
2015-09-14,-0.10308411214953273
2015-09-15,-0.016428745093952868
2015-09-16,0.06836641005720745
2015-09-17,-0.015832617174588504
2015-09-18,0.009269521410579351
2015-09-21,0.058353344768439015
2015-09-22,-0.014975203396972447
2015-09-23,-0.0160255355556288
2015-09-24,0.019998662296836445
2015-09-25,-0.05124590163934428
2015-09-28,0.03576735667138964
2015-09-29,-0.013412518350460423
2015-09-30,0.0006425431180250296
2015-10-08,0.04687552806786298
2015-10-09,0.03415547520661155
2015-10-12,0.03680464506461889
2015-10-13,0.006924999247282626
2015-10-14,-0.006488652333821786
2015-10-15,0.04659001986396194
2015-10-16,0.0035946396733190773
2015-10-19,-0.013866351969316959
2015-10-20,0.024682124158563967
2015-10-21,-0.05418978102189776
2015-10-22,0.028925109588195275
2015-10-23,0.03627253907773542
2015-10-26,-0.006224667052692534
2015-10-27,0.005593590677348771
2015-10-28,-0.03186835472375926
2015-10-29,0.01475297004518672
2015-10-30,0.00026540843409028625
2015-11-02,-0.0169521507119903
2015-11-03,-0.0018893953934741024
2015-11-04,0.06526246206544273
2015-11-05,-0.0034129692832765013
2015-11-06,0.03218045963998638
2015-11-09,0.008226164687817006
2015-11-10,0.0054665615056161965
2015-11-11,0.020421963754395426
2015-11-12,-0.003445990722332648
2015-11-13,-0.006782816863944663
2015-11-16,0.02276379217996793
2015-11-17,-0.011835559046870836
2015-11-18,-0.00643913296942078
2015-11-19,0.02640352046939598
2015-11-20,0.013901520072755693
2015-11-23,-0.011555101711767437
2015-11-24,0.015550661990593406
2015-11-25,0.021416142417347128
2015-11-26,-0.012999606866727742
2015-11-27,-0.05831275392336487
2015-11-30,0.0036093957082028454
2015-12-01,0.002725408108791516
2015-12-02,0.01997870432638416
2015-12-03,0.013406225103705928
2015-12-04,-0.008403589145815848
2015-12-07,0.0032258946390004697
2015-12-08,-0.014905850614491569
2015-12-09,-0.002489626556016589
2015-12-10,-0.005823627287853572
2015-12-11,0.008005578800557744
2015-12-14,0.026925312007084257
2015-12-15,0.0032336297493937853
2015-12-16,0.006258393768466375
2015-12-17,0.026826468782532142
2015-12-18,0.0009358427784131873
2015-12-21,0.013008173513542332
2015-12-22,0.00856954515491104
2015-12-23,-0.017464052287581744
2015-12-24,0.002261721036666442
2015-12-25,0.008283112538827186
2015-12-28,-0.038284315016193234
2015-12-29,0.015496235455167762
2015-12-30,0.012563694696826607
2015-12-31,-0.021620470218601032
2016-01-04,-0.0636549190366037
2016-01-05,-0.026477939894204442
2016-01-06,0.017226451709210222
2016-01-07,-0.06668231979337869
2016-01-08,0.006257861635220241
2016-01-11,-0.07178349323416366
2016-01-12,0.022624739074809767
2016-01-13,-0.028050306182919704
2016-01-14,0.029401802045931905
2016-01-15,-0.022244159262915453
2016-01-18,0.022477558348294343
2016-01-19,0.04101699676920911
2016-01-20,-0.015821076777762788
2016-01-21,-0.026735218508997405
2016-01-22,0.017749603803486558
2016-01-25,0.003494930620436598
2016-01-26,-0.06875862068965521
2016-01-27,-0.022365400281418986
2016-01-28,-0.02374820089387164
2016-01-29,0.0339088263821532
2016-02-01,-0.0012758452474764814
2016-02-02,0.03768551568664291
2016-02-03,0.006010572814830972
2016-02-04,0.024870429023898574
2016-02-05,-0.013696224758560138
2016-02-15,0.006124265622218239
2016-02-16,0.040627101249248065
2016-02-17,0.011222581193674586
2016-02-18,0.0005380864301327558
2016-02-19,0.0031931699774796485
2016-02-22,0.017580359929262324
2016-02-23,-0.00412321951884409
2016-02-24,0.006295979469632229
2016-02-25,-0.08854432316637761
2016-02-26,0.010595038239134436
2016-02-29,-0.06323599985233863
2016-03-01,0.029988965952080667
2016-03-02,0.06894440831005855
2016-03-03,0.0028633809370413052
2016-03-04,-0.027088761197758715
2016-03-07,0.02622890682318424
2016-03-08,0.011796246648793527
2016-03-09,-0.028440204910793125
2016-03-10,-0.018909090909090875
2016-03-11,0.003187546330615243
2016-03-14,0.039976354097391635
2016-03-15,-0.0038368622992753774
2016-03-16,-0.007596291012838874
2016-03-17,0.034966040176806816
2016-03-18,0.032048611111111125
2016-03-21,0.022449824125801758
2016-03-22,-0.0013828459644507074
2016-03-23,0.004660902458794913
2016-03-24,-0.017783903718146976
2016-03-25,0.011465927371051121
2016-03-28,-0.009034921494315062
2016-03-29,-0.011644186443571793
2016-03-30,0.040077390823659576
2016-03-31,-0.00013287270794581918
2016-04-01,0.0013289036544850141
2016-04-05,0.02694094226940935
2016-04-06,0.00533083484104413
2016-04-07,-0.010830092875277142
2016-04-08,-0.006790123456790198
2016-04-11,0.020084393706453874
2016-04-12,0.00044893378226706926
2016-04-13,0.010609314401102576
2016-04-14,0.0119251506501743
2016-04-15,-0.0007208675484233763
2016-04-18,-0.01953464422488982
2016-04-19,0.0015427033414299185
2016-04-20,-0.051027430931078636
2016-04-21,-0.0004834921950546134
2016-04-22,0.010641973602377286
2016-04-25,-0.005914529914530009
2016-04-26,0.011968222306290244
2016-04-27,-0.003262531860662721
2016-04-28,-0.005591735142691512
2016-04-29,0.002022972741299478
2016-05-03,0.04109635915685739
2016-05-04,-0.0036483155299917853
2016-05-05,0.011545820413010556
2016-05-06,-0.039949126010957466
2016-05-09,-0.03991304052447432
2016-05-10,-0.0004953297480895237
2016-05-11,-0.001699115044247801
2016-05-12,0.005247854762073567
2016-05-13,-0.0019047619047619648
2016-05-16,0.019967486570539927
2016-05-17,0.001212709192335737
2016-05-18,-0.025332225913621158
2016-05-19,0.0014912654452492458
2016-05-20,0.008827908955541421
2016-05-23,0.013015028402962424
2016-05-24,-0.0064948892674615575
2016-05-25,-0.00760904511842253
2016-05-26,0.01292296616270705
2016-05-27,0.0004975301183411941
2016-05-30,-0.003480978936525436
2016-05-31,0.05564070575654957
2016-06-01,-0.003950567260940008
2016-06-02,0.006440896301569632
2016-06-03,0.011081545353498036
2016-06-06,-0.004930375108268437
2016-06-07,0.007130900569132903
2016-06-08,-0.003457102017750957
2016-06-13,-0.04399746489209111
2016-06-14,-0.001500348918353156
2016-06-15,0.034350211412796705
2016-06-16,-0.0012162162162161485
2016-06-17,0.008388580706264248
2016-06-20,0.006470932433827682
2016-06-21,-0.012072090557778359
2016-06-22,0.02499307671005257
2016-06-23,-0.005741303613644
2016-06-24,-0.017153532608695676
2016-06-27,0.030793157076205224
2016-06-28,0.01203647824046139
2016-06-29,0.0022196455192975413
2016-06-30,0.00019833399444668665
2016-07-01,-0.0019498975477559848
2016-07-04,0.019835093877280663
2016-07-05,0.006948503149555085
2016-07-06,0.003901715464981415
2016-07-07,0.008479748177175228
2016-07-08,-0.002293212727330629
2016-07-11,-0.0027134876296887045
2016-07-12,0.019302176696542883
2016-07-13,0.00750557422353415
2016-07-14,0.0040209463250420185
2016-07-15,-0.0003725435410263378
2016-07-18,-0.008387403070105992
2016-07-19,0.0010852218321097946
2016-07-20,-0.0011796964672874384
2016-07-21,0.007118460114278412
2016-07-22,-0.005927099841521288
2016-07-25,0.0028377387367277684
2016-07-26,0.016374157446267246
2016-07-27,-0.04523414771483092
2016-07-28,0.0035057829035747283
2016-07-29,-0.003689434504375089
2016-08-01,-0.012256267409470832
2016-08-02,0.009090607478185795
2016-08-03,0.003222094361335026
2016-08-04,0.01019237701963105
2016-08-05,-0.002854918245522975
2016-08-08,0.01643024466423748
2016-08-09,0.007842258570468275
2016-08-10,-0.0017468081051895679
2016-08-11,-0.01434889122204186
2016-08-12,0.010393802453195544
2016-08-15,0.023129512491214758
2016-08-16,0.008274526946855598
2016-08-17,0.0019510080208107183
2016-08-18,0.002132657476664468
2016-08-19,0.0008944267957931018
2016-08-22,-0.010179153094462491
2016-08-23,-0.0018985539347530227
2016-08-24,0.0008876771391432836
2016-08-25,-0.005416363118051382
2016-08-26,-0.00012738853503191372
2016-08-29,0.007644285896292623
2016-08-30,0.00044253382222780857
2016-08-31,0.0020537124802526567
2016-09-01,-0.010089862840927057
2016-09-02,-0.0012740882306099266
2016-09-05,0.0060915324509647215
2016-09-06,0.02165092246243594
2016-09-07,-0.0026063483198361928
2016-09-08,0.007497277959247038
2016-09-09,-0.004971283888099753
2016-09-12,-0.029325058184639263
2016-09-13,0.0057864450127878
2016-09-14,-0.0035281777438733726
2016-09-19,0.00969696969696976
2016-09-20,-0.0009961759696648362
2016-09-21,0.004921513124034993
2016-09-22,0.007202074197368845
2016-09-23,0.0008580690268862322
2016-09-26,-0.015463753850062044
2016-09-27,0.007159904534606244
2016-09-28,-0.0008646086845139901
2016-09-29,0.009550975930258776
2016-09-30,0.002984221721324509
2016-10-10,0.019941126198841586
2016-10-11,0.0015827204170932865
2016-10-12,-0.0010224948875255935
2016-10-13,0.0021401321298968323
2016-10-14,0.0007737542556482957
2016-10-17,-0.00757692902427709
2016-10-18,0.013617949516983474
2016-10-19,-0.0021828019798936227
2016-10-20,0.0012016268178456355
2016-10-21,-0.007262655793198958
2016-10-24,0.011693712284651214
2016-10-25,0.002410606669345228
2016-10-26,-0.0024664714043471925
2016-10-27,-0.0019780559418945964
2016-10-28,-0.007308537982719576
2016-10-31,-0.0005303384807361369
2016-11-01,0.008958112241712834
2016-11-02,-0.010054137664346484
2016-11-03,0.005468749999999911
2016-11-04,-0.002393162393162341
2016-11-07,-0.00165119322076146
2016-11-08,0.009361834919644265
2016-11-09,-0.009893337455557316
2016-11-10,0.014676034348165556
2016-11-11,0.009847668872134284
2016-11-14,0.003595916501599961
2016-11-15,0.0023077156651383213
2016-11-16,0.0038777303159742704
2016-11-17,0.0012372876241060204
2016-11-18,-0.002622219543070736
2016-11-21,0.002520440154914816
2016-11-22,0.010792249202845385
2016-11-23,-0.004822858529483165
2016-11-24,-0.002164040354780683
2016-11-25,0.002626916732848539
2016-11-28,0.004813551060199872
2016-11-29,-0.006003274513370793
2016-11-30,-0.003904343582235237
2016-12-01,0.00624693777560026
2016-12-02,-0.0211503347534997
2016-12-05,-0.0004663454064977035
2016-12-06,0.00021772939346798026
2016-12-07,0.00889386447740792
2016-12-08,3.082329007786377e-05
2016-12-09,-0.0050548637652571005
2016-12-12,-0.04358736059479551
2016-12-13,0.009134194927606698
2016-12-14,-0.001123415182153753
2016-12-15,0.006233933161953864
2016-12-16,0.008015584083796323
2016-12-19,-0.0010315260137966351
2016-12-20,-0.002291061632784697
2016-12-21,0.011772696400271787
2016-12-22,-0.0034523543138446078
2016-12-23,-0.004041700080192445
2016-12-26,0.0016103578215078687
2016-12-27,-0.0006109521206469902
2016-12-28,0.00032175032175030266
2016-12-29,-0.0003538115149565036
2016-12-30,-0.000836577753466905
2017-01-03,0.010498180530061465
2017-01-04,0.014532011855062256
2017-01-05,-0.0012564787183917405
2017-01-06,-0.0031451486082717532
2017-01-09,0.00548982489351646
2017-01-10,-0.0045812545106529426
2017-01-11,-0.007407874412886596
2017-01-12,-0.00940040650406515
2017-01-13,-0.009617850730956673
2017-01-16,-0.027029651689757902
2017-01-17,0.008916392188175859
2017-01-18,0.0014509480626545555
2017-01-19,-0.0044123942177879405
2017-01-20,0.011807507855134736
2017-01-23,0.0051620964029721605
2017-01-24,0.0014392725131660011
2017-01-25,0.0052261963089987856
2017-01-26,0.005491470349309635
2017-02-03,-0.003845656670113829
2017-02-06,0.005612327656123296
2017-02-07,-0.0019678688947675216
2017-02-08,0.009567831399295512
2017-02-09,0.006115326737745397
2017-02-10,0.0014956720977596927
2017-02-13,0.005719551332973305
2017-02-14,0.0002843512053332109
2017-02-15,-0.00669614655716988
2017-02-16,0.008808191299923607
2017-02-17,-0.004980299448384629
2017-02-20,0.016224046354418098
2017-02-21,0.004308023694130192
2017-02-22,0.0076644062450719206
2017-02-23,0.0012520345561537474
2017-02-24,0.0020320120045016488
2017-02-27,-0.00976507659189474
2017-02-28,0.0044738500315060215
2017-03-01,0.003356125713568803
2017-03-02,-0.0012191690893744722
2017-03-03,0.0004694835680751908
2017-03-06,0.010448928515564004
2017-03-07,0.0008049784823058738
2017-03-08,-0.002382057231245072
2017-03-09,-0.00911684445547012
2017-03-10,0.0030669086812291635
2017-03-13,0.01157494072132792
2017-03-14,-0.0022514881411344057
2017-03-15,-0.0005564142194744992
2017-03-16,0.011227267103798066
2017-03-17,-0.0017433858388131718
2017-03-20,0.0026521060842432664
2017-03-21,0.0028006846117940576
2017-03-22,-0.002513576415826169
2017-03-23,0.00329766052762559
2017-03-24,0.012062015503875978
2017-03-27,-0.007230613683017252
2017-03-28,-0.002067709779958737
2017-03-29,-0.003649183572488779
2017-03-30,-0.011980880253274706
2017-03-31,0.002167630057803516
2017-04-05,0.02482680793705528
2017-04-06,-0.00039763863824060497
2017-04-07,0.003059975520195879
2017-04-10,-0.0015253203172665983
2017-04-11,0.008585395661472539
2017-04-12,-0.0070279603768440575
2017-04-13,0.008267488330943484
2017-04-14,-0.013797276853252605
2017-04-17,-0.01159722648340189
2017-04-18,-0.003259250062080943
2017-04-19,-0.011771667029989665
2017-04-20,0.00018907761636155485
2017-04-21,-0.005135637543716043
2017-04-24,-0.02424842656784132
2017-04-25,0.003208696221596475
2017-04-26,0.0022845953002610386
2017-04-27,0.0029306414848584428
2017-04-28,0.0033116883116881546
2017-05-02,-0.0007119280305480924
2017-05-03,-0.003205958549222787
2017-05-04,-0.0052954744810109755
2017-05-05,-0.010745313214449048
2017-05-08,-0.017597147479282982
2017-05-09,0.006015593493749138
2017-05-10,-0.024185735760815168
2017-05-11,-0.002567525932011927
2017-05-12,0.0
2017-05-15,0.00851180669961571
2017-05-16,0.022631364007623226
2017-05-17,0.00169722786116
2017-05-18,-0.009933554817275758
2017-05-19,0.0006375624979026995
2017-05-22,-0.014373647186147196
2017-05-23,-0.01931853275229045
2017-05-24,0.00752274317704682
2017-05-25,0.008959888869595423
2017-05-26,0.0006883970674285145
2017-05-31,-0.00722319678051797
2017-06-01,-0.01829331670304546
2017-06-02,0.015210869948826478
2017-06-05,0.0037891955781130795
2017-06-06,0.005575757575757567
2017-06-07,0.0249345639895302
2017-06-08,-0.0020161290322581182
2017-06-09,0.004107744107743949
2017-06-12,-0.013781771846287929
2017-06-13,0.012444323552412316
2017-06-14,0.00020149780031575304
2017-06-15,0.008696236107846644
2017-06-16,0.001098462152985924
2017-06-19,0.008124076809453484
2017-06-20,0.0038961038961038415
2017-06-21,0.0007629283179089175
2017-06-22,-0.014782896917467703
2017-06-23,0.0014129995962857136
2017-06-26,0.022273735134045625
2017-06-27,-0.004075059975681139
2017-06-28,-0.0021448605840620467
2017-06-29,0.00436507936507935
2017-06-30,0.003753457131568494
2017-07-03,0.008003673817490009
2017-07-04,-0.0043931012040351325
2017-07-05,0.006929236803399297
2017-07-06,-0.0024345116369656195
2017-07-07,0.0059872445659248106
2017-07-10,-0.002943459697244077
2017-07-11,-0.009180859691808707
2017-07-12,-0.003765306790648904
2017-07-13,0.0037466723633614585
2017-07-14,-0.002422972397760459
2017-07-17,-0.04394919092788907
2017-07-18,0.01259956056028555
2017-07-19,0.02274961857942026
2017-07-20,0.00676258038851696
2017-07-21,0.008067171550872665
2017-07-24,0.007051579156458931
2017-07-25,-0.0004273644761498829
2017-07-26,-0.001841741761494431
2017-07-27,0.009785831960461122
2017-07-28,0.009103664306457482
2017-07-31,0.012998771260428256
2017-08-01,-0.002872829417773226
2017-08-02,-0.0035533644919650826
2017-08-03,0.0013493108876538873
2017-08-04,-0.00779620777054135
2017-08-07,0.015326909396624178
2017-08-08,-0.0012420382165605481
2017-08-09,0.007206402857051763
2017-08-10,-0.010510653116788449
2017-08-11,-0.017885138377859544
2017-08-14,0.023977065415689225
2017-08-15,0.0010180707559175328
2017-08-16,0.002669717772692648
2017-08-17,0.008907062254342568
2017-08-18,-0.002513431147695533
2017-08-21,0.011484745331339584
2017-08-22,-0.0035855821853180148
2017-08-23,-0.00801767676767684
2017-08-24,-0.005823203716667669
2017-08-25,0.012578817655154673
2017-08-28,0.0143191301049439
2017-08-29,-0.004362865779550584
2017-08-30,0.006854674637703839
2017-08-31,0.004756279532454499
2017-09-01,0.009962563039509929
2017-09-04,0.0030634439236589817
2017-09-05,0.003145710533549062
2017-09-06,0.003714303111490125
2017-09-07,-0.006703470031545811
2017-09-08,0.0005802058203805416
2017-09-11,0.01657205639992676
2017-09-12,-0.002281665615899597
2017-09-13,0.005265850209129397
2017-09-14,-2.9932950191713374e-05
2017-09-15,-0.007812733858173382
2017-09-18,0.013721918639951314
2017-09-19,-0.011649496885481449
2017-09-20,0.01030209374905322
2017-09-21,-0.011096781933239376
2017-09-22,-0.00946228732599408
2017-09-25,-0.013992223140748885
2017-09-26,0.0068625015526020405
2017-09-27,0.011565150346954493
2017-09-28,-0.0012195121951219525
2017-09-29,0.007051282051282026
2017-10-09,0.013033857718771856
2017-10-10,0.004907094341880969
2017-10-11,-0.008366830430251548
2017-10-12,-0.0015914004323805966
2017-10-13,0.010796667769390478
2017-10-16,-0.017167509669741118
2017-10-17,-0.0022401840583659016
2017-10-18,-0.007433477957462299
2017-10-19,-0.0070000611359051215
2017-10-20,0.007849776820070709
2017-10-23,0.00707503828483924
2017-10-24,-0.002341777926462063
2017-10-25,0.005944397024753022
2017-10-26,0.003454650140913396
2017-10-27,-0.0032011596653883645
2017-10-30,-0.020177538097979168
2017-10-31,0.006091339167001664
2017-11-01,-0.004087528428299292
2017-11-02,-0.006326184230828535
2017-11-03,-0.012111801242235987
2017-11-06,0.017761710154039708
2017-11-07,0.006084942084942036
2017-11-08,0.004083261697163332
2017-11-09,0.009081180247668463
2017-11-10,0.0029089146112357693
2017-11-13,0.005196688621668999
2017-11-14,-0.009437932070934796
2017-11-15,-0.009740259740259716
2017-11-16,0.0044430825800521045
2017-11-17,-0.01876143990237955
2017-11-20,0.010437092795243295
2017-11-21,0.0044447226743458135
2017-11-22,-0.006668744157058315
2017-11-23,-0.026195256619400142
2017-11-24,0.0030282529557681412
2017-11-27,-0.014613778705636737
2017-11-28,0.02059973924380709
2017-11-29,0.0017245784363821848
2017-11-30,-0.011668685838168713
2017-12-01,0.012741935483870924
2017-12-04,-0.007198598502946352
2017-12-05,-0.02178446533414613
2017-12-06,0.0055755985569039285
2017-12-07,-0.00756686236138282
2017-12-08,0.0145260943867489
2017-12-11,0.0156462585034014
2017-12-12,-0.006984977514113533
2017-12-13,0.007548018243720644
2017-12-14,0.0016258089196339311
2017-12-15,-0.008020369191597654
2017-12-18,-0.007282100853874596
2017-12-19,0.011717355318251022
2017-12-20,-0.012127045235803768
2017-12-21,0.01113925694985718
2017-12-22,0.0026015737915527914
2017-12-25,-0.013006150691952769
2017-12-26,0.009315157416423192
2017-12-27,-0.01016175193748592
2017-12-28,0.00808940580228068
2017-12-29,0.012052852078633602
2018-01-02,0.010221627818112422
2018-01-03,0.006808510638297793
2018-01-04,0.002911618296233653
2018-01-05,-0.0009365049634763033
2018-01-08,0.005030621172353422
2018-01-09,0.00031089693766506166
2018-01-10,-0.0044133644133643735
2018-01-11,0.0025910779508631077
2018-01-12,-0.0034250840702453322
2018-01-15,-0.02002749484471656
2018-01-16,0.002008608321377281
2018-01-17,-0.005663739340715289
2018-01-18,0.005696000000000145
2018-01-19,-0.0007318314878452803
2018-01-22,0.018709884467265736
2018-01-23,-0.0004410421195224501
2018-01-24,0.010053893914084844
2018-01-25,-0.003525961058412408
2018-01-26,0.0015656802880852359
2018-01-29,-0.013256213850242338
2018-01-30,-0.0014891796837869233
2018-01-31,-0.01843625055530873
2018-02-01,-0.03501115313742609
2018-02-02,0.0027135678391958518
2018-02-05,-0.0010691256556746296
2018-02-06,-0.048998294257333035
2018-02-07,-0.0041851304775972755
2018-02-08,0.014833127317676054
2018-02-09,-0.042282930224464936
2018-02-12,0.02852470930232553
2018-02-13,0.009326974032856315
2018-02-14,0.0028352409954846003
2018-02-22,0.023734729493891882
2018-02-23,0.001442060085836916
2018-02-26,0.029348236020159787
2018-02-27,-0.004163474669420132
2018-02-28,0.0006354940129773556
2018-03-01,0.012434401845104805
2018-03-02,-0.003730727326752392
2018-03-05,-0.002651113467656452
2018-03-06,0.015384104199893668
2018-03-07,-0.01322032789031058
2018-03-08,0.010678162825402016
2018-03-09,0.016963611904058817
2018-03-12,0.012357230431696342
2018-03-13,-0.005481722280651358
2018-03-14,-0.010254766864284616
2018-03-15,-0.0008094544277157387
2018-03-16,0.00035644847699289883
2018-03-19,-0.0006902672320284742
2018-03-20,0.003749753305703596
2018-03-21,-0.010355223489317056
2018-03-22,-0.00043046357615894587
2018-03-23,-0.061582800543280136
2018-03-26,0.03184128777181572
2018-03-27,0.02730071843995896
2018-03-28,-0.01505261755694698
2018-03-29,0.016364619962131455
2018-03-30,0.014803725881570085
2018-04-02,-0.004261596459596785
2018-04-03,-0.00849382716049385
2018-04-04,-0.007869309692200344
2018-04-09,0.000970548862115228
2018-04-10,0.011066902938914769
2018-04-11,0.0011574074074074405
2018-04-12,-0.00531791907514445
2018-04-13,-0.002125257355382937
2018-04-16,-0.003494176372712099
2018-04-17,-0.016864251127066243
2018-04-18,0.010699728260869623
2018-04-19,0.00823391026718201
2018-04-20,-0.01533333333333331
2018-04-23,-0.009902347096111042
2018-04-24,0.023186600221484
2018-04-25,-3.382263410667275e-05
2018-04-26,-0.01802807373583637
2018-04-27,0.00788784789198127
2018-05-02,-0.00416937220190694
2018-05-03,0.011084800439273623
2018-05-04,-0.0019346955400175727
2018-05-07,0.020404693079408176
2018-05-08,0.004599233461089813
2018-05-09,-0.002919417443519312
2018-05-10,0.004225586424887684
2018-05-11,-0.00718971572460403
2018-05-14,-0.004838978808610062
2018-05-15,0.00938967136150226
2018-05-16,-0.0012292358803985823
2018-05-17,-0.006253534244752722
2018-05-18,-0.001305439330543945
2018-05-21,0.008736109251573199
2018-05-22,0.006404087998141961
2018-05-23,-0.01213320145070895
2018-05-24,-0.004272077965422727
2018-05-25,-0.01541864986257291
2018-05-28,0.000612786818274591
2018-05-29,-0.014289602612955863
2018-05-30,-0.02436835565373463
2018-05-31,0.015000353781928766
2018-06-01,-0.012896479609620036
2018-06-04,0.0012358757062147507
2018-06-05,0.017492505730911656
2018-06-06,-0.0007971994038333817
2018-06-07,-0.00582766754544195
2018-06-08,-0.01280530355896714
2018-06-11,-0.003428409854027592
2018-06-12,0.008440913604766731
2018-06-13,-0.014735879580783597
2018-06-14,-0.0016062823487417164
2018-06-15,-0.019914193779048902
2018-06-19,-0.06967590037891336
2018-06-20,0.01668709715686645
2018-06-21,-0.0257088405740733
2018-06-22,0.02011976047904196
2018-06-25,-0.01604445487986228
2018-06-26,0.013164174355711156
2018-06-27,-0.01844946025515215
2018-06-28,0.0012397520495901482
2018-06-29,0.03558875219683655
2018-07-02,-0.016469317699695174
2018-07-03,0.008627450980392082
2018-07-04,-0.011391912908242707
2018-07-05,-0.0324851535769064
2018-07-06,0.005650176822080466
2018-07-09,0.02829426030719473
2018-07-10,0.005306603773584939
2018-07-11,-0.02076246334310849
2018-07-12,0.03386040568599258
2018-07-13,0.002433183995056432
2018-07-16,0.0015796570988249048
2018-07-17,-0.0028465917833513377
2018-07-18,-0.004860736054316805
2018-07-19,-0.00771437432160027
2018-07-20,0.007149275305699866
2018-07-23,0.008901500427582977
2018-07-24,0.0208052398381815
2018-07-25,-0.00022645782223063018
2018-07-26,-0.0068330250292574215
2018-07-27,-0.006005777710202276
2018-07-30,-0.01713193116634804
2018-07-31,0.0033071356314684497
2018-08-01,-0.01601582192577644
2018-08-02,-0.025301489713880455
2018-08-03,-0.013787805272521436
2018-08-06,-0.014800541183223269
2018-08-07,0.025593008739076103
2018-08-08,-0.014932034895516422
2018-08-09,0.025044280594801682
2018-08-10,0.00719308820574649
2018-08-13,0.00670284072773697
2018-08-14,-0.0019023462270132405
2018-08-15,-0.021998094027954274
2018-08-16,-0.011165245635404
2018-08-17,-0.0072675015397247736
2018-08-20,0.009624314056563943
2018-08-21,0.008654569780081944
2018-08-22,-0.003937823834196941
2018-08-23,0.004203079483978246
2018-08-24,-0.0034809995441548174
2018-08-27,0.02536698964527795
2018-08-28,0.001095023725514066
2018-08-29,-0.003767622751580047
2018-08-30,-0.014680167540970238
2018-08-31,-0.0129178704085845
2018-09-03,0.007567838775766278
2018-09-04,0.007884471740393417
2018-09-05,-0.014945652173913082
2018-09-06,-0.003594566353187001
2018-09-07,-0.0005872729560804091
2018-09-10,-0.016956977964323272
2018-09-11,0.0021775329832200985
2018-09-12,-0.004132583503749121
2018-09-13,0.009197860962566915
2018-09-14,-0.013480288257736395
2018-09-17,-0.011086283946373232
2018-09-18,0.016642043973233545
2018-09-19,0.011753643629525136
2018-09-20,0.0019432240621832801
2018-09-21,0.009359979762205928
2018-09-25,-0.007166825469157922
2018-09-26,0.0014186764583159484
2018-09-27,-0.007374999999999909
2018-09-28,0.011711371363807954
2018-10-08,-0.034353995519043945
2018-10-09,-0.006444960041247727
2018-10-10,0.0031136481577580533
2018-10-11,-0.08212622866011376
2018-10-12,0.002113569113709968
2018-10-15,-0.02081013310836133
2018-10-16,-0.018667436977655827
2018-10-17,0.004926593729049245
2018-10-18,-0.021210503324758708
2018-10-19,0.014430229098482572
2018-10-22,0.058131555729830524
2018-10-23,-0.022697795071335958
2018-10-24,-0.002322495023225013
2018-10-25,0.0038481638082568095
2018-10-26,-0.006199716043539971
2018-10-29,-0.010429068050859636
2018-10-30,0.008084696823869253
2018-10-31,0.014894023295779938
2018-11-01,0.0065851364063969076
2018-11-02,0.03644859813084112
2018-11-05,-0.0013074842200180292
2018-11-06,0.0020315109927318
2018-11-07,-0.011443503333934069
2018-11-08,-0.004010573329687239
2018-11-09,-0.0004575821359934507
2018-11-12,0.027101263504852424
2018-11-13,0.018675343198431227
2018-11-14,-0.004025377379129225
2018-11-15,0.014804726969204431
2018-11-16,0.010389610389610391
2018-11-19,0.002495804466629225
2018-11-20,-0.029918015195089413
2018-11-21,0.0035840707964600593
2018-11-22,-0.0029099246064987483
2018-11-23,-0.04306875967278356
2018-11-26,-0.0028649323044220854
2018-11-27,0.006580471754946915
2018-11-28,0.012384328529994049
2018-11-29,-0.019508867667121454
2018-11-30,0.0037104030425305634
2018-12-03,0.03322397301418612
2018-12-04,0.009525939177102094
2018-12-05,-0.009879059052850804
2018-12-06,-0.018299776286353486
2018-12-07,-0.0005013445148351892
2018-12-10,-0.011263109895120804
2018-12-11,0.011668127104182968
2018-12-12,-0.003510211524434648
2018-12-13,0.013358342101651427
2018-12-14,-0.0227077784298676
2018-12-17,-0.001940133037694136
2018-12-18,-0.006016847172081841
2018-12-19,-0.013736263736263687
2018-12-20,0.0065624852462111685
2018-12-21,-0.010225140712945668
2018-12-24,0.011650023775558791
2018-12-25,-0.014054054054054127
2018-12-26,-0.00147787948131195
2018-12-27,-0.013845786583910223
2018-12-28,-0.0025662067296053914
2019-01-02,-0.005727357957324042
2019-01-03,-0.002489748096075051
2019-01-04,0.029657906327998917
2019-01-07,0.0144493559579828
2019-01-08,0.0005153914632431976
2019-01-09,0.000702444506883948
2019-01-10,0.0008423417099534536
2019-01-11,0.008089026043858416
2019-01-14,-0.005055658627087235
2019-01-15,0.01426506922754189
2019-01-16,-0.002390035390908541
2019-01-17,-0.007740152038700819
2019-01-18,0.005246784603241128
2019-01-21,0.004376871688551054
2019-01-22,-0.015091743119266088
2019-01-23,0.001956126868799979
2019-01-24,0.006554176544415036
2019-01-25,-0.00480280779532649
2019-01-28,-0.004269141531322407
2019-01-29,-0.01146425575542942
2019-01-30,-0.009570054686026673
2019-01-31,-0.004331476986053517
2019-02-01,0.030978104981355562
2019-02-11,0.021700825373272892
2019-02-12,0.006036125987110674
2019-02-13,0.017729056705914292
2019-02-14,0.004831560283687919
2019-02-15,-0.002470333936212432
2019-02-18,0.038733176386976265
2019-02-19,-0.003848620910840261
2019-02-20,-0.001502468340845664
2019-02-21,0.0021496130696474487
2019-02-22,0.030630630630630762
2019-02-25,0.06622544122544127
2019-02-26,-0.011672847940659814
2019-02-27,-0.009045662821930868
2019-02-28,0.0034280703153029
2019-03-01,0.009255948834068215
2019-03-04,0.012438006770054244
2019-03-05,0.03001321825674541
2019-03-06,0.019098663848418518
2019-03-07,0.007851851851851777
2019-03-08,-0.026826400117595184
2019-03-11,0.028774261762706917
2019-03-12,0.01787549552194978
2019-03-13,-0.02571129782553816
2019-03-14,-0.021097046413502074
2019-03-15,0.011645493042952149
2019-03-18,0.03436761340186845
2019-03-19,-0.0047879865065836285
2019-03-20,-0.003170900608667093
2019-03-21,0.013053016453381971
2019-03-22,0.012596094849677051
2019-03-25,-0.016502708867978222
2019-03-26,-0.029101583735005262
2019-03-27,0.006270996640537653
2019-03-28,-0.013539580087543636
2019-03-29,0.04057458729740904
2019-04-01,0.04184735472679968
2019-04-02,-0.003364550815123102
2019-04-03,0.014269307068527581
2019-04-04,0.00926466046735075
2019-04-08,-0.013905415972529143
2019-04-09,0.006206040546131497
2019-04-10,-0.003083881578947345
2019-04-11,-0.016773217845603927
2019-04-12,-0.003495770118157049
2019-04-15,-0.016172033957763232
2019-04-16,0.026778391870208473
2019-04-17,0.0022919849979163853
2019-04-18,-0.0012473148083985695
2019-04-19,0.002775272323596756
2019-04-22,-0.01710585546590948
2019-04-23,-0.02187775233397915
2019-04-24,0.01336262786342024
2019-04-25,-0.03835080860138618
2019-04-26,-0.006652868125369582
2019-04-29,-0.021655008185741842
2019-04-30,0.001597322583098748
2019-05-06,-0.08680133657351152
2019-05-07,0.01995841995841996
2019-05-08,-0.006685690990623772
2019-05-09,-0.006238200771566893
2019-05-10,0.036177418022631525
2019-05-13,-0.01586289358310089
2019-05-14,8.099789405480173e-05
2019-05-15,0.021746173159471915
2019-05-16,0.008957235147239562
2019-05-17,-0.02109439446910466
2019-05-20,4.1452495440186254e-05
2019-05-21,0.016290155440414678
2019-05-22,-0.0028142589118199672
2019-05-23,-0.020777945928258882
2019-05-24,-0.0032580092727955146
2019-05-27,0.027322633365461042
2019-05-28,-0.0028961860085661146
2019-05-29,-0.004663721158566503
2019-05-30,0.0005343197698315372
2019-05-31,-0.012282791767654013
2019-06-03,-0.004325403427050456
2019-06-04,-0.008604845446950726
2019-06-05,-0.005266705991404774
2019-06-06,-0.02329620060146553
2019-06-10,0.010017780476169856
2019-06-11,0.04693001288106502
2019-06-12,-0.012344666365910806
2019-06-13,0.004609251723278972
2019-06-14,-0.014342991774480285
2019-06-17,0.004948419022058337
2019-06-18,-0.0004172926055749927
2019-06-19,0.013400684645570538
2019-06-20,0.02043254376931003
2019-06-21,0.011666868515602946
2019-06-24,-8.040201005021784e-05
2019-06-25,-0.010814939894664977
2019-06-26,-0.0009348073483986806
2019-06-27,0.0083397746226761
2019-06-28,-0.00750423626240615
2019-07-01,0.026422764227642226
2019-07-02,-0.003287128712871401
2019-07-03,-0.005721778519489629
2019-07-04,-0.0041162130839628155
2019-07-05,0.006621187800962991
2019-07-08,-0.0389475782340043
2019-07-09,0.0016177202588349981
2019-07-10,-0.004058475172899256
2019-07-11,-0.0019127614453823274
2019-07-12,0.008832229304670092
2019-07-15,0.013008465826966686
2019-07-16,0.0030982470444353982
2019-07-17,-0.0019913842152320393
2019-07-18,-0.012868021338111268
2019-07-19,0.006847902314260912
2019-07-22,-0.018700501720777862
2019-07-23,0.009127017662469372
2019-07-24,0.00921195879742065
2019-07-25,0.005393743257820828
2019-07-26,0.002641135688346008
2019-07-29,-0.003128086927889352
2019-07-30,0.006936416184971206
2019-07-31,-0.0007380679022470638
2019-08-01,-0.006770619614279827
2019-08-02,-0.012765957446808527
2019-08-05,-0.011340810177435491
2019-08-06,-0.020783068783068792
2019-08-07,-0.00760784991786978
2019-08-08,0.0054447251502745
2019-08-09,-0.009964042802062091
2019-08-12,0.02082877521550785
2019-08-13,-0.0040721848343263645
2019-08-14,0.005423086855470327
2019-08-15,0.006378424657534243
2019-08-16,0.008379769449997855
2019-08-19,0.04051620648259302
2019-08-20,-0.004532531212658175
2019-08-21,0.00227658429570754
2019-08-22,-0.0011563558272075225
2019-08-23,0.000950963367237323
2019-08-26,-0.005535131562642071
2019-08-27,0.012336448598130769
2019-08-28,0.002338749384539707
2019-08-29,0.0011052437676530855
2019-08-30,-0.0065832515538108965
2019-09-02,0.02436715373533649
2019-09-03,0.0053441555832363105
2019-09-04,0.01878497202238205
2019-09-05,0.005453118870145214
2019-09-06,0.004994342346560377
2019-09-09,0.01886865706409924
2019-09-10,-0.002324429371642123
2019-09-11,-0.003513864487052154
2019-09-12,0.0042545036412418025
2019-09-16,-0.0005343307507347238
2019-09-17,-0.020506358116622717
2019-09-18,0.0001559454191033538
2019-09-19,0.010680595618617115
2019-09-20,0.0034711508793581203
2019-09-23,-0.001554182694175732
2019-09-24,-0.002373817955403368
2019-09-25,-0.015525042908409947
2019-09-26,-0.018701957365876987
2019-09-27,0.0051279980618590395
2019-09-30,-0.01699272887960479
2019-10-08,0.004617899468737363
2019-10-09,0.008786559817760109
2019-10-10,0.01278277349893142
2019-10-11,0.006450071667463142
2019-10-14,0.009375741751720843
2019-10-15,-0.010033313737017435
2019-10-16,-0.006096836771051882
2019-10-17,0.0014339772953595453
2019-10-18,-0.010341672964480296
2019-10-21,0.0019210332706613984
2019-10-22,0.010647411577530352
2019-10-23,-0.006418018890772648
2019-10-24,0.0002031281738776869
2019-10-25,0.010194963444354109
2019-10-28,0.014514896867837912
2019-10-29,-0.013237159162967528
2019-10-30,-0.012772110209655518
2019-10-31,-0.004719283970707866
2019-11-01,0.011322759973839023
2019-11-04,0.0019400994300957648
2019-11-05,0.008148775666626307
2019-11-06,-0.00856308270977557
2019-11-07,0.007063001977640537
2019-11-08,-0.0039275408784865675
2019-11-11,-0.021887824897400817
2019-11-12,0.0011106540518304175
2019-11-13,0.0009861527715002703
2019-11-14,0.006321579573909109
2019-11-15,-0.0009382011013665537
2019-11-18,0.0071778275661771316
2019-11-19,0.018249227600412032
2019-11-20,-0.00873857108180287
2019-11-21,0.0033874785731777823
2019-11-22,-0.0130160667073419
2019-11-25,0.004409643519472485
2019-11-26,-0.0043492532414245435
2019-11-27,0.005563339652188136
2019-11-28,-0.0009016023933444696
2019-11-29,0.0010664916526519352
2019-12-02,0.0030731407498463268
2019-12-03,0.00588235294117645
2019-12-04,-0.0026397011046134233
2019-12-05,0.009853821409666395
2019-12-06,0.011168904479658126
2019-12-09,0.001993779408246299
2019-12-10,0.004894937917860442
2019-12-11,-0.0036830224545560952
2019-12-12,-0.0027426663486763703
2019-12-13,0.014986647534776187
2019-12-16,0.014019242096995788
2019-12-17,0.015606846874758109
2019-12-18,-0.00011439466158258416
2019-12-19,0.0011822134085883727
2019-12-20,-0.007846722279358677
2019-12-23,-0.025054759251431524
2019-12-24,0.013598202672342465
2019-12-25,0.004783014465702395
2019-12-26,0.0067727079221331365
2019-12-27,-0.007534404551395313
2019-12-30,0.015764195522503632
2019-12-31,0.004728312678741632
2020-01-02,0.017457968044328087
2020-01-03,0.003021373419374029
2020-01-06,0.010226850130159892
2020-01-07,0.012516105282532664
2020-01-08,-0.01225231776040714
2020-01-09,0.011852179034157695
2020-01-10,-0.005456529647144381
2020-01-13,0.018873445501097263
2020-01-14,-0.004954049396898252
2020-01-15,-0.003607763907929829
2020-01-16,0.002679411977695612
2020-01-17,-0.004225046944965949
2020-01-20,0.017741583654475424
2020-01-21,-0.014681717510895196
2020-01-22,0.011637602871333865
2020-01-23,-0.04200114678899092
2020-02-03,-0.10118958551548707
2020-02-04,0.030715445124235293
2020-02-05,0.02249141934181287
2020-02-06,0.03672695679646165
2020-02-07,0.00952308395550805
2020-02-10,0.004905290166779874
2020-02-11,-0.0018774406728747641
2020-02-12,0.02268452336167348
2020-02-13,-0.008276623137759788
2020-02-14,0.0025222551928782977
2020-02-17,0.03514873464555278
2020-02-18,0.005897490885695911
2020-02-19,-0.004406069004725843
2020-02-20,0.01802348406438492
2020-02-21,0.013637638479876646
2020-02-24,0.005367965367965466
2020-02-25,0.00802617981398557
2020-02-26,-0.023442572531866324
2020-02-27,-0.0009448157609265316
2020-02-28,-0.05726795096322247
2020-03-02,0.040052015604681517
2020-03-03,0.0038938306005071865
2020-03-04,0.006761084620311664
2020-03-05,0.012406333945991888
2020-03-06,-0.00830918549034676
2020-03-09,-0.03742298891040319
2020-03-10,0.030502523590081317
2020-03-11,-0.019555650198750718
2020-03-12,-0.008687782805429811
2020-03-13,-0.005477451159393798
2020-03-16,-0.05474573159537355
2020-03-17,0.003224052206339145
2020-03-18,-0.015100476245789253
2020-03-19,0.01179384361363378
2020-03-20,0.005595057699032457
2020-03-23,-0.039211891306030866
2020-03-24,0.013254905120664072
2020-03-25,0.02218687872763425
2020-03-26,-0.010230278512525335
2020-03-27,-0.0069561799960699
2020-03-30,-0.015513693208801803
2020-03-31,-0.003296349895481554
2020-04-01,-0.0016939582156975108
2020-04-02,0.0363606981254041
2020-04-03,-0.013410260408544985
2020-04-07,0.029911490437806162
2020-04-08,0.003107615576443568
2020-04-09,0.00841428899258023
2020-04-10,-0.014677994386710138
2020-04-13,-0.010777936025251122
2020-04-14,0.02377524417292487
2020-04-15,-0.0020144431774991034
2020-04-16,0.01085424839090532
2020-04-17,0.00632959083716389
2020-04-20,0.00826383335237435
2020-04-21,-0.007440701012237483
2020-04-22,0.012024810685338005
2020-04-23,-0.0068433916149651655
2020-04-24,-0.012569568015749929
2020-04-27,-0.00256891990337782
2020-04-28,-0.007803490428231029
2020-04-29,0.005036612297082632
2020-04-30,0.02771674183724615
2020-05-06,0.015303825956489268
2020-05-07,-0.0020319196098714802
2020-05-08,0.014289416207011296
2020-05-11,-0.002116865579035787
2020-05-12,0.003255184521414823
2020-05-13,0.006015311702515458
2020-05-14,-0.005182098206196861
2020-05-15,0.006556899315168341
2020-05-18,-0.0028124190504386077
2020-05-19,0.012023601885182034
2020-05-20,-0.008067177587913865
2020-05-21,-0.012384015378359424
2020-05-22,-0.01411139392124561
2020-05-25,-0.00250578989331407
2020-05-26,0.016937540440756568
2020-05-27,-0.007897297701923933
2020-05-28,-0.003546233070509497
2020-05-29,0.00685268617726109
2020-06-01,0.03861773332330598
2020-06-02,-0.00021722602367757468
2020-06-03,-0.0019916711931921016
2020-06-04,0.0009796806966617666
2020-06-05,0.004277377025410535
2020-06-08,-0.003392889370149809
2020-06-09,0.006700228169932211
2020-06-10,0.0007555043891207536
2020-06-11,-0.0012222741489016364
2020-06-12,0.0038872691933915524
2020-06-15,-0.003800509124807228
2020-06-16,0.021918301241677263
2020-06-17,0.00478974431217849
2020-06-18,0.0065194532071504155
2020-06-19,0.006755815573199707
2020-06-22,-0.0004200357030348377
2020-06-23,0.004517281227019776
2020-06-24,0.001220107369448442
2020-06-29,-0.005849378503533953
2020-06-30,0.016075368612755048
2020-07-01,0.004653246932303956
2020-07-02,0.021408721309225776
2020-07-03,0.01353666319572744
2020-07-06,0.04480678730032461
2020-07-07,0.01509864873437805
2020-07-08,0.01803012311730523
2020-07-09,0.029436139844685183
2020-07-10,-0.0027431570159223147
2020-07-13,0.03130419183160926
2020-07-14,-0.015597367581828281
2020-07-15,-0.02297158003239585
2020-07-16,-0.049103240391861314
2020-07-17,0.002314081024535675
2020-07-20,0.023012220282494944
2020-07-21,0.00704312752094327
2020-07-22,0.007332778753427638
2020-07-23,0.0013763572411684688
2020-07-24,-0.05253512522907755
2020-07-27,0.0005802707930369078
2020-07-28,0.00715252271409228
2020-07-29,0.039891234804862334
2020-07-30,-0.007444550404528183
2020-07-31,0.009762900976290071
2020-08-03,0.0233885819521178
2020-08-04,-0.005098674344670373
2020-08-05,0.007325455203183395
2020-08-06,0.0016160407002843158
2020-08-07,-0.01069646538587954
2020-08-10,0.00622149738757516
2020-08-11,-0.02137047153105021
2020-08-12,-0.01125594234013183
2020-08-13,0.004342701160121587
2020-08-14,0.023905120761010368
2020-08-17,0.012457770270270395
2020-08-18,0.005005213764337936
2020-08-19,-0.015830195950552906
2020-08-20,-0.007921925359197668
2020-08-21,0.0077119261598250785
2020-08-24,0.0032504369691208623
2020-08-25,-0.003025949812024198
2020-08-26,-0.013428168495922543
2020-08-27,0.011404599129894331
2020-08-28,0.023135772882293404
2020-08-31,-0.010510510510510551
2020-09-01,0.009893778452200186
2020-09-02,-0.005439355691789882
2020-09-03,-0.003474845142770855
2020-09-04,-0.002607640994542137
2020-09-07,-0.023986137289475296
2020-09-08,0.010901728702694236
2020-09-09,-0.025419812047450363
2020-09-10,-0.01644008852355361
2020-09-11,0.009321761491481784
2020-09-14,0.008375796178343942
2020-09-15,0.005305877522660429
2020-09-16,-0.00197920266406948
2020-09-17,0.0032107781415260392
2020-09-18,0.010480075305930424
2020-09-21,-0.009910525661737337
2020-09-22,-0.0128024098653865
2020-09-23,0.004894949302310936
2020-09-24,-0.021002688597184904
2020-09-25,0.003133985977836096
2020-09-28,-0.008438546766297406
2020-09-29,0.009127525498603184
2020-09-30,-0.00811150094956059
2020-10-09,0.02751906539023219
2020-10-12,0.03271957805640646
2020-10-13,-0.000214073824887695
2020-10-14,-0.004190627676495695
2020-10-15,-0.006911380740285633
2020-10-16,-0.0071759975255180075
2020-10-19,-0.011705475141598476
2020-10-20,0.011907794192562273
2020-10-21,-0.010509093197407228
2020-10-22,-0.004515390485881565
2020-10-23,-0.014757554462403344
2020-10-26,0.0018480093373103301
2020-10-27,-0.0011973722533250575
2020-10-28,0.006285640228097522
2020-10-29,0.003123188872432125
2020-10-30,-0.026127427379232904
2020-11-02,0.00685541017105562
2020-11-03,0.01626894497364884
2020-11-04,-0.0014494620885138199
2020-11-05,0.021547692009935115
2020-11-06,-0.007167892892102734
2020-11-09,0.015075376884422063
2020-11-10,-0.006109788194009314
2020-11-11,-0.011947920935657774
2020-11-12,0.0034777614702317106
2020-11-13,0.00031795491399311265
2020-11-16,0.012491656336416579
2020-11-17,-0.005776354617944346
2020-11-18,-0.0005683612251342617
2020-11-19,0.006729432579299921
2020-11-20,0.005962654950572689
2020-11-23,0.008590418861299298
2020-11-24,-0.0013677339135841347
2020-11-25,-0.015532590425200832
2020-11-26,-0.00173902045720431
2020-11-27,0.0046876979602179505
2020-11-30,-0.008039092055485475
2020-12-01,0.018051803591292
2020-12-02,-0.0007180095526488905
2020-12-03,0.0042799125273351715
2020-12-04,0.004510529753942727
2020-12-07,-0.009414096370617964
2020-12-08,0.0008128048018005707
2020-12-09,-0.015274567376772684
2020-12-10,0.0016812053925456814
2020-12-11,-0.018873899550319928
2020-12-14,0.009166612871990276
2020-12-15,0.0005757052389177009
2020-12-16,-0.002749009078122921
2020-12-17,0.01189178793512391
2020-12-18,-0.0030726345465489358
2020-12-21,0.017321422854032598
2020-12-22,-0.01825391829797951
2020-12-23,0.00509713406424317
2020-12-24,-0.012662265173986607
2020-12-25,0.011435585993022412
2020-12-28,-0.007537527946342992
2020-12-29,-0.002638862071185022
2020-12-30,0.008002065049044882
2020-12-31,0.01600512163892454
2021-01-04,0.013579080025204693
2021-01-05,0.006589785831960571
2021-01-06,0.00129697680881935
2021-01-07,0.00632228218966846
2021-01-08,0.0037695372356727494
2021-01-11,-0.01584587671358351
2021-01-12,0.011602655581063548
2021-01-13,-0.005274779195289625
2021-01-14,-0.0062584782340607825
2021-01-15,-0.008748797815902987
2021-01-18,0.01435994331601309
2021-01-19,-0.0048741113284280786
2021-01-20,0.010700692581268934
2021-01-21,0.013272833904373948
2021-01-22,0.000182776373107707
2021-01-25,-0.000944172022051104
2021-01-26,-0.011340771904152171
2021-01-27,-0.0009250693802035359
2021-01-28,-0.013209876543209927
2021-01-29,-0.012636056549480634
2021-02-01,0.0070007602635580035
2021-02-02,0.008053100128975421
2021-02-03,-0.004680917459822132
2021-02-04,-0.009123687098291255
2021-02-05,-0.014175420832805985
2021-02-08,0.0132558736679933
2021-02-09,0.019322753333966824
2021-02-10,0.008732403120047305
2021-02-18,0.013493530499075757
2021-02-19,0.014286582770989044
2021-02-22,-0.00802413273001501
2021-02-23,-0.0010643474029923274
2021-02-24,-0.01196383451551042
2021-02-25,-0.002927039684495925
2021-02-26,-0.023454157782516027
2021-03-01,0.018606417315359947
2021-03-02,-0.008915812364088116
2021-03-03,0.012914146005077898
2021-03-04,-0.013956367012223359
2021-03-05,0.004111222696459915
2021-03-08,-0.02428504453820901
2021-03-09,-0.018771221731052726
2021-03-10,-0.013645860537999429
2021-03-11,0.02806645925729789
2021-03-12,0.00045071148026520896
2021-03-15,-0.0051808469558501935
2021-03-16,-0.0006145883875141589
2021-03-17,0.005502330398757138
2021-03-18,0.008015193459087078
2021-03-19,-0.01057001437011018
2021-03-22,0.012481763656994715
2021-03-23,-0.009285943003522257
2021-03-24,-0.008823529411764786
2021-03-25,0.003619525874718921
2021-03-26,0.012476444213399107
2021-03-29,-0.0002888132982477032
2021-03-30,0.002311173883735141
2021-03-31,-0.0011529223378702325
2021-04-01,0.00852864792074115
2021-04-02,0.0008583690987122863
2021-04-06,0.0006670478368593358
2021-04-07,0.002126781576357706
2021-04-08,0.005036426987646614
2021-04-09,-0.0029941063380504174
2021-04-12,-0.014161977619017609
2021-04-13,-0.002789713332905785
2021-04-14,0.008231775941348607
2021-04-15,0.000861106681550039
2021-04-16,0.008954177554012066
2021-04-19,0.009485566130205124
2021-04-20,0.002286466000563925
2021-04-21,-0.0022812500000000124
2021-04-22,0.001879287123750961
2021-04-23,0.007127895707631281
2021-04-26,-0.003942262920999529
2021-04-27,-0.0006856145599601904
2021-04-28,0.007671677165845381
2021-04-29,0.00024758603614771785
2021-04-30,0.0021039603960395503
2021-05-06,-0.004847474373224747
2021-05-07,-0.00248208246718995
2021-05-10,0.0021150197505521717
2021-05-11,-0.0009311275955181664
2021-05-12,0.010686880611389116
2021-05-13,-0.011004211108720408
2021-05-14,0.017125097125097133
2021-05-17,0.0041251604229053385
2021-05-18,0.0034691579684125173
2021-05-19,-0.0012433661865048904
2021-05-20,-0.004615291188437509
2021-05-21,-0.003233481788786463
2021-05-24,0.003048404975982244
2021-05-25,0.011358403683806584
2021-05-26,0.0017908635604795273
2021-05-27,0.006787056114410328
2021-05-28,0.0009329481160467168
2021-05-31,0.004089118734778463
2021-06-01,-0.0005390028447372909
2021-06-02,-0.004554034215178082
2021-06-03,-0.00662151993980431
2021-06-04,0.010301469474321978
2021-06-07,8.996851102116565e-05
2021-06-08,-0.00248890488185205
2021-06-09,0.0007515406583495919
2021-06-10,0.013247221387804098
2021-06-11,-0.002994278260353922
2021-06-15,-0.010942610764198668
2021-06-16,-0.0121760567614696
2021-06-17,0.005569589432997679
2021-06-18,0.006144067796610253
2021-06-21,0.00613830848779906
2021-06-22,0.0035162589409147853
2021-06-23,0.011530053008295573
2021-06-24,-0.0023093320701088604
2021-06-25,0.008932280847528062
2021-06-28,-0.0010000294126297769
2021-06-29,-0.0070955395259826295
2021-06-30,0.002846637409559927
2021-07-01,-0.011502069781194613
2021-07-02,-0.007059316203523625
2021-07-05,0.005934628709142853
2021-07-06,-0.0004791566842357042
2021-07-07,0.009557766059443916
2021-07-08,-0.0025523074640153576
2021-07-09,0.009283227706864185
2021-07-12,0.012057427552253808
2021-07-13,0.011010777745412259
2021-07-14,-0.004667511812838643
2021-07-15,0.0015631332136860634
2021-07-16,0.005231213872832319
2021-07-19,-0.004791914732959701
2021-07-20,0.0009921792926343986
2021-07-21,0.011486210716576295
2021-07-22,0.005216739681807693
2021-07-23,-0.004071451099578516
2021-07-26,-0.017244853893767058
2021-07-27,-0.015789782048277527
2021-07-28,-0.013602404976634784
2021-07-29,0.016415208207604115
2021-07-30,0.003235957724735839
2021-08-02,0.011126564673157093
2021-08-03,-0.005560595861746065
2021-08-04,0.01050648930221598
2021-08-05,2.9123951537757264e-05
2021-08-06,0.004484957917115786
2021-08-09,0.0022614595111769553
2021-08-10,0.007202985333680578
2021-08-11,0.004681486587397199
2021-08-12,0.008347388582373272
2021-08-13,0.003600487625095683
2021-08-16,-0.004887005649717557
2021-08-17,-0.021404036676412885
2021-08-18,0.0031909030255561355
2021-08-19,0.005175953503166132
2021-08-20,-0.010586272366376992
2021-08-23,0.01238742021044037
2021-08-24,0.011170610928772806
2021-08-25,0.005295825978019586
2021-08-26,-5.664438654140458e-05
2021-08-27,0.006457825865292088
2021-08-30,0.0023076490122135853
2021-08-31,0.004492362982928988
2021-09-01,-0.005059257602862188
2021-09-02,0.01401882286838041
2021-09-03,-0.0002493489222585854
2021-09-06,0.005764167936815889
2021-09-07,0.02565232965034569
2021-09-08,0.005050505050504972
2021-09-09,0.01047792152250615
2021-09-10,0.004364617500793644
2021-09-13,0.00034238457689150786
2021-09-14,-0.0067400347533042035
2021-09-15,0.0035254201346552883
2021-09-16,-0.017089727673736843
2021-09-17,-0.011877888853058072
2021-09-22,0.008851249829258334
2021-09-23,0.005307481924774482
2021-09-24,-0.007407407407407419
2021-09-27,-0.02602442333785615
2021-09-28,0.0012259340781812784
2021-09-29,-0.01947961597328507
2021-09-30,0.0068397899815524354
2021-10-08,-0.0019449768857819907
2021-10-11,0.0002259440223684184
2021-10-12,-0.019313850063532482
2021-10-13,0.005009933488814068
2021-10-14,0.0036097980232057134
2021-10-15,0.002683337615255077
2021-10-18,0.00017094504116932363
2021-10-19,0.006979062811565351
2021-10-20,0.0007920792079207928
2021-10-21,-0.003052744643563865
2021-10-22,-0.0070598242132123845
2021-10-25,0.007823877102310028
2021-10-26,0.0006516503754072642
2021-10-27,-0.009287049096777907
2021-10-28,-0.008145184338382405
2021-10-29,0.010718916582624916
2021-11-01,0.004019728026912306
2021-11-02,-0.007808507013459031
2021-11-03,0.0029762756489137843
2021-11-04,0.008103404000342485
2021-11-05,-0.008859075599331967
2021-11-08,0.0026557770289563627
2021-11-09,0.006977870183133561
2021-11-10,-0.002206131915374998
2021-11-11,0.00827711321503477
2021-11-12,0.007168962608940176
2021-11-15,-0.008401953942777318
2021-11-16,-0.007037495777502567
2021-11-17,0.005584850031184363
2021-11-18,-0.0011840658566152351
2021-11-19,0.009003923339637065
2021-11-22,0.005606694560669423
2021-11-23,0.002052647638068228
2021-11-24,-0.000498269896193837
2021-11-25,-0.0004708228321377295
2021-11-26,-0.002992518703241909
2021-11-29,0.002612417319771021
2021-11-30,0.0008315777802416767
2021-12-01,0.0063701323879687966
2021-12-02,-0.00715543813298103
2021-12-03,0.010089810400266021
2021-12-06,-0.00998902305159166
2021-12-07,-0.005266659274864138
2021-12-08,0.013988742127849285
2021-12-09,0.003407716829723961
2021-12-10,0.002684049079754613
2021-12-13,0.0017208413001912335
2021-12-14,-0.00032721620810960417
2021-12-15,-0.002400370966421983
2021-12-16,0.00902304979082924
2021-12-17,-0.00775004742161889
2021-12-20,-0.011755057408419868
2021-12-21,0.005366528354080247
2021-12-22,0.0038795949812899795
2021-12-23,0.0062765520076744075
2021-12-24,-0.0045486735305333426
2021-12-27,-0.0015049114838426858
2021-12-28,0.0015893894552230226
2021-12-29,-0.0025718194254445987
2021-12-30,0.0070770243581304015
2021-12-31,0.003949447077409074
2022-01-04,-0.00010852166363717328
2022-01-05,-0.020241486908153528
2022-01-06,0.0004707967542716408
2022-01-07,-0.004595028511321432
2022-01-10,-0.00013904338153503115
2022-01-11,-0.004616882213878459
2022-01-12,0.005895666266171107
2022-01-13,-0.01127777777777772
2022-01-14,-0.004270382648761117
2022-01-17,0.009339202076632304
2022-01-18,0.001593380482486806
2022-01-19,-0.006112196483393785
2022-01-20,-0.00819971357164917
2022-01-21,-0.011551855941561271
2022-01-24,-0.0007133481709752365
2022-01-25,-0.03455069815253708
2022-01-26,0.003549140812161733
2022-01-27,-0.024196162800978468
2022-01-28,-0.00921171851404412
2022-02-07,0.015333028501752775
2022-02-08,0.012129218205836343
2022-02-09,0.0147425249169435
2022-02-10,-0.0007892659826361781
2022-02-11,-0.0120823825405183
2022-02-14,-0.008084337706180333
2022-02-15,0.008389061380463358
2022-02-16,0.0017763566924238194
2022-02-17,5.910689481947173e-05
2022-02-18,0.007565235379296098
2022-02-21,0.002020675315547616
2022-02-22,-0.008417114800093441
2022-02-23,0.014678141947653822
2022-02-24,-0.016208679486434563
2022-02-25,0.006584386441478518
2022-02-28,0.004370655011586733
2022-03-01,0.0015478971962616939
2022-03-02,0.001283060682938153
2022-03-03,-0.002038617235052609
2022-03-04,-0.0053112323810079465
2022-03-07,-0.02294264339152119
2022-03-08,-0.03975617812209109
2022-03-09,-0.017980549735764132
2022-03-10,0.015189147879250962
2022-03-11,0.01646748847275803
2022-03-14,-0.02601370116645052
2022-03-15,-0.06488610081424462
2022-03-16,0.042385227850245684
2022-03-17,0.017226808814925658
2022-03-18,0.007508946830265817
2022-03-21,0.0018433179723502668
2022-03-22,0.0005392887732766916
2022-03-23,0.00707038681039962
2022-03-24,-0.008311557472530984
2022-03-25,-0.014095685577319994
2022-03-28,0.007696023184672329
2022-03-29,-0.006838371572825519
2022-03-30,0.0255791505791505
2022-03-31,-0.008847058823529319
2022-04-01,0.007881492735732465
2022-04-06,-0.003046291062119177
2022-04-07,-0.024192786265553656
2022-04-08,0.002356587145301514
2022-04-11,-0.03268921095008048
2022-04-12,0.020542700183119544
2022-04-13,-0.013930575492626884
2022-04-14,0.01154673283705554
2022-04-15,-0.0043501013933408
2022-04-18,0.0054835493519440615
2022-04-19,0.002578086266732837
2022-04-20,-0.026769524939834644
2022-04-21,-0.031299752718403906
2022-04-22,-0.005734867293771928
2022-04-25,-0.06503007069250523
2022-04-26,-0.02746012639181461
2022-04-27,0.047110698537943696
2022-04-28,-0.0039524231678486075
2022-04-29,0.041906174670869545
2022-05-05,0.005908524648513991
2022-05-06,-0.026184494533102117
2022-05-09,0.007775880236910115
2022-05-10,0.022570758968812
2022-05-11,0.005324212827474417
2022-05-12,0.002770763187429859
2022-05-13,0.011227309293134093
2022-05-16,-0.005603209739900361
2022-05-17,0.008173913043478366
2022-05-18,-0.002277039848197271
2022-05-19,0.009855112555759105
2022-05-20,0.012292836597726398
2022-05-23,-0.0005431830526887449
2022-05-24,-0.035631793478260954
2022-05-25,0.015920538198725076
2022-05-26,0.014596262524702697
2022-05-27,-0.0013326954620010991
2022-05-30,0.004687767322497871
2022-05-31,0.01747156188270571
2022-06-01,-0.0008368200836820218
2022-06-02,0.01343383584589608
2022-06-06,0.01778453604839525
2022-06-07,-0.0015914774757218586
2022-06-08,0.0068314899154195965
2022-06-09,-0.011340872374798085
2022-06-10,0.0213405666851858
2022-06-13,-0.005215666197363245
2022-06-14,0.01019653253562347
2022-06-15,-0.004712475323186528
2022-06-16,0.00031991810096609896
2022-06-17,0.006300370986311865
2022-06-20,-0.0027696421749648925
2022-06-21,-0.0065123703112530676
2022-06-22,-0.017512290736158898
2022-06-23,0.025837257980115158
2022-06-24,0.01201938404641978
2022-06-27,0.002362725640298713
2022-06-28,0.017820101829153282
2022-06-29,-0.01463640574339975
2022-06-30,0.006831500109680143
2022-07-01,-0.0019608453422143013
2022-07-04,0.01225597205763118
2022-07-05,-0.0023722234203149557
2022-07-06,-0.0115496263356184
2022-07-07,0.0031242189452636016
2022-07-08,-0.005979818113865831
2022-07-11,-0.012438902118059869
2022-07-12,-0.012405215901519662
2022-07-13,0.0023451554870213
2022-07-14,0.01003172975225164
2022-07-15,-0.007901250237989488
2022-07-18,0.02077363896848139
2022-07-19,0.002775119617224764
2022-07-20,0.013614530648598857
2022-07-21,-0.009854071865683434
2022-07-22,-0.010364172292478768
2022-07-25,-0.011401486036382249
2022-07-26,0.016165608397045398
2022-07-27,0.003921318583224531
2022-07-28,0.0012067322959670168
2022-07-29,-0.007992895204262941
2022-08-01,0.008984524875303771
2022-08-02,-0.022815857020629386
2022-08-03,-0.010506858643836823
2022-08-04,0.003572247894340075
2022-08-05,0.021814381816994462
2022-08-08,0.005337168424416783
2022-08-09,0.002861048415297107
2022-08-10,-0.0029162836402827352
2022-08-11,0.021491018915911653
2022-08-12,-0.0012137810836886365
2022-08-15,0.0016515019319456314
2022-08-16,0.0038886296469125
2022-08-17,0.005949798574527375
2022-08-18,-0.0032345511675189176
2022-08-19,-0.007170009580616198
2022-08-22,0.012346067840383057
2022-08-23,0.0005288865382819806
2022-08-24,-0.02870024875621902
2022-08-25,0.004962064218714922
2022-08-26,-0.0014971967380223994
2022-08-29,0.000478545222523552
2022-08-30,-0.0007971938775510612
2022-08-31,-0.020360619116004508
2022-09-01,-0.003974329739062421
2022-09-02,0.0024856909239574514
2022-09-05,0.004600176176959847
2022-09-06,0.01854377760457271
2022-09-07,0.003252239900519705
2022-09-08,-0.003718417289051312
2022-09-09,0.007177491387010405
2022-09-13,-0.003483989484686312
2022-09-14,-0.006324889552808077
2022-09-15,-0.02434109518935512
2022-09-16,-0.015309969511195676
2022-09-19,-0.006961811422777964
2022-09-20,0.007112714402395914
2022-09-21,0.00517014158753759
2022-09-22,-0.0017817521683586302
2022-09-23,-0.010979018623918256
2022-09-26,-0.011747880273776712
2022-09-27,0.018641030942044168
2022-09-28,-0.02377972465581979
2022-09-29,0.0032571032571033776
2022-09-30,-0.013918629550321304
2022-10-10,-0.012328815102798485
2022-10-11,0.007624383843398697
2022-10-12,0.0228760470190752
2022-10-13,0.002993393889347607
2022-10-14,0.02634557991149533
2022-10-17,0.00310839266018248
2022-10-18,0.005464480874316946
2022-10-19,-0.008947507953340428
2022-10-20,-0.0027753628034506983
2022-10-21,0.00010059350165980696
2022-10-24,-0.00784010229146348
2022-10-25,-0.005697619209116045
2022-10-26,0.01913500238761157
2022-10-27,-0.0007697714113592546
2022-10-28,-0.03352759914255088
2022-10-31,0.005891526598509778
2022-11-01,0.02763135228251512
2022-11-02,0.0060348006839441295
2022-11-03,0.00026660445895965173
2022-11-04,0.02552057304680999
2022-11-07,-0.003216269776810443
2022-11-08,0.0013688807770029232
2022-11-09,-0.003515167295925048
2022-11-10,-0.0028089887640448947
2022-11-11,0.005502784146740991
2022-11-14,-0.002149977197211661
2022-11-15,0.01710629407155917
2022-11-16,-0.003979971755039169
2022-11-17,0.0014178912090745401
2022-11-18,-0.0002252542154717041
2022-11-21,-0.0018340948580990448
2022-11-22,-0.010895844750330341
2022-11-23,-0.0013036534889026008
2022-11-24,0.0007832131318734612
2022-11-25,-0.006065151465744934
2022-11-28,-0.0035103835176010234
2022-11-29,0.01613221834463685
2022-11-30,-0.0014580093312597242
2022-12-01,0.0042506246146856155
2022-12-02,-0.0022617124394184174
2022-12-05,0.0054404145077719965
2022-12-06,0.0008052048441122839
2022-12-07,-0.002156212789238388
2022-12-08,-0.0014513320002580432
2022-12-09,0.001937921901747464
2022-12-12,-0.00557686728345308
2022-12-13,-0.005283973029045708
2022-12-14,-0.005377220140133643
2022-12-15,-0.0006553079947575482
2022-12-16,-0.007737704918032717
2022-12-19,-0.02197838191942348
2022-12-20,-0.012458555209484691
2022-12-21,-0.00535829348526462
2022-12-22,-0.010876606771454857
2022-12-23,-0.0017580144777662454
2022-12-26,0.011878863220415205
2022-12-27,0.006313346756304794
2022-12-28,-0.002577319587628968
2022-12-29,-0.002209982320141468
2022-12-30,0.0002385252325622922
2023-01-03,0.014989439258703998
2023-01-04,-0.0003020742431362189
2023-01-05,0.010475071344636431
2023-01-06,0.0007974216699340175
2023-01-09,0.0015603731615816407
2023-01-10,0.003016441262264636
2023-01-11,-0.004395386496579556
2023-01-12,-0.0005974905397330144
2023-01-13,0.010030556662681043
2023-01-16,0.008220979940808837
2023-01-17,0.0008480104370514053
2023-01-18,0.0026396402268134
2023-01-19,0.009393181005622921
2023-01-20,0.005312982998454396
2023-01-30,0.0010197253114943015
2023-01-31,0.003087893547257359
2023-02-01,0.009362107267534059
2023-02-02,0.0012576638893255776
2023-02-03,-0.004050871408384339
2023-02-06,-0.0048871232185647715
2023-02-07,0.0012357022908020545
2023-02-08,-0.0085443037974684
2023-02-09,0.015480370252154431
2023-02-10,-0.004023259468804108
2023-02-13,0.005333417489822301
2023-02-14,0.003861125062782689
2023-02-15,-0.002626723787485519
2023-02-16,-0.01674243611851389
2023-02-17,-0.0021364114664710328
2023-02-20,0.014591283712279026
2023-02-21,0.004330235792401549
2023-02-22,0.0012588512981903663
2023-02-23,-0.0017601760176017
2023-02-24,-0.0019522025252685093
2023-02-27,-0.0058049657696310755
2023-02-28,0.006854314092596736
2023-03-01,0.006492483217245937
2023-03-02,-0.0009394081728510972
2023-03-03,-0.0013164080865067929
2023-03-06,-0.0013495276653171515
2023-03-07,-0.013733500942803234
2023-03-08,0.0018162699550712254
2023-03-09,-0.001558524173028042
2023-03-10,-0.01197795546494218
2023-03-13,0.006255037884894454
2023-03-14,-0.007177416770803301
2023-03-15,0.005066967887687568
2023-03-16,-0.011784728020037159
2023-03-17,0.0073436230706742656
2023-03-20,-0.001974940913652912
2023-03-21,0.009894245117757716
2023-03-22,0.006103241142269678
2023-03-23,0.005523450719964407
2023-03-24,0.0015558519083000988
2023-03-27,-0.001965570808103334
2023-03-28,-0.0013341380515230485
2023-03-29,-0.004230414453386011
2023-03-30,0.006676036542515806
2023-03-31,0.00698080279232105
2023-04-03,0.00929573026626751
2023-04-04,0.00140493287542931
2023-04-06,-0.0005611847233047973
2023-04-07,0.0071123311601211095
2023-04-10,-0.00566826699705747
2023-04-11,-0.0006853155566630686
2023-04-12,0.003148379052368977
2023-04-13,-0.004381467325440425
2023-04-14,0.002465667915106051
2023-04-17,0.00476353560197995
2023-04-18,-0.002385969261279097
2023-04-19,-0.0037894082932131705
2023-04-20,-0.0016524802793627116
2023-04-21,-0.017863835103060555
2023-04-24,-0.005864820690318351
2023-04-25,-0.015377176015473837
2023-04-26,0.003765183511770242
2023-04-27,0.006490964837888803
2023-04-28,0.01348154389603673
2023-05-04,0.00031976465321514885
2023-05-05,-0.009621839337659588
2023-05-08,0.00532567297140285
2023-05-09,-0.008636465791247883
2023-05-10,-0.001360191722261872
2023-05-11,-0.0032105331430795077
2023-05-12,-0.010606109900120342
2023-05-15,0.011837821840781304
2023-05-16,-0.006662116928276674
2023-05-17,0.0004580252568213705
2023-05-18,0.0010791366906475195
2023-05-19,-0.00029399274817887283
2023-05-22,-0.002455474070193864
2023-05-23,-0.010404017197807702
2023-05-24,-0.006235075616874418
2023-05-25,-0.004371912962221281
2023-05-26,0.009385579727147821
2023-05-29,-0.0011290804635871732
2023-05-30,0.0052860799893614824
2023-05-31,-0.002314967921158817
2023-06-01,0.0022208963139749294
2023-06-02,0.008169340168678652
2023-06-05,-0.002690112197362371
2023-06-06,-0.019407894736842124
2023-06-07,0.0015095605501509455
2023-06-08,-0.0019762183888796248
2023-06-09,0.008423949523425955
2023-06-12,0.0010982793623324216
2023-06-13,0.003989361702127603
2023-06-14,0.0004635761589404375
2023-06-15,0.008406698881313401
2023-06-16,0.008435079427596026
2023-06-19,-0.00391274576934364
2023-06-20,-0.0005892173229893327
2023-06-21,-0.020798532638957142
2023-06-26,-0.014918383730264884
2023-06-27,0.005602716468590785
2023-06-28,0.0014519669086612286
2023-06-29,-0.0008766605974780406
2023-06-30,0.011204103671706322
2023-07-03,0.004605526631958234
2023-07-04,0.002823732642349253
2023-07-05,-0.005002153244774266
2023-07-06,-0.006758556398987814
2023-07-07,-0.002614554352562637
2023-07-10,0.002890270542765805
2023-07-11,0.00861231191984202
2023-07-12,-0.0101003388929497
2023-07-13,0.015506477814325015
2023-07-14,-0.004131411951348475
2023-07-17,-0.003252464239487441
2023-07-18,-0.0015316485199614591
2023-07-19,-0.0007003034648347395
2023-07-20,-0.010678769271841415
2023-07-21,-0.0016528368076638154
2023-07-24,-0.0015188848010261324
2023-07-25,0.017443039686295903
2023-07-26,-0.002425410326267641
2023-07-27,-0.006827643630308078
2023-07-28,0.014788732394366066
2023-07-31,0.006972671094808368
2023-08-01,0.0007547912838015147
2023-08-02,-0.003803902279062133
2023-08-03,0.002863820402251527
2023-08-04,0.0054815203833782356
2023-08-07,-0.0036235432376849896
2023-08-08,-0.0044558023720594475
2023-08-09,-0.00677943789903246
2023-08-10,-0.0009277667329358196
2023-08-11,-0.01993234279649769
2023-08-14,0.00027071841900450094
2023-08-15,-0.005345241719949989
2023-08-16,-0.007686813373694702
2023-08-17,0.0063753213367609965
2023-08-18,-0.01011545928272195
2023-08-21,-0.012476239847935
2023-08-22,0.002869741723244834
2023-08-23,-0.01633165829145722
2023-08-24,0.002234993614303793
2023-08-25,-0.0110438568546245
2023-08-28,0.010630301728766112
2023-08-29,0.02195778438872353
2023-08-30,-0.00010396451344596436
2023-08-31,-0.004886840189928354
2023-09-01,0.0014976316522707922
2023-09-04,0.014397496087636963
2023-09-05,-0.00795364942233201
2023-09-06,-0.0002073469951964224
2023-09-07,-0.014620994780685015
2023-09-08,-0.000806791076189195
2023-09-11,0.011058451816745585
2023-09-12,0.0015624999999999116
2023-09-13,-0.009811059109031128
2023-09-14,-0.0005251733071913733
2023-09-15,-0.0025922163449748625
2023-09-18,0.003080154007700342
2023-09-19,-0.004187312443296842
2023-09-20,-0.00683299460368636
2023-09-21,-0.008079596373002151
2023-09-22,0.018460553460909246
2023-09-25,-0.00688017322669654
2023-09-26,-0.002707835138556658
2023-09-27,0.004971966571458708
2023-09-28,-0.0008771929824561433
2023-10-09,-0.006461808604038666
2023-10-10,-0.004029550033579632
2023-10-11,-0.002519785640770822
2023-10-12,0.007934248914822417
2023-10-13,-0.003882946803628773
2023-10-16,-0.010205889648818193
2023-10-17,0.0005728402133828857
2023-10-18,-0.011092424947221513
2023-10-19,-0.01071027969750693
2023-10-20,-0.006912695219633558
2023-10-23,-0.029768264377555975
2023-10-24,0.009265236377444586
2023-10-25,0.0060197900598215615
2023-10-26,0.005908971913684002
2023-10-27,0.020002230732051984
2023-10-30,0.007435757244395934
2023-10-31,-0.002243207062484265
2023-11-01,-0.0014867462015447641
2023-11-02,-0.00867954677513072
2023-11-03,0.007949591530204803
2023-11-06,0.016936832158173987
2023-11-07,0.00035739814152968563
2023-11-08,-0.0008931761343337065
2023-11-09,-0.001823708206686869
2023-11-10,-0.0038690262950491494
2023-11-13,0.0052866287851542895
2023-11-14,0.0046506636139234106
2023-11-15,0.006943702595876511
2023-11-16,-0.007214088690855155
2023-11-17,0.0007836432286101314
2023-11-20,0.007403963087488251
2023-11-21,-0.002804899698207075
2023-11-22,-0.011820836003702873
2023-11-23,0.011097499459537195
2023-11-24,-0.010975696671655544
2023-11-27,-0.0007926785328241648
2023-11-28,0.002776575796913372
2023-11-29,-0.0040634327016434435
2023-11-30,-0.0037911611785095283
2023-12-01,0.0032256895364430878
2023-12-04,-0.002492774566474009
2023-12-05,-0.01557350331389662
2023-12-06,0.005739303189728151
2023-12-07,0.0017558620185098572
2023-12-08,0.003907248493700832
2023-12-11,0.01087589116833998
2023-12-12,0.0021589723291712826
2023-12-13,-0.010161215037161941
2023-12-14,-0.002466627974463177
2023-12-15,-0.008000000000000007
2023-12-18,-0.008727353071144472
2023-12-19,-0.001968869571678078
2023-12-20,-0.009863768331720424
2023-12-21,0.002894628021502977
2023-12-22,-0.0024739485718571212
2023-12-25,-0.001164888020441901
2023-12-26,-0.008615176253715107
2023-12-27,0.002352762598664349
2023-12-28,0.019913682138259947
2023-12-29,0.00812917594654783
2024-01-02,-0.0069221989027579145
2024-01-03,-0.0010381520892809304
2024-01-04,-0.007571539917603842
2024-01-05,-0.012266726504357006
2024-01-08,-0.02870016281094989
2024-01-09,0.0047557790511829606
2024-01-10,-0.0031425800193986
2024-01-11,0.013777535611426915
2024-01-12,-0.004031019656019708
2024-01-15,-0.0020043942489305078
2024-01-16,-0.0009269630373489599
2024-01-17,-0.03007693199829886
2024-01-18,0.00542070229981273
2024-01-19,-0.0029335976214073245
2024-01-22,-0.06164660256928167
2024-01-23,0.03332185293611145
2024-01-24,0.018706774435463647
2024-01-25,0.034722506236963824
2024-01-26,-0.013320158102766766
2024-01-29,-0.019909466009694454
2024-01-30,-0.025627401291588248
2024-01-31,-0.023155333696883384
2024-02-01,-0.001846523811568579
2024-02-02,-0.029254861469626525
2024-02-05,-0.029427406488211294
2024-02-06,0.10105022831050237
2024-02-07,0.06585659187989877
2024-02-08,0.0027625384226295235
2024-02-19,-0.009467639298463282
2024-02-20,0.002754062241806743
2024-02-21,0.0019225487503433671
2024-02-22,0.01018170426065157
2024-02-23,0.0051946038145449505
2024-02-26,-0.003432317778634841
2024-02-27,0.027011338570488874
2024-02-28,-0.024982101812427104
2024-02-29,0.03308084711701964
2024-03-01,0.00677091126739504
2024-03-04,-0.0010403894028908622
2024-03-05,-0.007848242514413184
2024-03-06,0.0014995876134062947
2024-03-07,-0.013176611514561731
2024-03-08,0.013997420529550109
2024-03-11,0.020575361939321413
2024-03-12,-0.005241743337854099
2024-03-13,-0.0019529810597687105
2024-03-14,-0.0033228724386191733
2024-03-15,0.0024448972031856364
2024-03-18,0.014745259142427303
2024-03-19,-0.010988613771913958
2024-03-20,0.002521837652132541
2024-03-21,-0.0051403572730586156
2024-03-22,-0.016636740078419858
2024-03-25,-0.013638904415874786
2024-03-26,-0.004986965884619886
2024-03-27,-0.022174127653111442
2024-03-28,0.012852871510115271
2024-03-29,0.01372488882073286
2024-04-01,0.02185916345208394
2024-04-02,-0.004108068097705364
2024-04-03,-0.0018209520978111906
2024-04-08,-0.01597170513775137
2024-04-09,0.00908024668003482
2024-04-10,-0.012223013760263912
2024-04-11,0.006452837350540808
2024-04-12,-0.007505185743918562
2024-04-15,0.015541875664994763
2024-04-16,-0.02750233863423757
2024-04-17,0.02766448634090035
2024-04-18,0.002171552660152009
2024-04-19,-0.007098292673814788
2024-04-22,-0.00790468986384274
2024-04-23,-0.011551218024474784
2024-04-24,0.012611848195001496
2024-04-25,-0.0007998476480669536
2024-04-26,0.02412899290996396
2024-04-29,0.020731752707782825
2024-04-30,-0.007803383897316273
2024-05-06,0.014957736126424146
2024-05-07,-0.0002534670673859374
2024-05-08,-0.01293009779065546
2024-05-09,0.017979671962719657
2024-05-10,-0.0032080164365786428
2024-05-13,-0.006111231648224469
2024-05-14,-0.0015281062397670686
2024-05-15,-0.008235251248041475
2024-05-16,-0.005401036117132607
2024-05-17,0.005208718138160372
2024-05-20,0.00249066002490661
2024-05-21,-0.006101571063207857
2024-05-22,-0.0030511340660956954
2024-05-23,-0.01806784660766958
2024-05-24,-0.010439354111903887
2024-05-27,0.00986642380085012
2024-05-28,-0.007966330978505853
2024-05-29,0.001893939393939448
2024-05-30,-0.0005671077504726396
2024-05-31,-0.0009078872706639318
2024-06-03,-0.008026958464276146
2024-06-04,0.012863086377342679
2024-06-05,-0.011230027132951405
2024-06-06,-0.00750819422212068
2024-06-07,-0.0057985484428401115
2024-06-11,0.003978370027037492
2024-06-12,0.0021928980879466486
2024-06-13,-0.00499040307101728
2024-06-14,0.005324074074074092
2024-06-17,-0.0025711873512933576
2024-06-18,0.005463429648724594
2024-06-19,-0.010982282937282428
2024-06-20,-0.0151280662384895
2024-06-21,0.0031035160086427807
2024-06-24,-0.018891040588072668
2024-06-25,-0.00837865055387721
2024-06-26,0.01356785960921325
2024-06-27,-0.01647228567993264
2024-06-28,0.0002037489812551918
2024-07-01,0.012059482583010706
2024-07-02,-0.00877581417817308
2024-07-03,-0.009097185558217924
2024-07-04,-0.015574408787245362
2024-07-05,0.007952037969940484
2024-07-08,-0.016439487814952525
2024-07-09,0.01940198219385203
2024-07-10,-0.0048199719864877606
2024-07-11,0.019456058285383104
2024-07-12,-0.003532708003410767
2024-07-15,-0.009250203748981223
2024-07-16,0.0038251141364700203
2024-07-17,-0.006146029664836461
2024-07-18,0.005771767810026418
2024-07-19,-0.001803574356451953
2024-07-22,-0.002434897445421247
2024-07-23,-0.029662419328148167
2024-07-24,-0.012705180132168035
2024-07-25,-0.0009068532193289293
2024-07-26,0.017764522821576808
2024-07-29,-0.006370238246910409
2024-07-30,-0.0013676967132537632
2024-07-31,0.046479777444896175
2024-08-01,-0.01006093820293641
2024-08-02,-0.0130551538938235
2024-08-05,-0.01841851898363267
2024-08-06,0.010320269521088221
2024-08-07,-0.0005487315858341282
2024-08-08,0.0035475969254159523
2024-08-09,-0.009384731924922065
2024-08-12,0.002081651726921318
2024-08-13,0.002458877395285608
2024-08-14,-0.0159434999577095
2024-08-15,0.007176930680304229
2024-08-16,-0.00302952722307559
2024-08-19,0.00413543551305251
2024-08-20,-0.019305019305019263
2024-08-21,-0.0003062117235345108
2024-08-22,-0.012252220715004649
2024-08-23,0.0008860142648297042
2024-08-26,0.0018589828708006628
2024-08-27,-0.010337972166998057
2024-08-28,0.0006249720994597753
2024-08-29,0.01432076734329679
2024-08-30,0.017857142857142794
2024-09-02,-0.02074150894477577
2024-09-03,0.00961962757038215
2024-09-04,-0.001486013986014001
2024-09-05,0.0050774752691937755
2024-09-06,-0.014850622768051491
2024-09-09,-0.00654259316564243
2024-09-10,-0.00035598273483739007
2024-09-11,0.0036056087246827406
2024-09-12,-0.002838641000621034
2024-09-13,-0.011475847344542213
2024-09-18,0.00341972642188626
2024-09-19,0.015695067264573925
2024-09-20,-0.010198675496688736
2024-09-23,0.0008045052292837698
2024-09-24,0.05073240443015381
2024-09-25,0.005610336620197165
2024-09-26,0.0556213017751479
2024-09-27,0.08708360025624606
2024-09-30,0.08703178520128185
2024-10-08,0.033102934200718304
2024-10-09,-0.05040831720835648
2024-10-10,-0.013504179042619248
2024-10-11,-0.03984175331722861
2024-10-14,0.02195077484047392
2024-10-15,-0.026581510686124132
2024-10-16,0.0013562055567775122
2024-10-17,-0.010395695303634822
2024-10-18,0.04420196042167568
2024-10-21,0.013040225175473095
2024-10-22,0.011149016987303416
2024-10-23,0.00306086956521745
2024-10-24,-0.007975587766141934
2024-10-25,0.014751118568232526
2024-10-28,0.011229762314846736
2024-10-29,-0.009401825861834023
2024-10-30,0.0023727647867950448
2024-10-31,0.009228446945006795
2024-11-01,-0.007750356924332125
2024-11-04,0.015656046591298267
2024-11-05,0.030121091510102223
2024-11-06,0.001571709233791907
2024-11-07,0.018307833137177987
2024-11-08,-0.004590984974958357
2024-11-11,0.012868892114175079
2024-11-12,-0.007960769328747895
2024-11-13,0.00093085960069339
2024-11-14,-0.022416060032710128
2024-11-15,-0.015450728250885669
2024-11-18,-0.0154231211526753
2024-11-19,0.011714187564410894
2024-11-20,0.009099860785712007
2024-11-21,-0.0017497223998116376
2024-11-22,-0.03781979977753058
2024-11-25,-0.0035382729024346915
2024-11-26,-0.006328223878498075
2024-11-27,0.020308519671667247
2024-11-28,-0.007628823080657486
2024-11-29,0.017261863163044122
2024-12-02,0.015388843088760762
2024-12-03,-0.001488497970230096
2024-12-04,-0.007318064778425226
2024-12-05,0.003071672354948873
2024-12-06,0.014528751275944218
2024-12-09,-0.006841734580943615
2024-12-10,0.011616519771721734
2024-12-11,0.007510765430450261
2024-12-12,0.009376449539460594
2024-12-13,-0.01555883801083213
2024-12-16,-0.0150378446867393
2024-12-17,-0.009681787406905841
2024-12-18,0.006460654953168721
2024-12-19,0.0039058519851917772
2024-12-20,0.0027065430678665514
2024-12-23,-0.01570662867223016
2024-12-24,0.013131139066000276
2024-12-25,-0.008640631378418863
2024-12-26,0.007137464827396967
2024-12-27,0.0030323679727428665
2024-12-30,0.00023777981589034883
2024-12-31,-0.03331522108265972
2025-01-02,-0.02782364307043728
2025-01-03,-0.019116105951649698
2025-01-06,-0.0019893899204244114
2025-01-07,0.009376153562200118
2025-01-08,-0.003766822703335393
2025-01-09,-0.0020190154546455568
2025-01-10,-0.0131685426322371
2025-01-13,0.0037274489339496064
2025-01-14,0.0340537730243613
2025-01-15,-0.00772131441910573
2025-01-16,0.0034382917119073486
2025-01-17,0.009053201082055871
2025-01-20,0.005244252873563226
2025-01-21,0.0034660187236477125
2025-01-22,-0.0038457429761777906
2025-01-23,-0.006005361930294994
2025-01-24,0.016542597187758412
2025-01-27,-0.016450277708989325
2025-02-05,0.005467232573196368
2025-02-06,0.024754954568219082
2025-02-07,0.016930810584374845
2025-02-10,0.007208815351343878
2025-02-11,-0.003203708121740978
2025-02-12,0.01514685266864979
2025-02-13,-0.006197372852812411
2025-02-14,0.00820172168372535
2025-02-17,-0.002252252252252341
2025-02-18,-0.01522859741922433
2025-02-19,0.015772007253070486
2025-02-20,0.001987201077803924
2025-02-21,0.016538371037681854
2025-02-24,-0.005705944798301554
2025-02-25,-0.007340184171893749
2025-02-26,0.007831406292013956
2025-02-27,-0.0024345506086377307
2025-02-28,-0.02407060711420161
2025-03-03,0.0015072622636338462
2025-03-04,0.008414283759748287
2025-03-05,0.0015941930669562956
2025-03-06,0.019336923024823042
2025-03-07,-0.004584717607973521
2025-03-10,-0.005206595020359139
2025-03-11,0.008354022679997408
2025-03-12,0.0013308933621694052
2025-03-13,-0.00850639641136397
2025-03-14,0.021515466336003097
2025-03-17,-0.0021652832912305575
2025-03-18,0.004833141542002206
2025-03-19,-0.002126824160722518
2025-03-20,-0.007017083647571809
2025-03-21,-0.01363801472773507
2025-03-24,-0.0016571969696970168
2025-03-25,-0.0014566889122260562
2025-03-26,0.00010177771746522346
2025-03-27,0.004477763831880255
2025-03-28,-0.008881834453412507
2025-03-31,-0.008518468038707927
2025-04-01,0.005326826586019573
2025-04-02,0.003076607527433105
2025-04-03,-0.007872405684490436
2025-04-07,-0.10068013190436932
2025-04-08,0.006646041022115412
2025-04-09,0.02204515272244345
2025-04-10,0.02260914760914768
2025-04-11,0.008495189689598838
2025-04-14,0.005219770330105567
2025-04-15,-0.0008594757198109315
2025-04-16,-0.007096774193548483
2025-04-17,0.0019493177387914786
2025-04-18,0.0001801412307249617
2025-04-21,0.017806319783989055
2025-04-22,-0.0019359001935900235
2025-04-23,0.0022270114942528627
2025-04-24,-0.0028671779800730768
2025-04-25,0.0031989073395155554
2025-04-28,-0.004693490021855151
2025-04-29,0.0032037437005039138
2025-04-30,0.0029423373640962147
2025-05-06,0.02064326857715293
2025-05-07,0.0022083567021873307
2025-05-08,0.005910950998565978
2025-05-09,-0.008623087621696834
2025-05-12,0.014660493827160613
2025-05-13,-0.003249222260629181
2025-05-14,0.005687335275350368
2025-05-15,-0.013655172413793104
2025-05-16,0.0004894420360788132
2025-05-19,0.003784497839979917
2025-05-20,0.004943980081806965
2025-05-21,0.0008494372478233814
2025-05-22,-0.007214088690855155
2025-05-23,-0.0094393388900762
2025-05-26,0.005897371354597558
2025-05-27,-0.002967146891645567
2025-05-28,-0.0017927572606668551
2025-05-29,0.018067528735632214
2025-05-30,-0.007197544367215869
2025-06-03,0.0018835068765767906
2025-06-04,0.008938706015891196
2025-06-05,0.006117283082548218
2025-06-06,0.00031448738556139055
2025-06-09,0.0071610717155132795
2025-06-10,-0.008358768035516051
2025-06-11,0.007519848903501103
2025-06-12,0.0032632090536695024
2025-06-13,-0.008823529411764675
2025-06-16,0.004747774480712064
2025-06-17,-0.0013550606302769053
2025-06-18,-0.0018091990814834704
2025-06-19,-0.010491460439177373
2025-06-20,-0.005283736658564964
2025-06-23,0.006692434328251506
2025-06-24,0.017881901240712317
2025-06-25,0.018825090807488055
2025-06-26,-0.004285077645606927
2025-06-27,0.0030641052124216195
2025-06-30,0.006178136262227518
2025-07-01,0.0008528057308545558
2025-07-02,-0.0019427402862984835
2025-07-03,0.002971007068947707
2025-07-04,3.404834865516904e-05
2025-07-07,-0.0025535392053386285
2025-07-08,0.01686237028945925
2025-07-09,-0.004699563611950341
2025-07-10,0.004856661045531174
2025-07-11,0.010773981338524584
2025-07-14,-0.002424041175493996
2025-07-15,-3.328673190861053e-05
2025-07-16,-0.00026630271961647356
2025-07-17,0.012619451936203284
2025-07-18,0.0006247533868211086
2025-07-21,0.008688470432771878
2025-07-22,0.012543805063373936
2025-07-23,-0.002878768275326737
2025-07-24,0.01690076880656588
2025-07-25,-0.0013397983922419645
2025-07-28,0.0020443365489044574
2025-07-29,0.0069811922218681035
2025-07-30,-0.0073759853113426485
2025-07-31,-0.013362673810434987
2025-08-01,-0.003523289265280893
2025-08-04,0.010542364084598521
2025-08-05,0.005585336885693071
2025-08-06,0.009799853161809313
2025-08-07,-0.004330783334387189
2025-08-08,0.0
2025-08-11,0.010921675080166391
2025-08-12,0.00643824000502491
2025-08-13,0.015072083879423381
2025-08-14,-0.011405207660856398
2025-08-15,0.020088313949872427
2025-08-18,0.011789924973204744
2025-08-19,-0.001210653753026647
2025-08-20,0.01442424242424245
2025-08-21,-0.005795196558728621
2025-08-22,0.02313562886845744
2025-08-25,0.014565957946669927
2025-08-26,0.0009841380108832618
2025-08-27,-0.011364293563125294
2025-08-28,0.01889496621720444
2025-08-29,0.004277307305870615
2025-09-01,0.0025726046192544594
2025-09-02,-0.01690711068027606
2025-09-03,-0.015573794263507357
2025-09-04,-0.020887343860476082
2025-09-05,0.0378516624040921
2025-09-08,0.0032180442408604733
2025-09-09,-0.006935614379840471
2025-09-10,-0.001367710394599042
2025-09-11,0.038056939709182114
2025-09-12,0.0021615248575357357
2025-09-15,-0.003613445378151337
2025-09-16,0.007168761069410445
2025-09-17,0.012169932451292276
2025-09-18,-0.011141139484860065
2025-09-19,0.0014222767583245144
2025-09-22,0.00540464461646728
2025-09-23,-0.008427359520676414
2025-09-24,0.027868759882539118
2025-09-25,0.0017306265967089733
2025-09-26,-0.012422530576427282
2025-09-29,0.01946519312470496
2025-09-30,0.007572043362205072
2025-10-09,0.016490051903114145
2025-10-10,-0.018403276421466885
2025-10-13,-0.004334868599295549
2025-10-14,-0.026748299319727886
2025-10-15,0.017446249335980157
2025-10-16,-0.007254540957929213
2025-10-17,-0.022337863647687303
2025-10-20,0.007165145036403642
2025-10-21,0.019621342512908813
2025-10-22,-0.006161377447670535
2025-10-23,0.0037367303609341374
2025-10-24,0.016978311757904097
2025-10-27,0.013672037494106837
2025-10-28,-0.0031462026701685178
2025-10-29,0.021022586930867115
2025-10-30,-0.012015160067736508
2025-10-31,-0.008161932745674226
2025-11-03,0.00021944261575601587
2025-11-04,-0.01845655989469075
2025-11-05,0.0016763990947445961
2025-11-06,0.018744247022398408
2025-11-07,-0.001724940448484591
2025-11-10,0.001481075150850275
2025-11-11,-0.008298186996768429
2025-11-12,-0.0025130485211676268
2025-11-13,0.015420819490586934
2025-11-14,-0.01736783270169306
2025-11-17,0.0010821309655937306
2025-11-18,-0.008730840655228778
2025-11-19,-0.0050609551504305905
2025-11-20,-0.007475479863980117
2025-11-21,-0.026757652122207487
2025-11-24,0.008508124076809453
2025-11-25,0.01060401898177976
2025-11-26,0.0013623188405795794
2025-11-27,-0.0019104408486988469
2025-11-28,0.011310576839418829
2025-12-01,0.008230334662040262
2025-12-02,-0.007025428067580664
2025-12-03,-0.004554438429148378
2025-12-04,0.004719152854512077
2025-12-05,0.014320082483675112
2025-12-08,0.008583690987124415
2025-12-09,-0.006942889137737995
2025-12-10,0.0039185836716284506
2025-12-11,-0.006711409395973146
2025-12-12,0.014078932488974294
2025-12-15,-0.008112628937831046
2025-12-16,-0.014840214733410241
2025-12-17,0.01948589198596329
2025-12-18,-0.006408462528684211
2025-12-19,0.00980143641740594
2025-12-22,0.009800352812701307
2025-12-23,0.0015251088373124946
2025-12-24,0.013981948059139436
2025-12-25,0.010021025038909892
2025-12-26,0.007894025412273464
2025-12-29,-0.0046671315916526615
2025-12-30,0.004796809313355466
2025-12-31,-0.00021455774285250584
2026-01-05,0.02805944524920867
2026-01-06,0.02233587308214169
2026-01-07,0.004287901990811749
2026-01-08,0.002516010978956817
2026-01-09,0.02519836742971581
2026-01-12,0.02294700922331283
2026-01-13,-0.01220720829606703
2026-01-14,0.005897611589663176
2026-01-15,-0.0004379029315169092
2026-01-16,0.0026285686470173264
2026-01-19,0.006660994287103428
2026-01-20,-0.002897920741867677
2026-01-21,0.013974666376032507
2026-01-22,0.0036784025223330907
2026-01-23,0.030009519276535057
2026-01-26,-0.019754626741526282
2026-01-27,0.008131805968038421
2026-01-28,0.008066213088307572
2026-01-29,-0.010668893218294784
2026-01-30,-0.018051387846961697
2026-02-02,-0.0508761877476962
2026-02-03,0.04336561438812714
2026-02-04,0.0030376817184600835
2026-02-05,-0.021151303929816127
2026-02-06,-0.0005402087170042202
2026-02-09,0.022283369776183504
2026-02-10,-0.001562124489305483
2026-02-11,0.004019737633890852
2026-02-12,0.012682201764480316
2026-02-13,-0.019554461305366862
2026-02-24,0.014197754436798382
2026-02-25,0.01880166276458506
2026-02-26,0.0009848751319028182
2026-02-27,0.012650221378874171
2026-03-02,-0.0021282994424780552
2026-03-03,-0.04182218615973099
2026-03-04,-0.00566160992959297
2026-03-05,0.0044042144195441954
2026-03-06,0.008115703280197728
2026-03-09,-0.006680604618748975
2026-03-10,0.015313898633119603
2026-03-11,-0.0040030499428136395
2026-03-12,-0.007057416267942541
2026-03-13,-0.010504758462835941
2026-03-16,-0.004309820058925218
2026-03-17,-0.02181355766409077
2026-03-18,0.010750000000000036
2026-03-19,-0.024684640118723733
2026-03-20,-0.00532562385879487
2026-03-23,-0.040147597640516564
2026-03-24,0.022632519356760028
2026-03-25,0.01731349605548793
2026-03-26,-0.014884979702300516
2026-03-27,0.017408072696534216
2026-03-30,0.0004933142931324852
2026-03-31,-0.01702392692167953
2026-04-01,0.017741169016315395
2026-04-02,-0.018521400778210184
2026-04-03,-0.007585368432180939
2026-04-07,0.0035154065354603414
2026-04-08,0.05543908070380299
2026-04-09,-0.00792054312295698
