,SH_510050IV
2015-02-09,25.5766
2015-02-10,26.0522
2015-02-11,23.77
2015-02-12,23.2976
2015-02-13,21.0643
2015-02-16,21.2578
2015-02-17,21.7827
2015-02-25,23.6263
2015-02-26,22.7079
2015-02-27,24.4051
2015-03-02,25.3686
2015-03-03,25.704
2015-03-04,24.9784
2015-03-05,24.0843
2015-03-06,23.7995
2015-03-09,24.3054
2015-03-10,23.6428
2015-03-11,23.2264
2015-03-12,22.5659
2015-03-13,22.6453
2015-03-16,22.2956
2015-03-17,22.7214
2015-03-18,22.5087
2015-03-19,24.8459
2015-03-20,24.0734
2015-03-23,26.458
2015-03-24,28.3362
2015-03-25,27.6213
2015-03-26,26.296
2015-03-27,26.6427
2015-03-30,24.7686
2015-03-31,27.7171
2015-04-01,27.697
2015-04-02,29.3985
2015-04-03,28.6366
2015-04-07,26.4985
2015-04-08,29.51
2015-04-09,32.733000000000004
2015-04-10,30.8257
2015-04-13,34.6978
2015-04-14,37.0924
2015-04-15,36.5273
2015-04-16,34.2076
2015-04-17,37.2902
2015-04-20,44.0312
2015-04-21,43.0289
2015-04-22,39.8703
2015-04-23,40.8977
2015-04-24,41.5411
2015-04-27,40.7256
2015-04-28,42.6438
2015-04-29,42.3884
2015-04-30,42.5211
2015-05-04,42.3994
2015-05-05,41.719
2015-05-06,41.9152
2015-05-07,43.0173
2015-05-08,42.5133
2015-05-11,42.0594
2015-05-12,42.1387
2015-05-13,42.2263
2015-05-14,41.2868
2015-05-15,37.5773
2015-05-18,34.3502
2015-05-19,35.1766
2015-05-20,37.9979
2015-05-21,38.4628
2015-05-22,39.155
2015-05-25,41.6506
2015-05-26,41.4506
2015-05-27,42.952
2015-05-28,42.2012
2015-05-29,43.0281
2015-06-01,42.2372
2015-06-02,43.2871
2015-06-03,43.5156
2015-06-04,42.2309
2015-06-05,42.2223
2015-06-08,38.8507
2015-06-09,43.2499
2015-06-10,44.0627
2015-06-11,45.5046
2015-06-12,45.4741
2015-06-15,43.9345
2015-06-16,42.7642
2015-06-17,42.8885
2015-06-18,42.7222
2015-06-19,43.3491
2015-06-23,48.5545
2015-06-24,48.8722
2015-06-25,43.5721
2015-06-26,44.8123
2015-06-29,56.8606
2015-06-30,56.7129
2015-07-01,53.9191
2015-07-02,54.928
2015-07-03,52.3493
2015-07-06,57.1724
2015-07-07,52.5738
2015-07-08,48.8888
2015-07-09,52.4644
2015-07-10,51.5169
2015-07-13,50.7717
2015-07-14,47.1499
2015-07-15,42.9354
2015-07-16,38.9959
2015-07-17,37.3739
2015-07-20,36.5897
2015-07-21,36.7955
2015-07-22,32.9351
2015-07-23,31.0533
2015-07-24,30.8336
2015-07-27,26.5747
2015-07-28,36.9601
2015-07-29,39.1408
2015-07-30,34.5396
2015-07-31,37.5351
2015-08-03,37.9994
2015-08-04,37.7571
2015-08-05,37.8343
2015-08-06,39.0986
2015-08-07,38.5066
2015-08-10,38.2625
2015-08-11,38.0763
2015-08-12,37.668
2015-08-13,37.4533
2015-08-14,37.4754
2015-08-17,37.4391
2015-08-18,34.5834
2015-08-19,35.0065
2015-08-20,34.5807
2015-08-21,31.8745
2015-08-24,22.1948
2015-08-25,40.2195
2015-08-26,59.6773
2015-08-27,57.0605
2015-08-28,57.5595
2015-08-31,58.6295
2015-09-01,59.4807
2015-09-02,57.0176
2015-09-07,55.8973
2015-09-08,45.1106
2015-09-09,42.9524
2015-09-10,39.114
2015-09-11,38.223
2015-09-14,39.7067
2015-09-15,41.9066
2015-09-16,38.4505
2015-09-17,37.7069
2015-09-18,37.7578
2015-09-21,37.1984
2015-09-22,34.4711
2015-09-23,36.0483
2015-09-24,35.0307
2015-09-25,32.0813
2015-09-28,29.1098
2015-09-29,27.9657
2015-09-30,27.7267
2015-10-08,28.5139
2015-10-09,27.03
2015-10-12,26.2479
2015-10-13,29.0676
2015-10-14,28.8853
2015-10-15,26.7315
2015-10-16,26.5393
2015-10-19,27.5162
2015-10-20,28.2052
2015-10-21,29.9567
2015-10-22,29.1719
2015-10-23,28.053
2015-10-26,29.6393
2015-10-27,28.4653
2015-10-28,29.15
2015-10-29,29.1634
2015-10-30,26.5802
2015-11-02,27.4991
2015-11-03,27.6184
2015-11-04,27.3857
2015-11-05,29.7691
2015-11-06,30.1135
2015-11-09,39.8971
2015-11-10,41.0121
2015-11-11,37.5957
2015-11-12,36.5814
2015-11-13,35.7216
2015-11-16,36.2572
2015-11-17,35.654
2015-11-18,34.8052
2015-11-19,33.9468
2015-11-20,31.9264
2015-11-23,30.8851
2015-11-24,29.6303
2015-11-25,30.0034
2015-11-26,27.1352
2015-11-27,31.4799
2015-11-30,31.7493
2015-12-01,31.0442
2015-12-02,29.5496
2015-12-03,29.916
2015-12-04,29.7423
2015-12-07,28.9331
2015-12-08,28.7099
2015-12-09,28.3761
2015-12-10,28.1377
2015-12-11,28.0484
2015-12-14,28.2723
2015-12-15,27.5953
2015-12-16,27.3009
2015-12-17,26.0595
2015-12-18,23.6079
2015-12-21,23.8422
2015-12-22,25.3667
2015-12-23,25.7792
2015-12-24,24.7999
2015-12-25,23.8739
2015-12-28,25.3625
2015-12-29,24.7127
2015-12-30,24.8679
2015-12-31,25.2856
2016-01-04,25.9519
2016-01-05,29.27
2016-01-06,28.6653
2016-01-07,24.546
2016-01-08,32.1989
2016-01-11,29.9966
2016-01-12,32.6354
2016-01-13,31.3936
2016-01-14,34.586
2016-01-15,31.7464
2016-01-18,33.9951
2016-01-19,34.2095
2016-01-20,33.6656
2016-01-21,31.4075
2016-01-22,31.8075
2016-01-25,31.5233
2016-01-26,27.6064
2016-01-27,35.2906
2016-01-28,34.1525
2016-01-29,35.4985
2016-02-01,33.2271
2016-02-02,32.249
2016-02-03,31.7867
2016-02-04,31.5809
2016-02-05,32.3572
2016-02-15,34.3354
2016-02-16,33.6269
2016-02-17,32.6674
2016-02-18,30.8267
2016-02-19,29.436
2016-02-22,28.6106
2016-02-23,29.4757
2016-02-24,29.6339
2016-02-25,29.0163
2016-02-26,29.1989
2016-02-29,29.0617
2016-03-01,28.25800000000001
2016-03-02,29.4951
2016-03-03,30.0452
2016-03-04,29.8209
2016-03-07,30.8884
2016-03-08,30.5349
2016-03-09,30.4645
2016-03-10,30.6373
2016-03-11,30.5862
2016-03-14,30.2609
2016-03-15,29.7779
2016-03-16,29.0948
2016-03-17,28.5732
2016-03-18,28.5701
2016-03-21,28.7403
2016-03-22,30.4567
2016-03-23,31.3115
2016-03-24,30.1622
2016-03-25,28.1398
2016-03-28,28.2761
2016-03-29,28.1981
2016-03-30,27.5854
2016-03-31,27.9515
2016-04-01,27.5187
2016-04-05,26.9956
2016-04-06,26.9856
2016-04-07,25.798
2016-04-08,24.7159
2016-04-11,24.4392
2016-04-12,23.7073
2016-04-13,23.5367
2016-04-14,23.0172
2016-04-15,23.0531
2016-04-18,23.2486
2016-04-19,22.6027
2016-04-20,22.8543
2016-04-21,22.1956
2016-04-22,21.7259
2016-04-25,22.2521
2016-04-26,22.7631
2016-04-27,22.7251
2016-04-28,21.7004
2016-04-29,20.9169
2016-05-03,20.831
2016-05-04,20.2612
2016-05-05,19.9729
2016-05-06,20.7195
2016-05-09,23.4069
2016-05-10,22.204
2016-05-11,20.8486
2016-05-12,20.9038
2016-05-13,20.2494
2016-05-16,19.9527
2016-05-17,19.5044
2016-05-18,19.535
2016-05-19,18.7581
2016-05-20,18.0056
2016-05-23,17.2337
2016-05-24,17.0298
2016-05-25,17.6894
2016-05-26,16.1426
2016-05-27,15.5858
2016-05-30,15.8962
2016-05-31,18.325
2016-06-01,18.2731
2016-06-02,18.0238
2016-06-03,18.131
2016-06-06,18.3041
2016-06-07,18.0881
2016-06-08,18.4054
2016-06-13,19.6457
2016-06-14,19.1169
2016-06-15,17.0573
2016-06-16,16.5768
2016-06-17,16.0093
2016-06-20,16.7645
2016-06-21,16.6818
2016-06-22,17.2182
2016-06-23,17.6318
2016-06-24,18.0165
2016-06-27,17.6715
2016-06-28,16.7849
2016-06-29,16.2502
2016-06-30,15.8492
2016-07-01,15.6112
2016-07-04,15.443
2016-07-05,15.9271
2016-07-06,15.927
2016-07-07,16.5824
2016-07-08,16.6224
2016-07-11,16.3399
2016-07-12,16.0034
2016-07-13,17.1261
2016-07-14,16.9418
2016-07-15,17.0527
2016-07-18,17.7496
2016-07-19,17.7232
2016-07-20,17.6743
2016-07-21,17.7395
2016-07-22,17.4832
2016-07-25,17.2374
2016-07-26,16.8131
2016-07-27,17.465999999999998
2016-07-28,16.3702
2016-07-29,16.1682
2016-08-01,16.243
2016-08-02,15.7319
2016-08-03,15.3193
2016-08-04,15.0329
2016-08-05,14.683
2016-08-08,14.647
2016-08-09,14.1952
2016-08-10,14.2398
2016-08-11,14.3343
2016-08-12,14.3703
2016-08-15,16.5851
2016-08-16,16.7916
2016-08-17,16.9729
2016-08-18,17.1363
2016-08-19,17.2347
2016-08-22,17.4401
2016-08-23,17.1108
2016-08-24,17.1632
2016-08-25,17.2954
2016-08-26,17.2144
2016-08-29,17.6982
2016-08-30,17.5677
2016-08-31,17.855
2016-09-01,17.838
2016-09-02,17.8042
2016-09-05,17.6664
2016-09-06,17.527
2016-09-07,17.5147
2016-09-08,17.0551
2016-09-09,16.0697
2016-09-12,16.3112
2016-09-13,14.9971
2016-09-14,14.9778
2016-09-19,14.8831
2016-09-20,14.5018
2016-09-21,14.7588
2016-09-22,13.7604
2016-09-23,13.4208
2016-09-26,13.6488
2016-09-27,13.9227
2016-09-28,14.0665
2016-09-29,12.7328
2016-09-30,13.7444
2016-10-10,14.2262
2016-10-11,13.5828
2016-10-12,13.6057
2016-10-13,13.2977
2016-10-14,12.8136
2016-10-17,12.4624
2016-10-18,12.5783
2016-10-19,13.0828
2016-10-20,12.6248
2016-10-21,12.5797
2016-10-24,13.3878
2016-10-25,13.625
2016-10-26,13.983
2016-10-27,13.6552
2016-10-28,13.7543
2016-10-31,13.7625
2016-11-01,13.9173
2016-11-02,14.3053
2016-11-03,15.1976
2016-11-04,15.3006
2016-11-07,16.4174
2016-11-08,16.1554
2016-11-09,15.7801
2016-11-10,14.3567
2016-11-11,13.9801
2016-11-14,14.5886
2016-11-15,14.56
2016-11-16,14.2721
2016-11-17,13.8698
2016-11-18,13.697
2016-11-21,13.2436
2016-11-22,13.9473
2016-11-23,14.1471
2016-11-24,13.8679
2016-11-25,13.7156
2016-11-28,15.8835
2016-11-29,15.3359
2016-11-30,16.0243
2016-12-01,15.7829
2016-12-02,15.8175
2016-12-05,15.9847
2016-12-06,15.8938
2016-12-07,15.5505
2016-12-08,14.5985
2016-12-09,14.7016
2016-12-12,16.0443
2016-12-13,15.9025
2016-12-14,16.1812
2016-12-15,17.3829
2016-12-16,16.6069
2016-12-19,16.7132
2016-12-20,17.9841
2016-12-21,17.1555
2016-12-22,17.3951
2016-12-23,17.0149
2016-12-26,17.5035
2016-12-27,18.1428
2016-12-28,17.8588
2016-12-29,17.0608
2016-12-30,16.9605
2017-01-03,16.0943
2017-01-04,15.1718
2017-01-05,15.0928
2017-01-06,14.7799
2017-01-09,14.4558
2017-01-10,14.0786
2017-01-11,13.9663
2017-01-12,13.6431
2017-01-13,13.4907
2017-01-16,13.6066
2017-01-17,12.5337
2017-01-18,12.387
2017-01-19,12.2156
2017-01-20,11.8187
2017-01-23,11.7876
2017-01-24,11.8139
2017-01-25,11.6162
2017-01-26,11.4855
2017-02-03,12.3184
2017-02-06,12.4437
2017-02-07,12.3115
2017-02-08,12.7048
2017-02-09,12.6254
2017-02-10,12.5643
2017-02-13,12.2994
2017-02-14,11.6627
2017-02-15,11.3668
2017-02-16,11.5191
2017-02-17,11.7284
2017-02-20,12.8692
2017-02-21,12.9181
2017-02-22,12.6217
2017-02-23,11.644
2017-02-24,11.8235
2017-02-27,12.1961
2017-02-28,12.1797
2017-03-01,12.0466
2017-03-02,12.056
2017-03-03,12.0061
2017-03-06,11.6956
2017-03-07,11.7252
2017-03-08,10.9285
2017-03-09,10.9862
2017-03-10,10.6879
2017-03-13,10.7308
2017-03-14,10.7719
2017-03-15,11.4448
2017-03-16,10.4247
2017-03-17,10.0783
2017-03-20,10.2118
2017-03-21,10.1591
2017-03-22,10.0774
2017-03-23,9.5307
2017-03-24,9.5053
2017-03-27,10.366
2017-03-28,10.4336
2017-03-29,10.1424
2017-03-30,10.0823
2017-03-31,9.7464
2017-04-05,10.228
2017-04-06,10.2016
2017-04-07,10.1285
2017-04-10,10.2017
2017-04-11,10.0711
2017-04-12,10.0633
2017-04-13,10.0696
2017-04-14,10.5048
2017-04-17,10.3416
2017-04-18,10.3287
2017-04-19,10.6608
2017-04-20,10.2423
2017-04-21,9.7295
2017-04-24,10.2077
2017-04-25,9.84
2017-04-26,9.4515
2017-04-27,9.3285
2017-04-28,9.3112
2017-05-02,9.3279
2017-05-03,9.3045
2017-05-04,9.2265
2017-05-05,9.4369
2017-05-08,9.4538
2017-05-09,9.097
2017-05-10,8.7264
2017-05-11,8.8681
2017-05-12,8.9619
2017-05-15,9.1785
2017-05-16,9.1102
2017-05-17,8.7477
2017-05-18,8.5892
2017-05-19,8.7534
2017-05-22,8.868
2017-05-23,9.618
2017-05-24,9.7318
2017-05-25,12.6772
2017-05-26,11.175999999999998
2017-05-31,12.5296
2017-06-01,12.8407
2017-06-02,13.0294
2017-06-05,12.5385
2017-06-06,12.5676
2017-06-07,13.9179
2017-06-08,14.349
2017-06-09,15.2348
2017-06-12,15.5787
2017-06-13,15.2248
2017-06-14,14.554
2017-06-15,14.0214
2017-06-16,13.4167
2017-06-19,13.8011
2017-06-20,14.0906
2017-06-21,13.4725
2017-06-22,13.7544
2017-06-23,14.0339
2017-06-26,15.5479
2017-06-27,14.9943
2017-06-28,15.1978
2017-06-29,14.5568
2017-06-30,14.4786
2017-07-03,14.0332
2017-07-04,13.219
2017-07-05,14.3103
2017-07-06,13.9277
2017-07-07,13.9891
2017-07-10,14.0174
2017-07-11,13.8557
2017-07-12,14.9064
2017-07-13,14.9003
2017-07-14,15.8781
2017-07-17,17.5032
2017-07-18,17.0975
2017-07-19,16.2032
2017-07-20,17.3697
2017-07-21,16.3148
2017-07-24,15.8841
2017-07-25,15.5576
2017-07-26,16.078
2017-07-27,16.0428
2017-07-28,15.7383
2017-07-31,15.8752
2017-08-01,15.2189
2017-08-02,14.9502
2017-08-03,15.4328
2017-08-04,15.0859
2017-08-07,15.5298
2017-08-08,15.135
2017-08-09,14.404000000000002
2017-08-10,13.8246
2017-08-11,14.751
2017-08-14,14.4336
2017-08-15,14.1491
2017-08-16,14.0192
2017-08-17,13.8055
2017-08-18,13.5735
2017-08-21,13.2144
2017-08-22,12.5941
2017-08-23,13.244000000000002
2017-08-24,12.9061
2017-08-25,13.97
2017-08-28,14.508
2017-08-29,15.0216
2017-08-30,14.7745
2017-08-31,14.6958
2017-09-01,14.6146
2017-09-04,15.1302
2017-09-05,15.1202
2017-09-06,15.3332
2017-09-07,14.8306
2017-09-08,14.5944
2017-09-11,15.2598
2017-09-12,15.3148
2017-09-13,15.4398
2017-09-14,14.1765
2017-09-15,13.73
2017-09-18,13.8199
2017-09-19,13.0505
2017-09-20,12.9076
2017-09-21,12.8819
2017-09-22,12.7258
2017-09-25,12.9722
2017-09-26,12.8778
2017-09-27,12.4878
2017-09-28,10.6469
2017-09-29,11.049
2017-10-09,11.6932
2017-10-10,11.7609
2017-10-11,11.1479
2017-10-12,10.7961
2017-10-13,10.7862
2017-10-16,10.6489
2017-10-17,10.7534
2017-10-18,10.3788
2017-10-19,10.5348
2017-10-20,10.5628
2017-10-23,10.4667
2017-10-24,11.7395
2017-10-25,11.5013
2017-10-26,11.2859
2017-10-27,10.8488
2017-10-30,11.7219
2017-10-31,11.0659
2017-11-01,10.7864
2017-11-02,10.6881
2017-11-03,10.5338
2017-11-06,10.8063
2017-11-07,10.5274
2017-11-08,10.835
2017-11-09,10.9573
2017-11-10,11.4621
2017-11-13,11.645
2017-11-14,12.3834
2017-11-15,12.4403
2017-11-16,12.1607
2017-11-17,12.8533
2017-11-20,14.714
2017-11-21,15.2005
2017-11-22,16.1458
2017-11-23,16.3167
2017-11-24,17.097
2017-11-27,18.244
2017-11-28,15.1684
2017-11-29,15.4632
2017-11-30,16.1639
2017-12-01,17.5346
2017-12-04,16.1619
2017-12-05,15.4596
2017-12-06,16.3674
2017-12-07,15.7373
2017-12-08,15.2106
2017-12-11,14.8396
2017-12-12,15.4061
2017-12-13,15.3111
2017-12-14,15.1589
2017-12-15,14.8782
2017-12-18,15.5096
2017-12-19,15.2981
2017-12-20,15.4704
2017-12-21,14.9123
2017-12-22,14.8692
2017-12-25,15.4705
2017-12-26,15.2318
2017-12-27,16.908
2017-12-28,15.5965
2017-12-29,14.3678
2018-01-02,15.1641
2018-01-03,14.957
2018-01-04,14.6913
2018-01-05,14.6373
2018-01-08,14.9857
2018-01-09,14.4876
2018-01-10,14.806
2018-01-11,15.1486
2018-01-12,14.4608
2018-01-15,15.953
2018-01-16,16.9903
2018-01-17,17.8204
2018-01-18,19.046
2018-01-19,19.0437
2018-01-22,19.0487
2018-01-23,19.4223
2018-01-24,21.1912
2018-01-25,18.9309
2018-01-26,17.2779
2018-01-29,18.6965
2018-01-30,17.1921
2018-01-31,17.3799
2018-02-01,17.0149
2018-02-02,17.2229
2018-02-05,18.786
2018-02-06,22.4535
2018-02-07,24.3185
2018-02-08,25.9157
2018-02-09,33.4222
2018-02-12,28.4585
2018-02-13,27.8494
2018-02-14,27.59800000000001
2018-02-22,26.0865
2018-02-23,23.7622
2018-02-26,24.6961
2018-02-27,25.5132
2018-02-28,25.8979
2018-03-01,23.9458
2018-03-02,23.6509
2018-03-05,22.2813
2018-03-06,21.3214
2018-03-07,22.1672
2018-03-08,21.1343
2018-03-09,20.6632
2018-03-12,21.6133
2018-03-13,22.0528
2018-03-14,21.245
2018-03-15,20.6853
2018-03-16,21.0768
2018-03-19,21.3203
2018-03-20,21.0841
2018-03-21,21.5792
2018-03-22,21.212
2018-03-23,25.2731
2018-03-26,25.0524
2018-03-27,23.9619
2018-03-28,25.1134
2018-03-29,25.1859
2018-03-30,25.1748
2018-04-02,24.9661
2018-04-03,24.8776
2018-04-04,24.6205
2018-04-09,25.1599
2018-04-10,23.6266
2018-04-11,24.1425
2018-04-12,24.5697
2018-04-13,24.8788
2018-04-16,25.7583
2018-04-17,25.8628
2018-04-18,25.5059
2018-04-19,23.8772
2018-04-20,23.1153
2018-04-23,23.0948
2018-04-24,23.382
2018-04-25,23.0588
2018-04-26,23.2082
2018-04-27,24.022
2018-05-02,25.6961
2018-05-03,25.9119
2018-05-04,26.1718
2018-05-07,26.0251
2018-05-08,24.8387
2018-05-09,24.302
2018-05-10,22.9204
2018-05-11,22.4708
2018-05-14,21.1306
2018-05-15,20.134
2018-05-16,20.7262
2018-05-17,19.1002
2018-05-18,18.6916
2018-05-21,18.3768
2018-05-22,18.1576
2018-05-23,19.0472
2018-05-24,18.2155
2018-05-25,18.1618
2018-05-28,18.7327
2018-05-29,18.8294
2018-05-30,21.6609
2018-05-31,20.5013
2018-06-01,20.6126
2018-06-04,19.8608
2018-06-05,19.3144
2018-06-06,19.2297
2018-06-07,18.6712
2018-06-08,19.6238
2018-06-11,20.3606
2018-06-12,19.4021
2018-06-13,19.6322
2018-06-14,20.0683
2018-06-15,20.5601
2018-06-19,24.1437
2018-06-20,21.5984
2018-06-21,20.2735
2018-06-22,19.9598
2018-06-25,21.1045
2018-06-26,21.5124
2018-06-27,23.2076
2018-06-28,23.7192
2018-06-29,21.989
2018-07-02,25.6946
2018-07-03,26.5119
2018-07-04,27.113000000000003
2018-07-05,27.4071
2018-07-06,26.4136
2018-07-09,23.833
2018-07-10,23.7524
2018-07-11,25.81
2018-07-12,24.2673
2018-07-13,24.0482
2018-07-16,23.8628
2018-07-17,23.4138
2018-07-18,22.6242
2018-07-19,21.6462
2018-07-20,21.4975
2018-07-23,22.7476
2018-07-24,23.9952
2018-07-25,24.2272
2018-07-26,23.3943
2018-07-27,22.3553
2018-07-30,22.7134
2018-07-31,22.6314
2018-08-01,24.406
2018-08-02,25.3845
2018-08-03,25.4651
2018-08-06,26.2745
2018-08-07,25.7696
2018-08-08,26.026
2018-08-09,25.9614
2018-08-10,25.1984
2018-08-13,25.9208
2018-08-14,25.8194
2018-08-15,26.5651
2018-08-16,26.3323
2018-08-17,26.4612
2018-08-20,26.9487
2018-08-21,24.5176
2018-08-22,23.5588
2018-08-23,22.5388
2018-08-24,22.4179
2018-08-27,22.5975
2018-08-28,22.5518
2018-08-29,22.9154
2018-08-30,23.1044
2018-08-31,22.894
2018-09-03,23.4601
2018-09-04,22.6744
2018-09-05,23.9129
2018-09-06,24.1707
2018-09-07,24.0907
2018-09-10,24.9465
2018-09-11,24.4863
2018-09-12,24.4363
2018-09-13,23.6239
2018-09-14,22.1203
2018-09-17,21.4779
2018-09-18,20.8756
2018-09-19,19.7501
2018-09-20,18.8381
2018-09-21,19.5306
2018-09-25,21.0181
2018-09-26,21.7403
2018-09-27,21.0008
2018-09-28,21.3459
2018-10-08,23.462
2018-10-09,23.6196
2018-10-10,23.593000000000004
2018-10-11,25.9312
2018-10-12,26.4207
2018-10-15,27.3651
2018-10-16,27.0466
2018-10-17,27.1524
2018-10-18,28.1492
2018-10-19,26.7752
2018-10-22,26.7587
2018-10-23,28.2905
2018-10-24,28.3234
2018-10-25,29.4127
2018-10-26,30.3504
2018-10-29,32.3313
2018-10-30,32.3123
2018-10-31,31.6353
2018-11-01,30.5888
2018-11-02,29.0379
2018-11-05,30.8064
2018-11-06,31.5489
2018-11-07,31.5951
2018-11-08,31.0883
2018-11-09,31.4138
2018-11-12,32.0898
2018-11-13,31.3079
2018-11-14,30.773000000000003
2018-11-15,30.07800000000001
2018-11-16,29.3991
2018-11-19,28.7749
2018-11-20,27.9346
2018-11-21,27.8097
2018-11-22,26.9138
2018-11-23,26.1801
2018-11-26,26.4301
2018-11-27,25.3127
2018-11-28,24.4157
2018-11-29,24.2444
2018-11-30,25.1697
2018-12-03,22.4512
2018-12-04,20.8933
2018-12-05,20.9874
2018-12-06,21.2395
2018-12-07,20.198
2018-12-10,20.6921
2018-12-11,20.8584
2018-12-12,20.5794
2018-12-13,19.6545
2018-12-14,19.9337
2018-12-17,20.859
2018-12-18,21.3986
2018-12-19,21.5419
2018-12-20,23.6427
2018-12-21,24.4626
2018-12-24,23.7352
2018-12-25,24.402
2018-12-26,23.8794
2018-12-27,23.4593
2018-12-28,23.2163
2019-01-02,22.6772
2019-01-03,22.4258
2019-01-04,21.728
2019-01-07,22.1103
2019-01-08,21.1121
2019-01-09,19.5034
2019-01-10,19.2805
2019-01-11,18.8069
2019-01-14,19.0075
2019-01-15,18.1373
2019-01-16,17.1185
2019-01-17,17.4044
2019-01-18,17.8985
2019-01-21,19.3245
2019-01-22,17.8329
2019-01-23,17.3036
2019-01-24,15.7249
2019-01-25,15.4387
2019-01-28,16.9356
2019-01-29,18.363
2019-01-30,18.9777
2019-01-31,18.7295
2019-02-01,19.1343
2019-02-11,19.249
2019-02-12,18.8902
2019-02-13,20.1552
2019-02-14,21.5961
2019-02-15,20.8864
2019-02-18,22.0391
2019-02-19,23.0343
2019-02-20,23.5742
2019-02-21,23.3197
2019-02-22,22.8502
2019-02-25,27.2522
2019-02-26,31.3576
2019-02-27,31.1273
2019-02-28,28.6795
2019-03-01,27.6977
2019-03-04,30.1146
2019-03-05,30.8969
2019-03-06,31.9001
2019-03-07,33.1247
2019-03-08,33.3543
2019-03-11,30.5439
2019-03-12,30.6211
2019-03-13,30.5686
2019-03-14,29.3823
2019-03-15,27.7194
2019-03-18,28.5122
2019-03-19,29.2165
2019-03-20,29.2969
2019-03-21,29.9196
2019-03-22,29.58
2019-03-25,27.7415
2019-03-26,26.0874
2019-03-27,25.1514
2019-03-28,23.7382
2019-03-29,24.6724
2019-04-01,26.7264
2019-04-02,29.1632
2019-04-03,28.637
2019-04-04,30.4023
2019-04-08,32.4803
2019-04-09,30.6749
2019-04-10,30.8711
2019-04-11,30.7967
2019-04-12,28.215
2019-04-15,28.2938
2019-04-16,28.1131
2019-04-17,29.1777
2019-04-18,29.0292
2019-04-19,28.5844
2019-04-22,29.9853
2019-04-23,28.0611
2019-04-24,27.5112
2019-04-25,27.2003
2019-04-26,26.4074
2019-04-29,25.8859
2019-04-30,26.0521
2019-05-06,29.8194
2019-05-07,26.7245
2019-05-08,27.7356
2019-05-09,29.5212
2019-05-10,29.5351
2019-05-13,28.345
2019-05-14,27.3937
2019-05-15,25.6192
2019-05-16,24.4
2019-05-17,24.2038
2019-05-20,23.7573
2019-05-21,22.97
2019-05-22,22.0787
2019-05-23,22.4151
2019-05-24,22.4941
2019-05-27,23.8694
2019-05-28,22.7274
2019-05-29,21.8692
2019-05-30,22.055
2019-05-31,22.7037
2019-06-03,23.0321
2019-06-04,23.5482
2019-06-05,23.1672
2019-06-06,23.1508
2019-06-10,22.0534
2019-06-11,20.8896
2019-06-12,21.3627
2019-06-13,21.016
2019-06-14,20.9447
2019-06-17,20.8493
2019-06-18,20.1337
2019-06-19,19.0515
2019-06-20,22.6827
2019-06-21,25.3224
2019-06-24,26.4815
2019-06-25,26.5415
2019-06-26,26.5228
2019-06-27,26.6822
2019-06-28,27.6941
2019-07-01,25.4012
2019-07-02,24.8904
2019-07-03,23.9353
2019-07-04,23.4981
2019-07-05,24.1996
2019-07-08,23.3124
2019-07-09,22.2815
2019-07-10,22.3269
2019-07-11,22.6676
2019-07-12,22.5774
2019-07-15,22.732
2019-07-16,23.0098
2019-07-17,22.5344
2019-07-18,22.1915
2019-07-19,23.1513
2019-07-22,22.0029
2019-07-23,20.9092
2019-07-24,19.986
2019-07-25,19.0594
2019-07-26,19.2376
2019-07-29,19.9749
2019-07-30,20.0738
2019-07-31,20.4228
2019-08-01,18.3708
2019-08-02,18.923
2019-08-05,20.815
2019-08-06,22.4572
2019-08-07,21.6542
2019-08-08,21.1624
2019-08-09,20.5405
2019-08-12,20.9417
2019-08-13,20.8637
2019-08-14,20.2153
2019-08-15,20.8219
2019-08-16,20.7463
2019-08-19,21.3661
2019-08-20,21.2131
2019-08-21,20.3396
2019-08-22,20.1251
2019-08-23,20.4411
2019-08-26,21.6918
2019-08-27,20.5429
2019-08-28,20.3296
2019-08-29,19.3983
2019-08-30,19.4493
2019-09-02,18.7112
2019-09-03,18.709
2019-09-04,18.1907
2019-09-05,19.0342
2019-09-06,19.6381
2019-09-09,20.6674
2019-09-10,20.2111
2019-09-11,20.1307
2019-09-12,19.8911
2019-09-16,19.133
2019-09-17,18.6391
2019-09-18,18.2391
2019-09-19,18.0406
2019-09-20,17.4002
2019-09-23,17.5005
2019-09-24,17.1619
2019-09-25,17.4558
2019-09-26,17.3914
2019-09-27,17.831
2019-09-30,17.9595
2019-10-08,16.5323
2019-10-09,15.7645
2019-10-10,16.1124
2019-10-11,16.294
2019-10-14,15.8044
2019-10-15,15.4048
2019-10-16,14.6407
2019-10-17,15.3945
2019-10-18,15.3087
2019-10-21,14.7796
2019-10-22,14.5263
2019-10-23,14.7722
2019-10-24,14.3941
2019-10-25,14.0598
2019-10-28,14.2206
2019-10-29,14.4786
2019-10-30,14.7485
2019-10-31,14.9372
2019-11-01,14.8357
2019-11-04,14.9954
2019-11-05,15.4707
2019-11-06,15.1958
2019-11-07,15.3836
2019-11-08,15.4632
2019-11-11,15.6991
2019-11-12,15.1915
2019-11-13,15.4351
2019-11-14,15.7275
2019-11-15,15.7029
2019-11-18,14.8491
2019-11-19,14.4586
2019-11-20,14.054
2019-11-21,14.1913
2019-11-22,14.7571
2019-11-25,14.7707
2019-11-26,14.8239
2019-11-27,14.5408
2019-11-28,13.953
2019-11-29,14.2894
2019-12-02,13.5041
2019-12-03,13.415
2019-12-04,13.4354
2019-12-05,13.0761
2019-12-06,12.7577
2019-12-09,13.0453
2019-12-10,13.0219
2019-12-11,12.7349
2019-12-12,12.9548
2019-12-13,14.4435
2019-12-16,14.0145
2019-12-17,14.4418
2019-12-18,14.8157
2019-12-19,15.3522
2019-12-20,15.1518
2019-12-23,15.0757
2019-12-24,14.1791
2019-12-25,14.274
2019-12-26,13.8044
2019-12-27,14.0655
2019-12-30,15.4597
2019-12-31,15.8644
2020-01-02,16.1905
2020-01-03,15.9721
2020-01-06,16.5447
2020-01-07,16.8142
2020-01-08,16.4467
2020-01-09,16.2786
2020-01-10,15.9106
2020-01-13,15.6055
2020-01-14,15.3424
2020-01-15,15.2486
2020-01-16,14.4228
2020-01-17,13.9842
2020-01-20,14.6735
2020-01-21,16.0943
2020-01-22,15.3619
2020-01-23,17.1614
2020-02-03,16.9515
2020-02-04,23.7844
2020-02-05,21.1834
2020-02-06,21.3585
2020-02-07,22.707
2020-02-10,22.2886
2020-02-11,20.4874
2020-02-12,19.6847
2020-02-13,20.0449
2020-02-14,19.2704
2020-02-17,19.5118
2020-02-18,19.5173
2020-02-19,19.9063
2020-02-20,20.1359
2020-02-21,21.2726
2020-02-24,23.325
2020-02-25,23.5543
2020-02-26,24.2322
2020-02-27,20.7402
2020-02-28,24.0378
2020-03-02,21.7374
2020-03-03,21.1453
2020-03-04,21.34
2020-03-05,21.8917
2020-03-06,23.2372
2020-03-09,28.3082
2020-03-10,27.882
2020-03-11,27.7746
2020-03-12,30.2616
2020-03-13,35.151
2020-03-16,34.9636
2020-03-17,38.2764
2020-03-18,31.5734
2020-03-19,34.904
2020-03-20,33.1643
2020-03-23,36.3734
2020-03-24,34.5657
2020-03-25,33.8708
2020-03-26,32.6269
2020-03-27,32.7772
2020-03-30,31.7342
2020-03-31,29.4917
2020-04-01,27.7693
2020-04-02,26.6384
2020-04-03,27.527
2020-04-07,25.2199
2020-04-08,24.0337
2020-04-09,22.884
2020-04-10,22.1194
2020-04-13,20.6417
2020-04-14,19.8768
2020-04-15,20.5492
2020-04-16,20.0624
2020-04-17,20.0558
2020-04-20,20.5775
2020-04-21,20.5571
2020-04-22,20.2834
2020-04-23,19.5582
2020-04-24,19.2692
2020-04-27,18.6218
2020-04-28,18.7502
2020-04-29,19.6061
2020-04-30,21.6749
2020-05-06,20.9618
2020-05-07,19.8797
2020-05-08,19.0734
2020-05-11,19.3759
2020-05-12,19.5518
2020-05-13,19.3943
2020-05-14,19.3751
2020-05-15,19.0585
2020-05-18,18.6338
2020-05-19,17.9745
2020-05-20,18.1351
2020-05-21,18.9957
2020-05-22,21.824
2020-05-25,19.6559
2020-05-26,19.1355
2020-05-27,19.9086
2020-05-28,19.5424
2020-05-29,19.757
2020-06-01,17.7399
2020-06-02,17.5894
2020-06-03,18.2559
2020-06-04,18.3909
2020-06-05,17.7698
2020-06-08,17.7265
2020-06-09,17.8324
2020-06-10,18.1686
2020-06-11,18.5564
2020-06-12,18.1722
2020-06-15,19.4955
2020-06-16,17.7266
2020-06-17,18.0053
2020-06-18,18.2441
2020-06-19,18.6431
2020-06-22,19.9509
2020-06-23,20.3542
2020-06-24,20.0705
2020-06-29,18.5402
2020-06-30,17.6825
2020-07-01,18.6532
2020-07-02,22.387
2020-07-03,24.5131
2020-07-06,32.7784
2020-07-07,32.1875
2020-07-08,33.288000000000004
2020-07-09,33.3095
2020-07-10,32.3707
2020-07-13,29.3705
2020-07-14,29.4383
2020-07-15,29.8126
2020-07-16,31.7858
2020-07-17,27.8867
2020-07-20,28.342
2020-07-21,27.0383
2020-07-22,26.8181
2020-07-23,27.8029
2020-07-24,30.829
2020-07-27,29.5264
2020-07-28,28.9576
2020-07-29,29.4759
2020-07-30,29.6679
2020-07-31,30.7103
2020-08-03,31.661
2020-08-04,31.2066
2020-08-05,31.3227
2020-08-06,31.4546
2020-08-07,30.6383
2020-08-10,30.611
2020-08-11,29.6646
2020-08-12,29.2823
2020-08-13,28.8018
2020-08-14,28.1838
2020-08-17,31.0358
2020-08-18,30.7582
2020-08-19,29.6933
2020-08-20,29.1134
2020-08-21,28.9937
2020-08-24,28.1952
2020-08-25,27.4682
2020-08-26,28.4777
2020-08-27,26.2901
2020-08-28,26.7336
2020-08-31,26.429
2020-09-01,26.3597
2020-09-02,26.8331
2020-09-03,26.9483
2020-09-04,26.7572
2020-09-07,27.131
2020-09-08,26.5009
2020-09-09,27.272
2020-09-10,25.5883
2020-09-11,24.4015
2020-09-14,23.105
2020-09-15,22.6357
2020-09-16,21.8756
2020-09-17,21.8942
2020-09-18,23.1416
2020-09-21,23.5564
2020-09-22,23.8344
2020-09-23,23.2152
2020-09-24,24.327
2020-09-25,24.7584
2020-09-28,26.07800000000001
2020-09-29,27.2097
2020-09-30,27.6679
2020-10-09,22.7057
2020-10-12,24.4723
2020-10-13,24.3476
2020-10-14,23.6031
2020-10-15,24.1063
2020-10-16,23.94400000000001
2020-10-19,23.0871
2020-10-20,22.4465
2020-10-21,22.6131
2020-10-22,22.7942
2020-10-23,23.2137
2020-10-26,23.1939
2020-10-27,23.5035
2020-10-28,23.0594
2020-10-29,22.8294
2020-10-30,23.7597
2020-11-02,24.5597
2020-11-03,24.485
2020-11-04,22.9156
2020-11-05,22.395
2020-11-06,22.0124
2020-11-09,23.1262
2020-11-10,22.9642
2020-11-11,22.4033
2020-11-12,21.9717
2020-11-13,21.2522
2020-11-16,21.2214
2020-11-17,20.919
2020-11-18,21.5207
2020-11-19,21.7606
2020-11-20,20.8518
2020-11-23,22.1871
2020-11-24,21.3599
2020-11-25,20.9773
2020-11-26,19.828
2020-11-27,20.5074
2020-11-30,20.6341
2020-12-01,23.2017
2020-12-02,23.813
2020-12-03,23.6148
2020-12-04,22.8107
2020-12-07,21.6104
2020-12-08,20.6777
2020-12-09,20.0344
2020-12-10,19.1227
2020-12-11,19.662
2020-12-14,18.9881
2020-12-15,19.0084
2020-12-16,19.0278
2020-12-17,19.2261
2020-12-18,18.6581
2020-12-21,19.9188
2020-12-22,19.7632
2020-12-23,19.6293
2020-12-24,18.8151
2020-12-25,18.6751
2020-12-28,19.049
2020-12-29,19.4231
2020-12-30,19.4734
2020-12-31,20.5245
2021-01-04,21.1005
2021-01-05,20.9711
2021-01-06,22.602
2021-01-07,25.5841
2021-01-08,25.7888
2021-01-11,23.5268
2021-01-12,24.759
2021-01-13,24.5281
2021-01-14,24.1851
2021-01-15,22.3842
2021-01-18,22.6905
2021-01-19,22.9005
2021-01-20,22.6708
2021-01-21,23.724
2021-01-22,22.6901
2021-01-25,23.4982
2021-01-26,23.3756
2021-01-27,22.9004
2021-01-28,24.4313
2021-01-29,24.6019
2021-02-01,24.9637
2021-02-02,23.2082
2021-02-03,22.0077
2021-02-04,23.0125
2021-02-05,23.4678
2021-02-08,23.7298
2021-02-09,23.3412
2021-02-10,24.5746
2021-02-18,24.5579
2021-02-19,22.4372
2021-02-22,24.5218
2021-02-23,23.9316
2021-02-24,24.838
2021-02-25,23.0909
2021-02-26,25.6378
2021-03-01,24.2123
2021-03-02,23.6274
2021-03-03,23.3543
2021-03-04,25.1759
2021-03-05,25.8534
2021-03-08,27.174
2021-03-09,26.8887
2021-03-10,26.2103
2021-03-11,24.2707
2021-03-12,22.8834
2021-03-15,23.5713
2021-03-16,22.8589
2021-03-17,23.0168
2021-03-18,22.5478
2021-03-19,23.1119
2021-03-22,22.3856
2021-03-23,21.6455
2021-03-24,22.0857
2021-03-25,21.202
2021-03-26,20.2659
2021-03-29,20.3128
2021-03-30,20.3184
2021-03-31,19.9931
2021-04-01,19.2662
2021-04-02,19.3942
2021-04-06,19.6875
2021-04-07,19.0485
2021-04-08,18.7141
2021-04-09,18.557
2021-04-12,19.4452
2021-04-13,19.4752
2021-04-14,19.313
2021-04-15,19.4336
2021-04-16,19.1762
2021-04-19,19.6526
2021-04-20,19.7468
2021-04-21,19.9413
2021-04-22,19.8608
2021-04-23,19.9132
2021-04-26,20.6072
2021-04-27,20.3749
2021-04-28,20.0314
2021-04-29,19.9331
2021-04-30,19.6139
2021-05-06,19.5825
2021-05-07,19.3769
2021-05-10,19.3019
2021-05-11,19.5607
2021-05-12,19.822
2021-05-13,19.9567
2021-05-14,20.2536
2021-05-17,21.1032
2021-05-18,20.7765
2021-05-19,20.0727
2021-05-20,20.0696
2021-05-21,19.8458
2021-05-24,19.9567
2021-05-25,21.8443
2021-05-26,21.8867
2021-05-27,22.8135
2021-05-28,22.6515
2021-05-31,23.0692
2021-06-01,22.8338
2021-06-02,21.4739
2021-06-03,20.729
2021-06-04,20.845
2021-06-07,21.4075
2021-06-08,21.9118
2021-06-09,21.1052
2021-06-10,20.3065
2021-06-11,20.5002
2021-06-15,20.0827
2021-06-16,21.1223
2021-06-17,19.8286
2021-06-18,19.9028
2021-06-21,20.3819
2021-06-22,19.9708
2021-06-23,18.6439
2021-06-24,17.9257
2021-06-25,18.1536
2021-06-28,18.5086
2021-06-29,18.2692
2021-06-30,18.8078
2021-07-01,18.4544
2021-07-02,19.1819
2021-07-05,18.4476
2021-07-06,18.2102
2021-07-07,17.7638
2021-07-08,18.6319
2021-07-09,18.5377
2021-07-12,19.1148
2021-07-13,18.8103
2021-07-14,18.8371
2021-07-15,18.483
2021-07-16,18.6147
2021-07-19,18.7394
2021-07-20,19.127
2021-07-21,18.5898
2021-07-22,18.4745
2021-07-23,18.3902
2021-07-26,21.9102
2021-07-27,23.7483
2021-07-28,22.5982
2021-07-29,20.9823
2021-07-30,20.3718
2021-08-02,20.5153
2021-08-03,19.6723
2021-08-04,19.8078
2021-08-05,19.5193
2021-08-06,19.0668
2021-08-09,19.0902
2021-08-10,19.656
2021-08-11,19.3949
2021-08-12,19.313
2021-08-13,19.117
2021-08-16,19.6816
2021-08-17,20.7061
2021-08-18,19.6364
2021-08-19,20.1653
2021-08-20,21.8518
2021-08-23,21.3941
2021-08-24,20.1916
2021-08-25,20.0658
2021-08-26,20.4155
2021-08-27,20.1328
2021-08-30,20.9131
2021-08-31,20.6984
2021-09-01,21.0073
2021-09-02,21.4899
2021-09-03,21.2677
2021-09-06,21.081
2021-09-07,21.1728
2021-09-08,21.4278
2021-09-09,21.2631
2021-09-10,20.9502
2021-09-13,21.3407
2021-09-14,20.9234
2021-09-15,21.1508
2021-09-16,21.7937
2021-09-17,20.3437
2021-09-22,21.8591
2021-09-23,20.9883
2021-09-24,19.9909
2021-09-27,20.4486
2021-09-28,20.7332
2021-09-29,21.3583
2021-09-30,21.4976
2021-10-08,19.7201
2021-10-11,19.5367
2021-10-12,19.3481
2021-10-13,19.4591
2021-10-14,19.2785
2021-10-15,18.9505
2021-10-18,19.8909
2021-10-19,18.9229
2021-10-20,18.8813
2021-10-21,19.135
2021-10-22,19.0969
2021-10-25,19.841
2021-10-26,19.6682
2021-10-27,19.488
2021-10-28,19.3439
2021-10-29,19.1418
2021-11-01,19.6675
2021-11-02,20.5386
2021-11-03,20.7956
2021-11-04,19.7549
2021-11-05,19.3624
2021-11-08,20.1339
2021-11-09,20.1584
2021-11-10,20.0431
2021-11-11,19.5723
2021-11-12,19.2805
2021-11-15,19.6287
2021-11-16,19.3542
2021-11-17,19.3242
2021-11-18,19.1682
2021-11-19,18.8144
2021-11-22,18.7502
2021-11-23,18.442
2021-11-24,18.0472
2021-11-25,17.2993
2021-11-26,17.2738
2021-11-29,17.5045
2021-11-30,17.479
2021-12-01,17.1715
2021-12-02,16.7314
2021-12-03,16.214000000000002
2021-12-06,16.6081
2021-12-07,16.6875
2021-12-08,17.8897
2021-12-09,18.6536
2021-12-10,18.1211
2021-12-13,18.4736
2021-12-14,18.0159
2021-12-15,17.4345
2021-12-16,17.3605
2021-12-17,17.4207
2021-12-20,18.154
2021-12-21,17.6387
2021-12-22,17.373
2021-12-23,16.3515
2021-12-24,16.6148
2021-12-27,16.9906
2021-12-28,17.1717
2021-12-29,18.7173
2021-12-30,17.836
2021-12-31,18.0337
2022-01-04,18.4104
2022-01-05,18.9264
2022-01-06,19.0504
2022-01-07,18.2946
2022-01-10,18.4321
2022-01-11,18.3914
2022-01-12,17.7332
2022-01-13,18.9078
2022-01-14,19.2399
2022-01-17,18.6349
2022-01-18,18.0273
2022-01-19,18.222
2022-01-20,18.1424
2022-01-21,18.1674
2022-01-24,19.1415
2022-01-25,21.2092
2022-01-26,20.211
2022-01-27,20.6032
2022-01-28,23.0754
2022-02-07,19.8799
2022-02-08,18.8718
2022-02-09,18.311
2022-02-10,17.8199
2022-02-11,17.5435
2022-02-14,18.3402
2022-02-15,18.2734
2022-02-16,17.5128
2022-02-17,17.4407
2022-02-18,17.0585
2022-02-21,17.3297
2022-02-22,18.2102
2022-02-23,17.2956
2022-02-24,18.6856
2022-02-25,17.8733
2022-02-28,18.1824
2022-03-01,17.164
2022-03-02,17.1181
2022-03-03,17.4858
2022-03-04,17.3733
2022-03-07,20.3104
2022-03-08,21.8551
2022-03-09,24.0606
2022-03-10,21.4316
2022-03-11,22.3772
2022-03-14,25.0855
2022-03-15,26.1318
2022-03-16,27.1485
2022-03-17,24.5824
2022-03-18,23.7839
2022-03-21,23.5228
2022-03-22,22.3675
2022-03-23,20.587
2022-03-24,19.5102
2022-03-25,21.2854
2022-03-28,22.5609
2022-03-29,22.6302
2022-03-30,20.9524
2022-03-31,20.8306
2022-04-01,20.3861
2022-04-06,20.2601
2022-04-07,21.1269
2022-04-08,20.4678
2022-04-11,23.0824
2022-04-12,21.9808
2022-04-13,21.8643
2022-04-14,20.9467
2022-04-15,21.02
2022-04-18,21.7393
2022-04-19,21.5489
2022-04-20,22.7919
2022-04-21,23.9015
2022-04-22,23.2467
2022-04-25,27.1568
2022-04-26,25.405
2022-04-27,26.5733
2022-04-28,23.7515
2022-04-29,22.8761
2022-05-05,23.198
2022-05-06,24.2615
2022-05-09,24.6596
2022-05-10,24.6975
2022-05-11,23.7461
2022-05-12,24.1834
2022-05-13,23.5352
2022-05-16,23.8455
2022-05-17,22.9016
2022-05-18,22.1664
2022-05-19,22.0068
2022-05-20,22.0902
2022-05-23,21.4938
2022-05-24,22.0529
2022-05-25,21.2797
2022-05-26,20.4775
2022-05-27,19.872
2022-05-30,20.1205
2022-05-31,20.4385
2022-06-01,20.3173
2022-06-02,20.1759
2022-06-06,20.5615
2022-06-07,20.8246
2022-06-08,21.6879
2022-06-09,21.1564
2022-06-10,20.8682
2022-06-13,21.6405
2022-06-14,21.8816
2022-06-15,23.0293
2022-06-16,21.6147
2022-06-17,22.3248
2022-06-20,22.6499
2022-06-21,22.1647
2022-06-22,20.9525
2022-06-23,20.8908
2022-06-24,20.6748
2022-06-27,22.0314
2022-06-28,21.8921
2022-06-29,21.9367
2022-06-30,23.0911
2022-07-01,22.8793
2022-07-04,23.1312
2022-07-05,23.0719
2022-07-06,22.7322
2022-07-07,22.2669
2022-07-08,21.5983
2022-07-11,21.932
2022-07-12,21.2824
2022-07-13,20.9201
2022-07-14,20.529
2022-07-15,20.5456
2022-07-18,21.3464
2022-07-19,21.0226
2022-07-20,20.3381
2022-07-21,20.5134
2022-07-22,20.0335
2022-07-25,20.5383
2022-07-26,19.5927
2022-07-27,19.942
2022-07-28,19.7689
2022-07-29,20.7135
2022-08-01,21.0951
2022-08-02,24.3918
2022-08-03,22.9152
2022-08-04,21.0334
2022-08-05,19.5868
2022-08-08,19.7299
2022-08-09,19.5235
2022-08-10,19.7968
2022-08-11,20.0585
2022-08-12,19.2154
2022-08-15,19.5308
2022-08-16,19.177
2022-08-17,18.9778
2022-08-18,19.4096
2022-08-19,18.7013
2022-08-22,18.3818
2022-08-23,17.913
2022-08-24,18.8707
2022-08-25,17.7998
2022-08-26,16.9729
2022-08-29,17.9586
2022-08-30,17.4687
2022-08-31,17.6283
2022-09-01,17.8028
2022-09-02,18.1921
2022-09-05,18.9002
2022-09-06,17.7712
2022-09-07,17.6742
2022-09-08,17.1478
2022-09-09,16.6354
2022-09-13,16.8537
2022-09-14,16.9621
2022-09-15,17.1951
2022-09-16,18.4276
2022-09-19,18.6411
2022-09-20,18.1722
2022-09-21,19.0296
2022-09-22,18.9098
2022-09-23,18.9239
2022-09-26,19.8553
2022-09-27,18.9092
2022-09-28,19.3845
2022-09-29,18.7448
2022-09-30,18.1053
2022-10-10,19.6293
2022-10-11,19.7034
2022-10-12,20.1064
2022-10-13,20.6053
2022-10-14,19.3904
2022-10-17,19.3203
2022-10-18,18.7868
2022-10-19,19.3914
2022-10-20,20.1361
2022-10-21,20.5104
2022-10-24,24.019
2022-10-25,23.9369
2022-10-26,22.4206
2022-10-27,22.1215
2022-10-28,23.6563
2022-10-31,25.6575
2022-11-01,23.2292
2022-11-02,22.2536
2022-11-03,22.3057
2022-11-04,22.5203
2022-11-07,23.3036
2022-11-08,22.6411
2022-11-09,22.432
2022-11-10,22.5858
2022-11-11,22.2384
2022-11-14,23.4348
2022-11-15,23.7315
2022-11-16,23.3873
2022-11-17,22.653
2022-11-18,22.1346
2022-11-21,21.9089
2022-11-22,22.3073
2022-11-23,22.4152
2022-11-24,22.2564
2022-11-25,21.5557
2022-11-28,23.1657
2022-11-29,24.1688
2022-11-30,23.497
2022-12-01,20.8019
2022-12-02,20.5732
2022-12-05,20.8007
2022-12-06,20.7599
2022-12-07,20.6706
2022-12-08,20.1867
2022-12-09,19.8094
2022-12-12,20.063
2022-12-13,20.1533
2022-12-14,19.7008
2022-12-15,18.9537
2022-12-16,18.5945
2022-12-19,19.1881
2022-12-20,19.587
2022-12-21,19.0836
2022-12-22,18.1482
2022-12-23,18.6049
2022-12-26,18.8392
2022-12-27,18.2075
2022-12-28,17.7659
2022-12-29,17.4556
2022-12-30,16.8943
2023-01-03,17.0942
2023-01-04,17.018
2023-01-05,17.1507
2023-01-06,17.5098
2023-01-09,18.8717
2023-01-10,18.7964
2023-01-11,18.5301
2023-01-12,18.4188
2023-01-13,17.0959
2023-01-16,18.4866
2023-01-17,19.2112
2023-01-18,19.5278
2023-01-19,20.4145
2023-01-20,19.483
2023-01-30,20.1743
2023-01-31,19.2679
2023-02-01,19.6703
2023-02-02,19.8121
2023-02-03,19.9121
2023-02-06,20.8228
2023-02-07,20.4544
2023-02-08,19.9559
2023-02-09,19.5294
2023-02-10,18.7909
2023-02-13,18.9784
2023-02-14,18.7885
2023-02-15,18.3146
2023-02-16,18.3973
2023-02-17,18.6989
2023-02-20,19.3226
2023-02-21,19.3259
2023-02-22,18.7886
2023-02-23,18.3293
2023-02-24,18.7172
2023-02-27,19.1216
2023-02-28,18.2351
2023-03-01,17.997
2023-03-02,17.9313
2023-03-03,18.0324
2023-03-06,17.8148
2023-03-07,18.2536
2023-03-08,18.149
2023-03-09,18.0588
2023-03-10,18.4023
2023-03-13,18.4042
2023-03-14,18.7311
2023-03-15,17.8325
2023-03-16,18.025
2023-03-17,17.4194
2023-03-20,18.147
2023-03-21,17.9641
2023-03-22,17.5424
2023-03-23,16.6045
2023-03-24,16.4237
2023-03-27,17.1081
2023-03-28,16.6812
2023-03-29,16.6071
2023-03-30,16.2394
2023-03-31,16.1622
2023-04-03,16.9564
2023-04-04,16.6712
2023-04-06,17.1814
2023-04-07,16.4386
2023-04-10,16.4539
2023-04-11,16.0094
2023-04-12,15.6741
2023-04-13,15.1258
2023-04-14,14.9535
2023-04-17,15.7757
2023-04-18,15.4447
2023-04-19,15.1835
2023-04-20,14.9617
2023-04-21,15.72
2023-04-24,17.1645
2023-04-25,17.332
2023-04-26,16.5004
2023-04-27,15.2926
2023-04-28,14.9527
2023-05-04,15.7061
2023-05-05,15.4511
2023-05-08,16.297
2023-05-09,16.4029
2023-05-10,16.4245
2023-05-11,16.0168
2023-05-12,16.3517
2023-05-15,16.233
2023-05-16,16.4691
2023-05-17,16.9073
2023-05-18,16.0507
2023-05-19,15.8612
2023-05-22,15.6288
2023-05-23,15.9575
2023-05-24,16.6073
2023-05-25,16.9289
2023-05-26,16.2406
2023-05-29,16.7449
2023-05-30,16.5109
2023-05-31,17.7755
2023-06-01,17.8962
2023-06-02,16.6904
2023-06-05,16.8009
2023-06-06,17.1967
2023-06-07,17.3541
2023-06-08,17.2378
2023-06-09,16.5386
2023-06-12,16.6467
2023-06-13,16.2214
2023-06-14,16.2179
2023-06-15,15.6273
2023-06-16,15.3466
2023-06-19,16.1109
2023-06-20,15.6697
2023-06-21,16.0625
2023-06-26,17.4696
2023-06-27,16.6423
2023-06-28,15.9523
2023-06-29,15.6527
2023-06-30,15.4233
2023-07-03,15.0275
2023-07-04,14.7525
2023-07-05,14.9938
2023-07-06,15.2533
2023-07-07,15.4087
2023-07-10,15.4025
2023-07-11,14.9972
2023-07-12,15.3458
2023-07-13,14.9032
2023-07-14,14.7787
2023-07-17,15.1515
2023-07-18,15.038
2023-07-19,15.1246
2023-07-20,15.7258
2023-07-21,15.1496
2023-07-24,15.203
2023-07-25,15.8685
2023-07-26,15.8342
2023-07-27,15.2224
2023-07-28,16.6555
2023-07-31,18.268
2023-08-01,17.9701
2023-08-02,17.7339
2023-08-03,18.2883
2023-08-04,18.515
2023-08-07,18.8434
2023-08-08,18.9517
2023-08-09,19.0251
2023-08-10,18.9549
2023-08-11,19.0209
2023-08-14,18.8882
2023-08-15,18.3763
2023-08-16,18.9853
2023-08-17,18.8997
2023-08-18,19.6701
2023-08-21,20.9465
2023-08-22,20.2073
2023-08-23,20.4844
2023-08-24,19.6936
2023-08-25,20.7
2023-08-28,22.8304
2023-08-29,20.6136
2023-08-30,19.4032
2023-08-31,18.4137
2023-09-01,17.9247
2023-09-04,17.1974
2023-09-05,17.109
2023-09-06,16.9866
2023-09-07,17.36
2023-09-08,17.7837
2023-09-11,17.3509
2023-09-12,16.9377
2023-09-13,16.862000000000002
2023-09-14,16.5996
2023-09-15,16.9724
2023-09-18,17.0724
2023-09-19,16.6994
2023-09-20,16.4898
2023-09-21,16.5523
2023-09-22,16.7111
2023-09-25,16.6967
2023-09-26,16.8223
2023-09-27,16.9878
2023-09-28,16.7
2023-10-09,16.0582
2023-10-10,15.9599
2023-10-11,15.6009
2023-10-12,15.232
2023-10-13,15.6214
2023-10-16,16.4423
2023-10-17,15.8668
2023-10-18,15.8051
2023-10-19,17.783
2023-10-20,19.3163
2023-10-23,20.4192
2023-10-24,18.9158
2023-10-25,17.3508
2023-10-26,16.5265
2023-10-27,16.076
2023-10-30,16.585
2023-10-31,16.3805
2023-11-01,16.2937
2023-11-02,16.0119
2023-11-03,15.5256
2023-11-06,16.3737
2023-11-07,16.1244
2023-11-08,16.1005
2023-11-09,16.1601
2023-11-10,16.359
2023-11-13,16.7462
2023-11-14,16.546
2023-11-15,16.2354
2023-11-16,15.8755
2023-11-17,15.2045
2023-11-20,14.7536
2023-11-21,14.6259
2023-11-22,14.9828
2023-11-23,14.4419
2023-11-24,14.8078
2023-11-27,15.6018
2023-11-28,15.4098
2023-11-29,15.5926
2023-11-30,15.3466
2023-12-01,15.5081
2023-12-04,16.3564
2023-12-05,18.2446
2023-12-06,17.3557
2023-12-07,17.2461
2023-12-08,16.8819
2023-12-11,17.6323
2023-12-12,17.1043
2023-12-13,17.9044
2023-12-14,18.177
2023-12-15,18.0232
2023-12-18,18.4738
2023-12-19,18.5826
2023-12-20,19.1115
2023-12-21,18.4059
2023-12-22,17.6914
2023-12-25,17.3427
2023-12-26,17.6462
2023-12-27,17.3981
2023-12-28,16.5579
2023-12-29,16.0562
2024-01-02,16.3165
2024-01-03,16.2625
2024-01-04,16.5992
2024-01-05,17.1499
2024-01-08,19.272
2024-01-09,18.293
2024-01-10,18.3877
2024-01-11,18.2461
2024-01-12,18.1713
2024-01-15,17.2664
2024-01-16,16.607
2024-01-17,19.0333
2024-01-18,18.4308
2024-01-19,17.4433
2024-01-22,21.1498
2024-01-23,19.4979
2024-01-24,18.2022
2024-01-25,17.2524
2024-01-26,16.8057
2024-01-29,17.7677
2024-01-30,19.0443
2024-01-31,20.9013
2024-02-01,21.0455
2024-02-02,22.6276
2024-02-05,23.8991
2024-02-06,20.8904
2024-02-07,20.3816
2024-02-08,20.1449
2024-02-19,20.8281
2024-02-20,19.1318
2024-02-21,19.2396
2024-02-22,20.1405
2024-02-23,20.5797
2024-02-26,20.1349
2024-02-27,19.8882
2024-02-28,20.3698
2024-02-29,19.1502
2024-03-01,18.7658
2024-03-04,18.9516
2024-03-05,17.910999999999994
2024-03-06,17.1884
2024-03-07,16.6753
2024-03-08,16.2027
2024-03-11,16.4046
2024-03-12,16.4266
2024-03-13,16.3589
2024-03-14,16.0423
2024-03-15,15.9212
2024-03-18,16.0155
2024-03-19,15.7817
2024-03-20,15.9943
2024-03-21,15.7436
2024-03-22,16.4745
2024-03-25,16.5281
2024-03-26,15.9901
2024-03-27,16.522000000000002
2024-03-28,15.575
2024-03-29,14.9495
2024-04-01,14.8841
2024-04-02,14.6708
2024-04-03,14.5883
2024-04-08,15.0533
2024-04-09,14.9289
2024-04-10,14.7433
2024-04-11,14.6
2024-04-12,14.8205
2024-04-15,15.5783
2024-04-16,16.2519
2024-04-17,15.4941
2024-04-18,15.633
2024-04-19,15.9537
2024-04-22,15.6989
2024-04-23,15.3265
2024-04-24,15.083
2024-04-25,14.534
2024-04-26,14.9878
2024-04-29,15.9431
2024-04-30,14.9096
2024-05-06,15.3676
2024-05-07,15.328
2024-05-08,14.9674
2024-05-09,15.0415
2024-05-10,14.8617
2024-05-13,15.0186
2024-05-14,14.8975
2024-05-15,14.8865
2024-05-16,14.3746
2024-05-17,14.8394
2024-05-20,14.3822
2024-05-21,14.0225
2024-05-22,14.0065
2024-05-23,14.0027
2024-05-24,14.703
2024-05-27,14.0469
2024-05-28,13.8695
2024-05-29,13.8364
2024-05-30,14.0207
2024-05-31,13.8505
2024-06-03,13.9875
2024-06-04,13.7423
2024-06-05,13.8457
2024-06-06,14.0503
2024-06-07,14.1262
2024-06-11,14.9363
2024-06-12,14.4965
2024-06-13,14.1208
2024-06-14,13.8703
2024-06-17,14.2831
2024-06-18,14.2869
2024-06-19,14.1348
2024-06-20,14.2563
2024-06-21,13.6734
2024-06-24,13.799
2024-06-25,14.6192
2024-06-26,13.8619
2024-06-27,13.6159
2024-06-28,12.9515
2024-07-01,12.8909
2024-07-02,12.4273
2024-07-03,12.2019
2024-07-04,12.1793
2024-07-05,12.9145
2024-07-08,13.7951
2024-07-09,13.354
2024-07-10,13.1565
2024-07-11,12.8813
2024-07-12,12.3889
2024-07-15,12.3775
2024-07-16,12.2592
2024-07-17,12.5669
2024-07-18,12.8007
2024-07-19,13.1344
2024-07-22,13.1276
2024-07-23,12.8771
2024-07-24,13.0875
2024-07-25,14.2587
2024-07-26,14.0011
2024-07-29,14.2473
2024-07-30,14.5838
2024-07-31,13.6846
2024-08-01,13.6644
2024-08-02,14.5011
2024-08-05,17.517
2024-08-06,16.8239
2024-08-07,15.1425
2024-08-08,14.1938
2024-08-09,13.8943
2024-08-12,13.8793
2024-08-13,13.9781
2024-08-14,14.0928
2024-08-15,13.565
2024-08-16,13.4509
2024-08-19,13.5196
2024-08-20,13.4301
2024-08-21,13.5332
2024-08-22,13.622
2024-08-23,13.1534
2024-08-26,13.2076
2024-08-27,12.9074
2024-08-28,13.1139
2024-08-29,12.8296
2024-08-30,12.5615
2024-09-02,13.4608
2024-09-03,13.2735
2024-09-04,13.9346
2024-09-05,13.8111
2024-09-06,13.2974
2024-09-09,14.9072
2024-09-10,15.4888
2024-09-11,15.8514
2024-09-12,14.9165
2024-09-13,14.1179
2024-09-18,14.6881
2024-09-19,14.0864
2024-09-20,13.3917
2024-09-23,13.0316
2024-09-24,16.4303
2024-09-25,17.5043
2024-09-26,21.7918
2024-09-27,24.0763
2024-09-30,26.4708
2024-10-08,48.3853
2024-10-09,39.2462
2024-10-10,35.8241
2024-10-11,36.1642
2024-10-14,30.226
2024-10-15,23.7002
2024-10-16,24.4062
2024-10-17,23.5952
2024-10-18,30.428
2024-10-21,30.7509
2024-10-22,29.1801
2024-10-23,26.3145
2024-10-24,25.4029
2024-10-25,26.5169
2024-10-28,28.3621
2024-10-29,27.6742
2024-10-30,28.9685
2024-10-31,30.8997
2024-11-01,31.38
2024-11-04,31.9955
2024-11-05,32.5207
2024-11-06,31.3452
2024-11-07,32.0595
2024-11-08,31.5857
2024-11-11,28.0084
2024-11-12,27.088
2024-11-13,25.8908
2024-11-14,25.9067
2024-11-15,24.9101
2024-11-18,25.9852
2024-11-19,26.1664
2024-11-20,24.6333
2024-11-21,23.0161
2024-11-22,24.3033
2024-11-25,23.7026
2024-11-26,23.1937
2024-11-27,23.4617
2024-11-28,21.422
2024-11-29,21.6281
2024-12-02,21.0914
2024-12-03,21.1746
2024-12-04,21.5098
2024-12-05,20.8684
2024-12-06,20.9256
2024-12-09,20.949
2024-12-10,21.8208
2024-12-11,21.9176
2024-12-12,22.0918
2024-12-13,21.4331
2024-12-16,20.4004
2024-12-17,20.4303
2024-12-18,20.4716
2024-12-19,20.4134
2024-12-20,19.5409
2024-12-23,19.143
2024-12-24,18.6048
2024-12-25,18.8493
2024-12-26,17.9529
2024-12-27,17.4773
2024-12-30,17.5343
2024-12-31,17.3775
2025-01-02,19.483
2025-01-03,19.6715
2025-01-06,20.7088
2025-01-07,18.5804
2025-01-08,17.9463
2025-01-09,17.4788
2025-01-10,17.4918
2025-01-13,18.397
2025-01-14,18.8434
2025-01-15,18.2578
2025-01-16,18.1918
2025-01-17,18.7683
2025-01-20,18.7268
2025-01-21,18.1564
2025-01-22,18.207
2025-01-23,18.727
2025-01-24,18.0805
2025-01-27,17.4763
2025-02-05,18.1391
2025-02-06,17.7113
2025-02-07,17.7198
2025-02-10,18.078
2025-02-11,17.5104
2025-02-12,17.5285
2025-02-13,16.8964
2025-02-14,16.5434
2025-02-17,17.2013
2025-02-18,17.2483
2025-02-19,16.7711
2025-02-20,16.4945
2025-02-21,16.6684
2025-02-24,16.6313
2025-02-25,16.7217
2025-02-26,16.7574
2025-02-27,16.373
2025-02-28,16.8651
2025-03-03,16.1789
2025-03-04,15.615
2025-03-05,15.2965
2025-03-06,15.7076
2025-03-07,14.9329
2025-03-10,14.9055
2025-03-11,15.2335
2025-03-12,15.205
2025-03-13,15.3759
2025-03-14,17.0166
2025-03-17,17.3113
2025-03-18,17.125999999999998
2025-03-19,17.3102
2025-03-20,16.3112
2025-03-21,15.8222
2025-03-24,15.3811
2025-03-25,15.0866
2025-03-26,14.8924
2025-03-27,14.223
2025-03-28,14.4906
2025-03-31,15.3967
2025-04-01,15.1481
2025-04-02,15.0545
2025-04-03,14.9998
2025-04-07,26.9395
2025-04-08,25.1409
2025-04-09,23.084
2025-04-10,20.3865
2025-04-11,19.3516
2025-04-14,17.3053
2025-04-15,16.3142
2025-04-16,16.927
2025-04-17,16.2627
2025-04-18,16.1898
2025-04-21,16.0576
2025-04-22,15.9776
2025-04-23,15.7664
2025-04-24,15.4419
2025-04-25,15.5101
2025-04-28,15.8235
2025-04-29,15.8221
2025-04-30,16.6767
2025-05-06,14.7322
2025-05-07,14.3601
2025-05-08,14.3586
2025-05-09,14.4153
2025-05-12,15.436
2025-05-13,14.7048
2025-05-14,16.364
2025-05-15,15.7494
2025-05-16,14.6793
2025-05-19,14.2626
2025-05-20,14.701
2025-05-21,14.9718
2025-05-22,15.6438
2025-05-23,15.9741
2025-05-26,15.5245
2025-05-27,15.4656
2025-05-28,15.4995
2025-05-29,14.9248
2025-05-30,14.6487
2025-06-03,14.3159
2025-06-04,14.1464
2025-06-05,14.2035
2025-06-06,13.9448
2025-06-09,14.263
2025-06-10,14.2109
2025-06-11,14.1885
2025-06-12,14.1586
2025-06-13,14.4554
2025-06-16,14.0522
2025-06-17,13.9685
2025-06-18,14.235
2025-06-19,14.3426
2025-06-20,13.5099
2025-06-23,13.3915
2025-06-24,14.0785
2025-06-25,16.701
2025-06-26,15.2681
2025-06-27,14.317
2025-06-30,14.4156
2025-07-01,14.1708
2025-07-02,13.9527
2025-07-03,13.989
2025-07-04,14.2966
2025-07-07,14.5482
2025-07-08,15.1799
2025-07-09,15.2134
2025-07-10,15.569
2025-07-11,16.1332
2025-07-14,16.042
2025-07-15,15.0877
2025-07-16,15.0076
2025-07-17,15.0536
2025-07-18,14.8362
2025-07-21,15.7162
2025-07-22,15.9585
2025-07-23,17.5635
2025-07-24,17.0592
2025-07-25,17.2271
2025-07-28,17.6157
2025-07-29,17.7078
2025-07-30,17.1908
2025-07-31,16.8698
2025-08-01,15.8551
2025-08-04,15.9164
2025-08-05,15.7135
2025-08-06,15.7226
2025-08-07,15.7505
2025-08-08,15.3846
2025-08-11,15.9528
2025-08-12,16.2973
2025-08-13,17.5906
2025-08-14,17.662
2025-08-15,19.6432
2025-08-18,21.8154
2025-08-19,20.2045
2025-08-20,21.0698
2025-08-21,20.8846
2025-08-22,22.5758
2025-08-25,26.9754
2025-08-26,25.3939
2025-08-27,24.1209
2025-08-28,24.8229
2025-08-29,24.3231
2025-09-01,22.7589
2025-09-02,22.6708
2025-09-03,21.6854
2025-09-04,21.4725
2025-09-05,20.1368
2025-09-08,19.8856
2025-09-09,19.008
2025-09-10,18.1607
2025-09-11,19.6846
2025-09-12,18.8237
2025-09-15,19.5984
2025-09-16,20.1837
2025-09-17,21.1303
2025-09-18,20.0471
2025-09-19,19.0624
2025-09-22,19.005
2025-09-23,18.7551
2025-09-24,18.4228
2025-09-25,17.4019
2025-09-26,17.6151
2025-09-29,18.754
2025-09-30,18.2968
2025-10-09,17.7398
2025-10-10,18.5392
2025-10-13,19.9275
2025-10-14,19.8421
2025-10-15,18.5481
2025-10-16,18.139
2025-10-17,18.7921
2025-10-20,17.8932
2025-10-21,16.9928
2025-10-22,16.7412
2025-10-23,16.9547
2025-10-24,16.9194
2025-10-27,17.3097
2025-10-28,17.0359
2025-10-29,17.3669
2025-10-30,17.102999999999998
2025-10-31,17.2303
2025-11-03,17.3112
2025-11-04,17.2659
2025-11-05,17.0566
2025-11-06,16.4597
2025-11-07,16.197
2025-11-10,17.1179
2025-11-11,17.4663
2025-11-12,17.2546
2025-11-13,16.9144
2025-11-14,16.9273
2025-11-17,17.4406
2025-11-18,18.2022
2025-11-19,17.503
2025-11-20,17.1393
2025-11-21,18.6027
2025-11-24,17.598
2025-11-25,16.1255
2025-11-26,15.4347
2025-11-27,14.6919
2025-11-28,14.3756
2025-12-01,14.0754
2025-12-02,14.0117
2025-12-03,14.0405
2025-12-04,13.7785
2025-12-05,13.6842
2025-12-08,14.1381
2025-12-09,14.0182
2025-12-10,14.2498
2025-12-11,14.3638
2025-12-12,13.8242
2025-12-15,14.247
2025-12-16,15.0701
2025-12-17,14.5477
2025-12-18,14.3838
2025-12-19,14.0709
2025-12-22,13.9179
2025-12-23,13.2997
2025-12-24,13.9424
2025-12-25,13.5791
2025-12-26,14.367
2025-12-29,14.3851
2025-12-30,14.9674
2025-12-31,14.6775
2026-01-05,15.5916
2026-01-06,18.9467
2026-01-07,18.1674
2026-01-08,17.442999999999998
2026-01-09,18.0638
2026-01-12,20.3877
2026-01-13,19.3496
2026-01-14,18.5784
2026-01-15,16.9905
2026-01-16,16.9671
2026-01-19,15.6036
2026-01-20,15.2499
2026-01-21,15.6402
2026-01-22,15.9307
2026-01-23,17.5784
2026-01-26,19.2964
2026-01-27,17.9156
2026-01-28,18.3001
2026-01-29,18.3311
2026-01-30,18.7895
2026-02-02,22.6704
2026-02-03,19.1283
2026-02-04,17.3342
2026-02-05,17.3255
2026-02-06,17.4887
2026-02-09,17.2981
2026-02-10,16.5815
2026-02-11,16.8378
2026-02-12,16.8756
2026-02-13,17.5413
2026-02-24,16.4375
2026-02-25,15.5901
2026-02-26,15.0155
2026-02-27,14.7656
2026-03-02,15.5099
2026-03-03,17.3848
2026-03-04,17.905
2026-03-05,15.9837
2026-03-06,15.2376
2026-03-09,16.7904
2026-03-10,15.9308
2026-03-11,15.8328
2026-03-12,15.9107
2026-03-13,16.8651
2026-03-16,16.2423
2026-03-17,16.0944
2026-03-18,15.8358
2026-03-19,17.3107
2026-03-20,18.0381
2026-03-23,23.1497
2026-03-24,19.8132
2026-03-25,17.2485
2026-03-26,18.1416
2026-03-27,17.3467
2026-03-30,18.1705
2026-03-31,17.7986
2026-04-01,16.4497
2026-04-02,17.3508
2026-04-03,18.3142
2026-04-07,17.5462
2026-04-08,16.3856
2026-04-09,15.5928
