,SH_510050SKEW
2015-02-09,103.6724
2015-02-10,103.1998
2015-02-11,103.1998
2015-02-12,103.1476
2015-02-13,104.8854
2015-02-16,104.5857
2015-02-17,106.3172
2015-02-25,102.7412
2015-02-26,102.7412
2015-02-27,104.5541
2015-03-02,104.3595
2015-03-03,100.1957
2015-03-04,100.2578
2015-03-05,98.2497
2015-03-06,98.8833
2015-03-09,102.2397
2015-03-10,100.5052
2015-03-11,101.1997
2015-03-12,105.1956
2015-03-13,105.3618
2015-03-16,105.3618
2015-03-17,105.3618
2015-03-18,105.3618
2015-03-19,107.5417
2015-03-20,107.5417
2015-03-23,107.5417
2015-03-24,105.5863
2015-03-25,103.5512
2015-03-26,103.5512
2015-03-27,104.6119
2015-03-30,104.6119
2015-03-31,104.9428
2015-04-01,107.5754
2015-04-02,106.3403
2015-04-03,106.3403
2015-04-07,106.3403
2015-04-08,106.3403
2015-04-09,107.5091
2015-04-10,107.5091
2015-04-13,107.5091
2015-04-14,103.2718
2015-04-15,104.5232
2015-04-16,104.5232
2015-04-17,104.5232
2015-04-20,101.5569
2015-04-21,103.7541
2015-04-22,103.7541
2015-04-23,106.2217
2015-04-24,104.3663
2015-04-27,104.3663
2015-04-28,104.4823
2015-04-29,105.0642
2015-04-30,103.9767
2015-05-04,104.8874
2015-05-05,101.8966
2015-05-06,100.3073
2015-05-07,99.5441
2015-05-08,99.6499
2015-05-11,100.851
2015-05-12,102.4647
2015-05-13,101.3376
2015-05-14,102.6578
2015-05-15,101.0509
2015-05-18,98.9008
2015-05-19,101.3493
2015-05-20,99.3161
2015-05-21,102.064
2015-05-22,105.2704
2015-05-25,105.2704
2015-05-26,105.2704
2015-05-27,105.2704
2015-05-28,105.2704
2015-05-29,100.1879
2015-06-01,102.1375
2015-06-02,102.7823
2015-06-03,100.9186
2015-06-04,103.928
2015-06-05,103.8611
2015-06-08,103.8611
2015-06-09,104.4024
2015-06-10,102.8072
2015-06-11,101.1355
2015-06-12,101.5631
2015-06-15,99.0005
2015-06-16,94.4384
2015-06-17,95.6209
2015-06-18,88.6346
2015-06-19,88.6346
2015-06-23,94.257
2015-06-24,94.9099
2015-06-25,91.6406
2015-06-26,91.6406
2015-06-29,85.1327
2015-06-30,93.8486
2015-07-01,89.561
2015-07-02,88.1974
2015-07-03,88.1974
2015-07-06,92.5787
2015-07-07,95.3047
2015-07-08,95.3047
2015-07-09,94.6753
2015-07-10,99.1863
2015-07-13,99.1689
2015-07-14,94.2477
2015-07-15,91.3413
2015-07-16,91.8286
2015-07-17,96.5239
2015-07-20,92.2967
2015-07-21,92.4784
2015-07-22,90.746
2015-07-23,96.7781
2015-07-24,91.9332
2015-07-27,91.9332
2015-07-28,91.9332
2015-07-29,90.79
2015-07-30,90.79
2015-07-31,90.79
2015-08-03,90.79
2015-08-04,92.8014
2015-08-05,89.8865
2015-08-06,89.5166
2015-08-07,92.4842
2015-08-10,97.3888
2015-08-11,96.3741
2015-08-12,95.878
2015-08-13,96.6904
2015-08-14,97.3805
2015-08-17,94.658
2015-08-18,94.658
2015-08-19,91.2505
2015-08-20,91.2505
2015-08-21,91.2505
2015-08-24,91.2505
2015-08-25,91.2505
2015-08-26,91.2505
2015-08-27,91.2505
2015-08-28,97.1264
2015-08-31,97.7774
2015-09-01,97.4094
2015-09-02,97.9877
2015-09-07,98.7343
2015-09-08,101.2459
2015-09-09,102.5504
2015-09-10,102.076
2015-09-11,102.4168
2015-09-14,102.4556
2015-09-15,102.3086
2015-09-16,106.6446
2015-09-17,108.135
2015-09-18,106.8017
2015-09-21,106.4431
2015-09-22,107.304
2015-09-23,103.1863
2015-09-24,103.1863
2015-09-25,103.1863
2015-09-28,101.0705
2015-09-29,101.0705
2015-09-30,101.0705
2015-10-08,103.547
2015-10-09,104.7887
2015-10-12,104.7887
2015-10-13,104.9204
2015-10-14,104.4977
2015-10-15,106.5957
2015-10-16,107.1105
2015-10-19,105.2192
2015-10-20,104.9258
2015-10-21,102.8234
2015-10-22,104.5673
2015-10-23,105.1479
2015-10-26,105.1238
2015-10-27,104.7884
2015-10-28,101.9359
2015-10-29,101.5518
2015-10-30,101.7669
2015-11-02,100.363
2015-11-03,99.9519
2015-11-04,105.2022
2015-11-05,106.4092
2015-11-06,106.4092
2015-11-09,106.4092
2015-11-10,101.2676
2015-11-11,99.3916
2015-11-12,97.1661
2015-11-13,97.1997
2015-11-16,97.2313
2015-11-17,98.1252
2015-11-18,98.7352
2015-11-19,99.6228
2015-11-20,100.3574
2015-11-23,102.9549
2015-11-24,101.9212
2015-11-25,100.7496
2015-11-26,100.7496
2015-11-27,100.7496
2015-11-30,99.5409
2015-12-01,99.3036
2015-12-02,100.5685
2015-12-03,100.6035
2015-12-04,98.4489
2015-12-07,97.3044
2015-12-08,96.7731
2015-12-09,98.5147
2015-12-10,98.0017
2015-12-11,96.536
2015-12-14,99.7994
2015-12-15,96.3651
2015-12-16,96.6573
2015-12-17,98.9998
2015-12-18,100.7205
2015-12-21,106.7501
2015-12-22,104.0082
2015-12-23,105.0247
2015-12-24,105.0247
2015-12-25,105.0247
2015-12-28,105.0247
2015-12-29,99.8956
2015-12-30,99.6922
2015-12-31,99.2029
2016-01-04,99.2029
2016-01-05,99.2029
2016-01-06,92.4742
2016-01-07,92.4742
2016-01-08,92.0557
2016-01-11,92.0557
2016-01-12,92.0557
2016-01-13,92.0557
2016-01-14,94.2613
2016-01-15,94.2613
2016-01-18,91.735
2016-01-19,94.9953
2016-01-20,91.7467
2016-01-21,91.7467
2016-01-22,90.662
2016-01-25,91.198
2016-01-26,91.198
2016-01-27,88.4649
2016-01-28,88.4649
2016-01-29,95.7352
2016-02-01,93.3778
2016-02-02,95.5457
2016-02-03,94.6385
2016-02-04,96.9913
2016-02-05,95.4827
2016-02-15,91.6294
2016-02-16,96.2106
2016-02-17,96.9206
2016-02-18,96.5102
2016-02-19,96.5012
2016-02-22,97.6475
2016-02-23,97.1577
2016-02-24,97.782
2016-02-25,97.782
2016-02-26,97.782
2016-02-29,97.782
2016-03-01,96.7274
2016-03-02,100.4612
2016-03-03,100.3482
2016-03-04,103.5513
2016-03-07,103.1096
2016-03-08,103.5157
2016-03-09,101.9525
2016-03-10,100.9508
2016-03-11,100.9586
2016-03-14,102.5792
2016-03-15,101.1959
2016-03-16,104.1006
2016-03-17,106.4041
2016-03-18,107.618
2016-03-21,107.618
2016-03-22,106.3295
2016-03-23,105.6359
2016-03-24,105.6359
2016-03-25,105.6359
2016-03-28,105.6359
2016-03-29,100.6879
2016-03-30,103.5763
2016-03-31,103.487
2016-04-01,104.5975
2016-04-05,105.2021
2016-04-06,103.1748
2016-04-07,100.5176
2016-04-08,99.3036
2016-04-11,100.0831
2016-04-12,99.8145
2016-04-13,101.4743
2016-04-14,101.712
2016-04-15,101.6037
2016-04-18,101.0592
2016-04-19,101.3183
2016-04-20,99.2241
2016-04-21,99.9673
2016-04-22,100.5927
2016-04-25,99.8711
2016-04-26,100.2588
2016-04-27,99.6136
2016-04-28,99.3015
2016-04-29,99.0427
2016-05-03,100.499
2016-05-04,99.9721
2016-05-05,99.9845
2016-05-06,98.7707
2016-05-09,98.7707
2016-05-10,100.4472
2016-05-11,102.0651
2016-05-12,101.869
2016-05-13,101.5988
2016-05-16,100.046
2016-05-17,100.3014
2016-05-18,99.3552
2016-05-19,99.0792
2016-05-20,98.0747
2016-05-23,97.7912
2016-05-24,99.7722
2016-05-25,100.3809
2016-05-26,100.8501
2016-05-27,101.4155
2016-05-30,100.0326
2016-05-31,100.0326
2016-06-01,101.6295
2016-06-02,98.7981
2016-06-03,99.3725
2016-06-06,99.4498
2016-06-07,98.9472
2016-06-08,100.591
2016-06-13,96.9251
2016-06-14,97.7702
2016-06-15,98.9279
2016-06-16,97.6201
2016-06-17,98.9937
2016-06-20,99.8423
2016-06-21,100.0773
2016-06-22,101.228
2016-06-23,100.3966
2016-06-24,98.2663
2016-06-27,100.4414
2016-06-28,100.3828
2016-06-29,100.3828
2016-06-30,101.0771
2016-07-01,101.3195
2016-07-04,105.302
2016-07-05,101.9718
2016-07-06,101.0815
2016-07-07,101.6805
2016-07-08,102.6534
2016-07-11,102.0643
2016-07-12,102.0643
2016-07-13,103.692
2016-07-14,102.8691
2016-07-15,102.2015
2016-07-18,101.7297
2016-07-19,102.2741
2016-07-20,101.7445
2016-07-21,101.5944
2016-07-22,100.6712
2016-07-25,100.1573
2016-07-26,101.4599
2016-07-27,101.767
2016-07-28,101.6221
2016-07-29,101.6793
2016-08-01,100.7361
2016-08-02,100.3733
2016-08-03,100.1495
2016-08-04,100.0494
2016-08-05,100.3633
2016-08-08,101.785
2016-08-09,104.4113
2016-08-10,104.5684
2016-08-11,108.3204
2016-08-12,109.5264
2016-08-15,109.5264
2016-08-16,105.9572
2016-08-17,105.2265
2016-08-18,105.4141
2016-08-19,105.9348
2016-08-22,103.8638
2016-08-23,103.7142
2016-08-24,103.5637
2016-08-25,103.5637
2016-08-26,103.9325
2016-08-29,103.2028
2016-08-30,102.6936
2016-08-31,102.0932
2016-09-01,100.321
2016-09-02,98.9091
2016-09-05,99.5722
2016-09-06,100.5157
2016-09-07,101.3458
2016-09-08,101.6738
2016-09-09,103.3193
2016-09-12,99.4747
2016-09-13,98.404
2016-09-14,96.5824
2016-09-19,97.0725
2016-09-20,97.9457
2016-09-21,97.5003
2016-09-22,96.1497
2016-09-23,95.7213
2016-09-26,95.7213
2016-09-27,94.8996
2016-09-28,96.3697
2016-09-29,96.3697
2016-09-30,97.5156
2016-10-10,101.3027
2016-10-11,101.4187
2016-10-12,100.3804
2016-10-13,101.1794
2016-10-14,102.0947
2016-10-17,100.1319
2016-10-18,102.1331
2016-10-19,99.6589
2016-10-20,99.8095
2016-10-21,100.9227
2016-10-24,105.6647
2016-10-25,105.1331
2016-10-26,103.2514
2016-10-27,102.3275
2016-10-28,102.0382
2016-10-31,101.8544
2016-11-01,102.9019
2016-11-02,101.4692
2016-11-03,104.179
2016-11-04,102.3875
2016-11-07,102.4196
2016-11-08,101.9728
2016-11-09,101.8967
2016-11-10,102.9684
2016-11-11,105.4782
2016-11-14,107.3356
2016-11-15,107.2129
2016-11-16,107.1801
2016-11-17,108.3765
2016-11-18,108.7445
2016-11-21,108.7445
2016-11-22,109.7921
2016-11-23,110.898
2016-11-24,112.8529
2016-11-25,110.3986
2016-11-28,109.1723
2016-11-29,109.1723
2016-11-30,98.4647
2016-12-01,99.5188
2016-12-02,98.5316
2016-12-05,98.5316
2016-12-06,96.598
2016-12-07,96.1406
2016-12-08,97.1535
2016-12-09,100.2789
2016-12-12,97.2348
2016-12-13,97.6901
2016-12-14,97.2433
2016-12-15,97.2433
2016-12-16,93.4465
2016-12-19,92.7534
2016-12-20,92.7534
2016-12-21,94.1119
2016-12-22,93.4333
2016-12-23,93.4333
2016-12-26,93.6461
2016-12-27,92.1553
2016-12-28,92.1553
2016-12-29,92.5148
2016-12-30,93.8593
2017-01-03,98.1069
2017-01-04,99.645
2017-01-05,99.0739
2017-01-06,99.3877
2017-01-09,99.8248
2017-01-10,98.6347
2017-01-11,98.0045
2017-01-12,97.2519
2017-01-13,99.1328
2017-01-16,100.253
2017-01-17,98.5051
2017-01-18,101.0741
2017-01-19,102.1657
2017-01-20,102.7447
2017-01-23,101.3799
2017-01-24,101.6073
2017-01-25,102.4761
2017-01-26,104.8599
2017-02-03,100.1361
2017-02-06,100.0727
2017-02-07,98.5299
2017-02-08,99.1354
2017-02-09,100.7897
2017-02-10,102.6027
2017-02-13,102.058
2017-02-14,103.3283
2017-02-15,102.6521
2017-02-16,101.5354
2017-02-17,100.3439
2017-02-20,100.9366
2017-02-21,101.4959
2017-02-22,101.647
2017-02-23,99.9863
2017-02-24,99.7129
2017-02-27,99.7129
2017-02-28,100.2003
2017-03-01,101.1245
2017-03-02,98.6236
2017-03-03,96.8687
2017-03-06,97.2119
2017-03-07,97.9158
2017-03-08,98.013
2017-03-09,94.7128
2017-03-10,93.877
2017-03-13,98.0906
2017-03-14,97.4119
2017-03-15,97.6936
2017-03-16,101.0799
2017-03-17,97.4198
2017-03-20,98.3558
2017-03-21,97.7234
2017-03-22,95.6755
2017-03-23,96.046
2017-03-24,99.1002
2017-03-27,99.6295
2017-03-28,99.368
2017-03-29,98.989
2017-03-30,97.2575
2017-03-31,98.8943
2017-04-05,98.8943
2017-04-06,98.6905
2017-04-07,98.0678
2017-04-10,98.4301
2017-04-11,97.8778
2017-04-12,102.3935
2017-04-13,102.3111
2017-04-14,99.2071
2017-04-17,100.2337
2017-04-18,96.7374
2017-04-19,96.7374
2017-04-20,96.1064
2017-04-21,97.9489
2017-04-24,95.9951
2017-04-25,97.4676
2017-04-26,97.9821
2017-04-27,97.8193
2017-04-28,97.0433
2017-05-02,96.8668
2017-05-03,94.1544
2017-05-04,99.0476
2017-05-05,96.7783
2017-05-08,97.4314
2017-05-09,97.8313
2017-05-10,103.7255
2017-05-11,92.7335
2017-05-12,101.7741
2017-05-15,103.5073
2017-05-16,105.2788
2017-05-17,99.275
2017-05-18,96.5754
2017-05-19,96.4642
2017-05-22,98.8243
2017-05-23,99.8426
2017-05-24,99.455
2017-05-25,99.455
2017-05-26,108.0055
2017-05-31,107.961
2017-06-01,107.6156
2017-06-02,104.4162
2017-06-05,101.1158
2017-06-06,101.9826
2017-06-07,103.5446
2017-06-08,105.3597
2017-06-09,107.0231
2017-06-12,105.3496
2017-06-13,105.0458
2017-06-14,100.7286
2017-06-15,102.0682
2017-06-16,100.8977
2017-06-19,101.7711
2017-06-20,99.8555
2017-06-21,102.3654
2017-06-22,102.3654
2017-06-23,102.3654
2017-06-26,103.3654
2017-06-27,103.7115
2017-06-28,101.7059
2017-06-29,103.2289
2017-06-30,102.6977
2017-07-03,100.7011
2017-07-04,100.7011
2017-07-05,102.8188
2017-07-06,102.6106
2017-07-07,101.4188
2017-07-10,103.7081
2017-07-11,104.179
2017-07-12,102.7932
2017-07-13,102.7932
2017-07-14,106.1618
2017-07-17,108.0759
2017-07-18,105.2378
2017-07-19,105.2378
2017-07-20,104.676
2017-07-21,101.9788
2017-07-24,104.924
2017-07-25,103.5979
2017-07-26,101.5235
2017-07-27,100.808
2017-07-28,100.9397
2017-07-31,101.4809
2017-08-01,101.4809
2017-08-02,101.4809
2017-08-03,101.6287
2017-08-04,100.9607
2017-08-07,102.5444
2017-08-08,102.7237
2017-08-09,103.9317
2017-08-10,102.4484
2017-08-11,101.8609
2017-08-14,102.501
2017-08-15,104.2394
2017-08-16,103.1887
2017-08-17,104.4619
2017-08-18,105.6
2017-08-21,104.6691
2017-08-22,107.6116
2017-08-23,109.739
2017-08-24,109.9524
2017-08-25,109.9524
2017-08-28,109.9524
2017-08-29,109.4397
2017-08-30,108.1878
2017-08-31,107.1202
2017-09-01,107.3108
2017-09-04,106.0159
2017-09-05,107.8045
2017-09-06,106.2756
2017-09-07,105.1163
2017-09-08,104.1782
2017-09-11,102.1258
2017-09-12,103.2215
2017-09-13,102.494
2017-09-14,102.6023
2017-09-15,103.3196
2017-09-18,101.1453
2017-09-19,102.5184
2017-09-20,100.2841
2017-09-21,95.3771
2017-09-22,95.5112
2017-09-25,96.1498
2017-09-26,95.7923
2017-09-27,95.7917
2017-09-28,95.7917
2017-09-29,95.7917
2017-10-09,99.8765
2017-10-10,99.661
2017-10-11,99.661
2017-10-12,99.661
2017-10-13,99.661
2017-10-16,99.661
2017-10-17,101.0847
2017-10-18,104.2309
2017-10-19,103.2016
2017-10-20,101.6039
2017-10-23,102.8966
2017-10-24,102.8317
2017-10-25,103.4092
2017-10-26,103.4092
2017-10-27,103.4092
2017-10-30,106.8923
2017-10-31,107.426
2017-11-01,107.2822
2017-11-02,108.9214
2017-11-03,108.4864
2017-11-06,108.7161
2017-11-07,108.7161
2017-11-08,108.9134
2017-11-09,108.8069
2017-11-10,108.8069
2017-11-13,108.8069
2017-11-14,109.1219
2017-11-15,107.8455
2017-11-16,107.8455
2017-11-17,107.8455
2017-11-20,108.2213
2017-11-21,108.2213
2017-11-22,108.2213
2017-11-23,108.2213
2017-11-24,103.4784
2017-11-27,103.4936
2017-11-28,100.1464
2017-11-29,98.6485
2017-11-30,98.6485
2017-12-01,96.7952
2017-12-04,99.4295
2017-12-05,103.3772
2017-12-06,99.4048
2017-12-07,97.2301
2017-12-08,99.6063
2017-12-11,102.2785
2017-12-12,98.7316
2017-12-13,99.5191
2017-12-14,98.5163
2017-12-15,98.5163
2017-12-18,98.122
2017-12-19,101.8752
2017-12-20,101.3483
2017-12-21,101.3483
2017-12-22,100.5913
2017-12-25,100.5913
2017-12-26,100.5913
2017-12-27,97.6358
2017-12-28,97.6358
2017-12-29,97.6358
2018-01-02,99.2264
2018-01-03,99.093
2018-01-04,99.0263
2018-01-05,100.1059
2018-01-08,100.4659
2018-01-09,102.0547
2018-01-10,102.0977
2018-01-11,100.9008
2018-01-12,104.393
2018-01-15,105.378
2018-01-16,98.6657
2018-01-17,99.1752
2018-01-18,97.9408
2018-01-19,99.9979
2018-01-22,101.9995
2018-01-23,100.9149
2018-01-24,101.2337
2018-01-25,98.6337
2018-01-26,98.282
2018-01-29,97.2168
2018-01-30,96.5292
2018-01-31,99.656
2018-02-01,101.0038
2018-02-02,99.629
2018-02-05,100.9907
2018-02-06,100.3565
2018-02-07,98.316
2018-02-08,96.5832
2018-02-09,91.9012
2018-02-12,95.8113
2018-02-13,96.945
2018-02-14,99.4862
2018-02-22,98.2388
2018-02-23,99.2819
2018-02-26,98.8595
2018-02-27,98.4264
2018-02-28,97.7771
2018-03-01,98.4556
2018-03-02,97.89
2018-03-05,98.7563
2018-03-06,99.0525
2018-03-07,98.1643
2018-03-08,99.4713
2018-03-09,98.9871
2018-03-12,98.5635
2018-03-13,98.7656
2018-03-14,98.701
2018-03-15,99.8827
2018-03-16,99.7601
2018-03-19,101.3154
2018-03-20,101.5503
2018-03-21,100.0718
2018-03-22,100.1725
2018-03-23,92.1565
2018-03-26,93.6494
2018-03-27,95.8156
2018-03-28,92.1546
2018-03-29,99.1069
2018-03-30,98.1206
2018-04-02,98.088
2018-04-03,98.6687
2018-04-04,98.8699
2018-04-09,100.0648
2018-04-10,103.0014
2018-04-11,102.9476
2018-04-12,101.5001
2018-04-13,100.7337
2018-04-16,96.9529
2018-04-17,97.9574
2018-04-18,98.205
2018-04-19,102.0786
2018-04-20,99.3168
2018-04-23,99.624
2018-04-24,101.8281
2018-04-25,100.3173
2018-04-26,98.6969
2018-04-27,97.5707
2018-05-02,97.1299
2018-05-03,97.5287
2018-05-04,96.3118
2018-05-07,97.6973
2018-05-08,99.4692
2018-05-09,99.0708
2018-05-10,98.4744
2018-05-11,98.8746
2018-05-14,100.6077
2018-05-15,99.1412
2018-05-16,98.8131
2018-05-17,96.7875
2018-05-18,95.8017
2018-05-21,96.6098
2018-05-22,95.2707
2018-05-23,95.3558
2018-05-24,93.1811
2018-05-25,92.3697
2018-05-28,93.5787
2018-05-29,94.0534
2018-05-30,94.3473
2018-05-31,97.8928
2018-06-01,98.1459
2018-06-04,100.5365
2018-06-05,100.1392
2018-06-06,99.658
2018-06-07,100.925
2018-06-08,100.3003
2018-06-11,101.8346
2018-06-12,102.7731
2018-06-13,102.436
2018-06-14,103.0493
2018-06-15,103.6144
2018-06-19,100.1891
2018-06-20,99.864
2018-06-21,100.8614
2018-06-22,100.8546
2018-06-25,97.1118
2018-06-26,96.5345
2018-06-27,96.5159
2018-06-28,98.8198
2018-06-29,100.9212
2018-07-02,96.5544
2018-07-03,99.0435
2018-07-04,99.0577
2018-07-05,99.4536
2018-07-06,101.6988
2018-07-09,104.931
2018-07-10,104.5916
2018-07-11,104.1789
2018-07-12,105.7907
2018-07-13,104.9712
2018-07-16,103.8434
2018-07-17,103.1493
2018-07-18,104.0883
2018-07-19,105.9491
2018-07-20,107.7136
2018-07-23,107.3459
2018-07-24,107.6372
2018-07-25,105.3274
2018-07-26,103.4251
2018-07-27,102.8112
2018-07-30,103.101
2018-07-31,103.5064
2018-08-01,103.1402
2018-08-02,100.8524
2018-08-03,99.5732
2018-08-06,99.4086
2018-08-07,100.7608
2018-08-08,100.1803
2018-08-09,101.2627
2018-08-10,100.4931
2018-08-13,99.374
2018-08-14,99.5017
2018-08-15,97.8407
2018-08-16,96.4176
2018-08-17,94.8037
2018-08-20,96.0285
2018-08-21,97.3872
2018-08-22,99.5699
2018-08-23,99.1905
2018-08-24,100.4513
2018-08-27,102.0251
2018-08-28,101.6624
2018-08-29,101.7138
2018-08-30,101.2017
2018-08-31,100.3319
2018-09-03,100.8834
2018-09-04,101.71
2018-09-05,99.3883
2018-09-06,98.8098
2018-09-07,100.6243
2018-09-10,100.0368
2018-09-11,98.2807
2018-09-12,97.4481
2018-09-13,98.3259
2018-09-14,97.991
2018-09-17,98.8103
2018-09-18,101.2631
2018-09-19,101.8744
2018-09-20,103.2896
2018-09-21,106.8613
2018-09-25,103.024
2018-09-26,104.2957
2018-09-27,102.3926
2018-09-28,103.4503
2018-10-08,96.3806
2018-10-09,99.6804
2018-10-10,99.8796
2018-10-11,95.3028
2018-10-12,100.4975
2018-10-15,98.4726
2018-10-16,99.2653
2018-10-17,98.6959
2018-10-18,95.7078
2018-10-19,100.5504
2018-10-22,103.6359
2018-10-23,98.9041
2018-10-24,100.9086
2018-10-25,101.5528
2018-10-26,100.4576
2018-10-29,97.0133
2018-10-30,98.7176
2018-10-31,100.5255
2018-11-01,101.4955
2018-11-02,104.4451
2018-11-05,101.8859
2018-11-06,101.0837
2018-11-07,100.4041
2018-11-08,101.133
2018-11-09,98.695
2018-11-12,98.4736
2018-11-13,99.8206
2018-11-14,98.3799
2018-11-15,99.854
2018-11-16,99.6934
2018-11-19,100.9547
2018-11-20,99.5758
2018-11-21,99.6201
2018-11-22,99.1898
2018-11-23,97.149
2018-11-26,98.6741
2018-11-27,98.3432
2018-11-28,99.0471
2018-11-29,99.317
2018-11-30,100.7323
2018-12-03,102.3379
2018-12-04,101.7878
2018-12-05,101.528
2018-12-06,99.4097
2018-12-07,99.2426
2018-12-10,98.5207
2018-12-11,99.7092
2018-12-12,100.0092
2018-12-13,101.0061
2018-12-14,99.3131
2018-12-17,99.6729
2018-12-18,98.974
2018-12-19,98.2789
2018-12-20,98.3453
2018-12-21,96.8945
2018-12-24,98.6436
2018-12-25,97.9023
2018-12-26,97.669
2018-12-27,98.275
2018-12-28,98.5564
2019-01-02,97.7829
2019-01-03,99.3915
2019-01-04,101.3586
2019-01-07,100.7762
2019-01-08,100.5334
2019-01-09,101.799
2019-01-10,101.8778
2019-01-11,103.5476
2019-01-14,101.2319
2019-01-15,103.7243
2019-01-16,103.3558
2019-01-17,104.9347
2019-01-18,105.2359
2019-01-21,106.4523
2019-01-22,101.9739
2019-01-23,102.4995
2019-01-24,103.3425
2019-01-25,105.3483
2019-01-28,104.4286
2019-01-29,104.9812
2019-01-30,103.6676
2019-01-31,105.079
2019-02-01,106.3453
2019-02-11,107.7189
2019-02-12,107.5742
2019-02-13,109.8007
2019-02-14,106.8349
2019-02-15,104.0958
2019-02-18,106.2061
2019-02-19,105.466
2019-02-20,105.4938
2019-02-21,104.1114
2019-02-22,106.411
2019-02-25,106.411
2019-02-26,105.5583
2019-02-27,104.0186
2019-02-28,102.1863
2019-03-01,105.7643
2019-03-04,106.1371
2019-03-05,105.082
2019-03-06,104.0432
2019-03-07,102.0504
2019-03-08,99.4461
2019-03-11,99.4727
2019-03-12,100.4815
2019-03-13,101.6166
2019-03-14,100.8622
2019-03-15,102.3938
2019-03-18,104.9995
2019-03-19,103.249
2019-03-20,103.2996
2019-03-21,101.0679
2019-03-22,100.9671
2019-03-25,97.4351
2019-03-26,97.1952
2019-03-27,98.7532
2019-03-28,98.9405
2019-03-29,98.9405
2019-04-01,106.5743
2019-04-02,101.9042
2019-04-03,103.0704
2019-04-04,102.535
2019-04-08,101.7161
2019-04-09,101.5937
2019-04-10,101.0504
2019-04-11,100.3191
2019-04-12,98.9883
2019-04-15,99.1981
2019-04-16,103.1768
2019-04-17,100.747
2019-04-18,99.0918
2019-04-19,101.2941
2019-04-22,98.4113
2019-04-23,98.9892
2019-04-24,98.5042
2019-04-25,97.1322
2019-04-26,96.0432
2019-04-29,99.2458
2019-04-30,99.1443
2019-05-06,98.3611
2019-05-07,96.8639
2019-05-08,98.0921
2019-05-09,95.8713
2019-05-10,99.2722
2019-05-13,98.2588
2019-05-14,99.2607
2019-05-15,101.3879
2019-05-16,101.7428
2019-05-17,101.4639
2019-05-20,100.0689
2019-05-21,101.8963
2019-05-22,102.6633
2019-05-23,101.3571
2019-05-24,102.3677
2019-05-27,101.6654
2019-05-28,104.2301
2019-05-29,104.677
2019-05-30,103.4892
2019-05-31,102.1276
2019-06-03,102.7559
2019-06-04,101.6117
2019-06-05,101.6047
2019-06-06,101.4514
2019-06-10,103.0987
2019-06-11,103.7017
2019-06-12,103.1058
2019-06-13,104.0103
2019-06-14,102.9471
2019-06-17,104.1496
2019-06-18,104.4775
2019-06-19,107.4863
2019-06-20,105.0565
2019-06-21,99.2986
2019-06-24,99.6539
2019-06-25,98.576
2019-06-26,98.6344
2019-06-27,98.9639
2019-06-28,98.9025
2019-07-01,100.9407
2019-07-02,100.4288
2019-07-03,99.4947
2019-07-04,98.7707
2019-07-05,99.4488
2019-07-08,98.553
2019-07-09,97.8188
2019-07-10,97.5694
2019-07-11,97.8592
2019-07-12,97.9743
2019-07-15,96.8975
2019-07-16,96.8538
2019-07-17,97.1523
2019-07-18,93.6956
2019-07-19,93.9665
2019-07-22,94.8787
2019-07-23,94.327
2019-07-24,95.1373
2019-07-25,96.9633
2019-07-26,96.7879
2019-07-29,97.253
2019-07-30,98.3998
2019-07-31,97.9554
2019-08-01,98.2937
2019-08-02,97.1946
2019-08-05,96.0624
2019-08-06,97.7926
2019-08-07,99.3758
2019-08-08,100.6204
2019-08-09,100.9295
2019-08-12,100.7799
2019-08-13,101.1799
2019-08-14,101.1693
2019-08-15,100.4375
2019-08-16,101.3443
2019-08-19,102.0968
2019-08-20,102.5315
2019-08-21,104.282
2019-08-22,105.6945
2019-08-23,107.7105
2019-08-26,106.4267
2019-08-27,106.597
2019-08-28,105.7299
2019-08-29,105.2824
2019-08-30,105.0281
2019-09-02,104.293
2019-09-03,103.6718
2019-09-04,104.8188
2019-09-05,105.3421
2019-09-06,104.689
2019-09-09,103.7029
2019-09-10,103.9787
2019-09-11,103.1961
2019-09-12,102.1156
2019-09-16,103.8378
2019-09-17,101.9612
2019-09-18,102.7519
2019-09-19,98.5965
2019-09-20,98.5564
2019-09-23,98.1471
2019-09-24,98.8357
2019-09-25,98.1895
2019-09-26,98.1981
2019-09-27,97.9915
2019-09-30,96.4042
2019-10-08,98.6499
2019-10-09,98.2749
2019-10-10,97.4272
2019-10-11,99.9132
2019-10-14,95.1428
2019-10-15,94.7471
2019-10-16,107.3302
2019-10-17,97.1336
2019-10-18,97.5263
2019-10-21,98.4388
2019-10-22,98.4934
2019-10-23,96.8219
2019-10-24,98.7653
2019-10-25,98.4155
2019-10-28,98.7314
2019-10-29,99.4385
2019-10-30,98.3071
2019-10-31,99.4877
2019-11-01,96.9014
2019-11-04,99.0896
2019-11-05,99.8243
2019-11-06,99.8418
2019-11-07,99.9958
2019-11-08,98.2291
2019-11-11,100.8806
2019-11-12,100.7827
2019-11-13,100.4408
2019-11-14,101.1411
2019-11-15,101.3773
2019-11-18,105.6567
2019-11-19,105.3045
2019-11-20,103.4171
2019-11-21,102.6542
2019-11-22,100.8004
2019-11-25,104.0686
2019-11-26,103.4592
2019-11-27,102.7756
2019-11-28,100.8824
2019-11-29,98.6554
2019-12-02,98.9369
2019-12-03,100.6557
2019-12-04,98.9699
2019-12-05,100.0245
2019-12-06,99.8324
2019-12-09,98.0844
2019-12-10,98.9021
2019-12-11,99.9258
2019-12-12,99.2468
2019-12-13,100.2726
2019-12-16,99.232
2019-12-17,102.3988
2019-12-18,101.3985
2019-12-19,99.8357
2019-12-20,99.6654
2019-12-23,98.6737
2019-12-24,99.1303
2019-12-25,97.3316
2019-12-26,98.3729
2019-12-27,98.9518
2019-12-30,97.1246
2019-12-31,95.9639
2020-01-02,98.0584
2020-01-03,96.7058
2020-01-06,94.4719
2020-01-07,96.2822
2020-01-08,98.9374
2020-01-09,95.1406
2020-01-10,95.1467
2020-01-13,96.7343
2020-01-14,97.1119
2020-01-15,90.5563
2020-01-16,93.8462
2020-01-17,94.4354
2020-01-20,96.3436
2020-01-21,96.5322
2020-01-22,96.2656
2020-01-23,92.4062
2020-02-03,92.4062
2020-02-04,98.8398
2020-02-05,100.4689
2020-02-06,100.8635
2020-02-07,101.4776
2020-02-10,99.6305
2020-02-11,100.8632
2020-02-12,101.534
2020-02-13,102.04
2020-02-14,102.4902
2020-02-17,102.61
2020-02-18,101.973
2020-02-19,102.9289
2020-02-20,103.9122
2020-02-21,101.1069
2020-02-24,100.1687
2020-02-25,101.7081
2020-02-26,103.3352
2020-02-27,101.6429
2020-02-28,100.7598
2020-03-02,102.7434
2020-03-03,102.4954
2020-03-04,103.226
2020-03-05,103.8975
2020-03-06,102.0619
2020-03-09,101.0375
2020-03-10,100.9529
2020-03-11,100.0041
2020-03-12,98.6846
2020-03-13,97.0625
2020-03-16,87.8407
2020-03-17,92.6204
2020-03-18,88.2233
2020-03-19,90.8262
2020-03-20,96.7082
2020-03-23,93.7796
2020-03-24,97.3813
2020-03-25,99.4951
2020-03-26,99.7058
2020-03-27,100.5507
2020-03-30,100.7617
2020-03-31,99.8981
2020-04-01,100.7154
2020-04-02,101.5023
2020-04-03,101.8641
2020-04-07,103.2039
2020-04-08,102.4964
2020-04-09,102.5563
2020-04-10,103.1921
2020-04-13,102.6386
2020-04-14,103.3326
2020-04-15,103.797
2020-04-16,106.1835
2020-04-17,107.2043
2020-04-20,105.8227
2020-04-21,104.264
2020-04-22,105.3233
2020-04-23,104.5855
2020-04-24,104.6659
2020-04-27,105.5805
2020-04-28,107.1162
2020-04-29,106.7905
2020-04-30,103.8661
2020-05-06,102.3213
2020-05-07,104.1377
2020-05-08,104.1857
2020-05-11,104.6249
2020-05-12,104.002
2020-05-13,103.688
2020-05-14,103.9842
2020-05-15,103.1677
2020-05-18,104.3638
2020-05-19,104.5098
2020-05-20,105.7318
2020-05-21,105.1784
2020-05-22,104.2912
2020-05-25,105.4804
2020-05-26,105.6933
2020-05-27,106.1412
2020-05-28,104.6803
2020-05-29,104.9758
2020-06-01,105.5341
2020-06-02,105.6892
2020-06-03,104.7235
2020-06-04,104.3765
2020-06-05,104.138
2020-06-08,104.6393
2020-06-09,105.1746
2020-06-10,104.5551
2020-06-11,105.4655
2020-06-12,106.6185
2020-06-15,103.7597
2020-06-16,104.3488
2020-06-17,104.2546
2020-06-18,103.7862
2020-06-19,103.382
2020-06-22,102.3943
2020-06-23,103.2924
2020-06-24,106.1497
2020-06-29,103.8119
2020-06-30,102.9126
2020-07-01,104.9828
2020-07-02,102.55
2020-07-03,101.5928
2020-07-06,101.5928
2020-07-07,103.9059
2020-07-08,100.3842
2020-07-09,101.1667
2020-07-10,100.1037
2020-07-13,100.3086
2020-07-14,100.8855
2020-07-15,99.4423
2020-07-16,95.4141
2020-07-17,97.5196
2020-07-20,97.2686
2020-07-21,98.7894
2020-07-22,99.16
2020-07-23,99.8064
2020-07-24,98.9243
2020-07-27,99.3222
2020-07-28,98.9809
2020-07-29,99.1465
2020-07-30,100.0727
2020-07-31,99.6495
2020-08-03,100.4076
2020-08-04,101.4333
2020-08-05,101.4629
2020-08-06,101.3423
2020-08-07,102.1926
2020-08-10,102.5981
2020-08-11,102.7399
2020-08-12,102.7506
2020-08-13,102.6813
2020-08-14,103.3531
2020-08-17,102.9492
2020-08-18,104.166
2020-08-19,104.5776
2020-08-20,105.0821
2020-08-21,105.2487
2020-08-24,104.2122
2020-08-25,104.2452
2020-08-26,105.1386
2020-08-27,103.3147
2020-08-28,104.0369
2020-08-31,103.2615
2020-09-01,102.0587
2020-09-02,102.448
2020-09-03,102.7402
2020-09-04,102.5489
2020-09-07,101.3093
2020-09-08,101.119
2020-09-09,100.0505
2020-09-10,101.3526
2020-09-11,101.7089
2020-09-14,104.3172
2020-09-15,102.5875
2020-09-16,105.8751
2020-09-17,98.6988
2020-09-18,98.4077
2020-09-21,98.7465
2020-09-22,98.7352
2020-09-23,98.132
2020-09-24,97.3007
2020-09-25,97.7961
2020-09-28,98.5378
2020-09-29,98.298
2020-09-30,97.9109
2020-10-09,99.9941
2020-10-12,100.7962
2020-10-13,100.1858
2020-10-14,100.4088
2020-10-15,100.6719
2020-10-16,100.679
2020-10-19,99.8254
2020-10-20,100.0967
2020-10-21,101.5024
2020-10-22,101.1122
2020-10-23,100.2785
2020-10-26,99.6886
2020-10-27,100.6285
2020-10-28,99.5402
2020-10-29,100.3887
2020-10-30,102.1364
2020-11-02,100.8056
2020-11-03,100.0327
2020-11-04,100.6479
2020-11-05,101.1613
2020-11-06,101.0437
2020-11-09,99.9971
2020-11-10,100.5194
2020-11-11,101.5111
2020-11-12,103.1821
2020-11-13,100.8744
2020-11-16,102.8178
2020-11-17,103.4459
2020-11-18,103.9257
2020-11-19,103.8285
2020-11-20,104.1795
2020-11-23,104.9207
2020-11-24,103.2395
2020-11-25,102.9858
2020-11-26,103.5392
2020-11-27,104.1357
2020-11-30,98.695
2020-12-01,98.7309
2020-12-02,96.5192
2020-12-03,97.0395
2020-12-04,96.2408
2020-12-07,98.1316
2020-12-08,97.1825
2020-12-09,96.8014
2020-12-10,96.4898
2020-12-11,98.7605
2020-12-14,97.2685
2020-12-15,98.8367
2020-12-16,99.9662
2020-12-17,98.8856
2020-12-18,99.7892
2020-12-21,100.0072
2020-12-22,98.9893
2020-12-23,100.2383
2020-12-24,99.431
2020-12-25,100.2313
2020-12-28,100.2367
2020-12-29,99.8257
2020-12-30,98.9938
2020-12-31,99.9269
2021-01-04,100.473
2021-01-05,101.0332
2021-01-06,101.5205
2021-01-07,102.6468
2021-01-08,100.7573
2021-01-11,102.3948
2021-01-12,104.05
2021-01-13,102.0479
2021-01-14,101.1306
2021-01-15,101.4644
2021-01-18,102.9468
2021-01-19,103.0217
2021-01-20,103.3332
2021-01-21,101.4264
2021-01-22,101.628
2021-01-25,102.7486
2021-01-26,102.7613
2021-01-27,102.5012
2021-01-28,102.4488
2021-01-29,101.2398
2021-02-01,103.0665
2021-02-02,103.2052
2021-02-03,104.9421
2021-02-04,105.1592
2021-02-05,105.4857
2021-02-08,105.3218
2021-02-09,107.2095
2021-02-10,109.3346
2021-02-18,107.0672
2021-02-19,106.3465
2021-02-22,105.6204
2021-02-23,105.4532
2021-02-24,103.2699
2021-02-25,105.0459
2021-02-26,102.1666
2021-03-01,102.4259
2021-03-02,101.5579
2021-03-03,101.692
2021-03-04,99.9079
2021-03-05,100.2378
2021-03-08,98.4541
2021-03-09,97.9001
2021-03-10,99.6523
2021-03-11,100.1899
2021-03-12,100.8681
2021-03-15,99.8589
2021-03-16,100.2331
2021-03-17,99.7698
2021-03-18,101.7345
2021-03-19,100.7448
2021-03-22,101.7082
2021-03-23,102.1063
2021-03-24,99.8265
2021-03-25,98.8022
2021-03-26,100.1778
2021-03-29,100.6499
2021-03-30,102.7549
2021-03-31,101.1717
2021-04-01,100.3916
2021-04-02,101.3922
2021-04-06,99.7606
2021-04-07,101.0381
2021-04-08,101.4499
2021-04-09,101.2835
2021-04-12,99.7921
2021-04-13,99.9431
2021-04-14,98.9544
2021-04-15,100.1967
2021-04-16,101.4941
2021-04-19,100.8626
2021-04-20,101.3381
2021-04-21,101.5554
2021-04-22,101.1365
2021-04-23,102.5974
2021-04-26,100.9092
2021-04-27,101.4283
2021-04-28,102.2216
2021-04-29,102.5365
2021-04-30,102.2395
2021-05-06,100.4387
2021-05-07,99.3865
2021-05-10,98.3252
2021-05-11,99.361
2021-05-12,100.0435
2021-05-13,99.0676
2021-05-14,98.5402
2021-05-17,99.0644
2021-05-18,99.3487
2021-05-19,98.693
2021-05-20,98.5
2021-05-21,98.3082
2021-05-24,98.5828
2021-05-25,98.2373
2021-05-26,97.6914
2021-05-27,97.8374
2021-05-28,97.8979
2021-05-31,96.7699
2021-06-01,97.6744
2021-06-02,97.7907
2021-06-03,97.0532
2021-06-04,96.6463
2021-06-07,95.9067
2021-06-08,95.3986
2021-06-09,95.7149
2021-06-10,96.7893
2021-06-11,95.2142
2021-06-15,97.148
2021-06-16,96.7357
2021-06-17,99.6935
2021-06-18,99.0733
2021-06-21,98.9233
2021-06-22,99.9541
2021-06-23,99.6707
2021-06-24,98.4101
2021-06-25,95.3506
2021-06-28,96.2039
2021-06-29,97.351
2021-06-30,96.6114
2021-07-01,98.5623
2021-07-02,100.6927
2021-07-05,100.6471
2021-07-06,100.1654
2021-07-07,97.9241
2021-07-08,100.3954
2021-07-09,98.797
2021-07-12,98.3262
2021-07-13,99.5561
2021-07-14,97.5002
2021-07-15,99.9395
2021-07-16,99.2532
2021-07-19,99.8326
2021-07-20,100.4886
2021-07-21,101.4471
2021-07-22,102.7121
2021-07-23,101.0898
2021-07-26,98.4345
2021-07-27,94.6855
2021-07-28,98.3742
2021-07-29,99.0905
2021-07-30,96.2065
2021-08-02,98.6056
2021-08-03,97.3429
2021-08-04,97.4791
2021-08-05,98.6422
2021-08-06,97.9195
2021-08-09,95.5977
2021-08-10,98.4654
2021-08-11,96.4645
2021-08-12,95.5777
2021-08-13,95.3867
2021-08-16,95.6312
2021-08-17,95.0543
2021-08-18,96.0691
2021-08-19,93.1059
2021-08-20,93.2613
2021-08-23,96.5562
2021-08-24,95.6778
2021-08-25,95.564
2021-08-26,96.6149
2021-08-27,96.3081
2021-08-30,98.0253
2021-08-31,96.7067
2021-09-01,96.1984
2021-09-02,96.6134
2021-09-03,97.5205
2021-09-06,98.8083
2021-09-07,100.3118
2021-09-08,97.5481
2021-09-09,99.4974
2021-09-10,99.2611
2021-09-13,98.6445
2021-09-14,99.8205
2021-09-15,97.0387
2021-09-16,100.4651
2021-09-17,101.8378
2021-09-22,99.8281
2021-09-23,99.8562
2021-09-24,100.7793
2021-09-27,104.1495
2021-09-28,102.0896
2021-09-29,102.5369
2021-09-30,103.2559
2021-10-08,102.8809
2021-10-11,103.5392
2021-10-12,102.7908
2021-10-13,104.0929
2021-10-14,102.4777
2021-10-15,104.7023
2021-10-18,101.4128
2021-10-19,101.7847
2021-10-20,101.8946
2021-10-21,102.495
2021-10-22,101.4596
2021-10-25,100.7691
2021-10-26,102.3321
2021-10-27,100.507
2021-10-28,100.9089
2021-10-29,101.4649
2021-11-01,100.0377
2021-11-02,100.904
2021-11-03,100.245
2021-11-04,101.0183
2021-11-05,99.0844
2021-11-08,99.9956
2021-11-09,99.1127
2021-11-10,98.6303
2021-11-11,98.6443
2021-11-12,98.0152
2021-11-15,98.1962
2021-11-16,98.9414
2021-11-17,98.9943
2021-11-18,98.4258
2021-11-19,97.147
2021-11-22,96.8218
2021-11-23,97.1628
2021-11-24,98.5304
2021-11-25,97.9681
2021-11-26,99.3668
2021-11-29,100.9795
2021-11-30,99.5061
2021-12-01,99.3958
2021-12-02,100.1099
2021-12-03,101.4295
2021-12-06,102.3134
2021-12-07,99.3621
2021-12-08,99.5821
2021-12-09,98.8965
2021-12-10,97.3183
2021-12-13,98.0201
2021-12-14,100.9296
2021-12-15,99.2801
2021-12-16,97.8309
2021-12-17,98.4177
2021-12-20,99.6626
2021-12-21,98.4973
2021-12-22,98.6244
2021-12-23,97.9878
2021-12-24,98.5304
2021-12-27,98.0966
2021-12-28,97.4068
2021-12-29,99.7555
2021-12-30,96.8189
2021-12-31,96.0461
2022-01-04,96.7405
2022-01-05,98.5045
2022-01-06,98.1356
2022-01-07,98.5254
2022-01-10,98.2627
2022-01-11,98.2162
2022-01-12,99.3176
2022-01-13,97.3645
2022-01-14,97.4406
2022-01-17,99.4955
2022-01-18,97.7087
2022-01-19,98.9202
2022-01-20,101.015
2022-01-21,101.5923
2022-01-24,101.2391
2022-01-25,100.3244
2022-01-26,99.9426
2022-01-27,99.8336
2022-01-28,96.6855
2022-02-07,98.4222
2022-02-08,98.4864
2022-02-09,99.2939
2022-02-10,100.2473
2022-02-11,100.0236
2022-02-14,99.0313
2022-02-15,100.09
2022-02-16,100.1441
2022-02-17,100.6528
2022-02-18,98.0215
2022-02-21,98.9859
2022-02-22,99.6302
2022-02-23,99.0758
2022-02-24,99.4233
2022-02-25,99.4209
2022-02-28,99.693
2022-03-01,101.2136
2022-03-02,99.9621
2022-03-03,99.9109
2022-03-04,98.1144
2022-03-07,95.9092
2022-03-08,95.3076
2022-03-09,96.2542
2022-03-10,97.8167
2022-03-11,97.905
2022-03-14,94.2368
2022-03-15,94.2368
2022-03-16,100.453
2022-03-17,103.2913
2022-03-18,103.4911
2022-03-21,101.8037
2022-03-22,102.9286
2022-03-23,102.3239
2022-03-24,102.8475
2022-03-25,104.488
2022-03-28,104.1206
2022-03-29,103.6624
2022-03-30,103.3021
2022-03-31,103.9346
2022-04-01,105.4911
2022-04-06,103.3671
2022-04-07,104.034
2022-04-08,104.3469
2022-04-11,102.4404
2022-04-12,103.3547
2022-04-13,103.8074
2022-04-14,104.0358
2022-04-15,103.4465
2022-04-18,102.5039
2022-04-19,101.2637
2022-04-20,100.2728
2022-04-21,99.0948
2022-04-22,100.4218
2022-04-25,100.4218
2022-04-26,99.7195
2022-04-27,102.3639
2022-04-28,104.7558
2022-04-29,104.3139
2022-05-05,102.6192
2022-05-06,101.4414
2022-05-09,99.8818
2022-05-10,100.2051
2022-05-11,100.2562
2022-05-12,99.8313
2022-05-13,100.9507
2022-05-16,99.5321
2022-05-17,100.4069
2022-05-18,100.7749
2022-05-19,101.0121
2022-05-20,100.6599
2022-05-23,99.5163
2022-05-24,100.1585
2022-05-25,98.9134
2022-05-26,99.3492
2022-05-27,99.5653
2022-05-30,100.5443
2022-05-31,101.8051
2022-06-01,100.7227
2022-06-02,101.4296
2022-06-06,101.8973
2022-06-07,101.7965
2022-06-08,101.2647
2022-06-09,101.6023
2022-06-10,100.52
2022-06-13,99.8827
2022-06-14,99.2009
2022-06-15,100.3132
2022-06-16,100.1614
2022-06-17,101.2473
2022-06-20,99.3257
2022-06-21,100.4499
2022-06-22,100.0518
2022-06-23,99.4307
2022-06-24,101.3745
2022-06-27,100.7987
2022-06-28,100.9757
2022-06-29,101.825
2022-06-30,101.2777
2022-07-01,99.4943
2022-07-04,99.0808
2022-07-05,100.0459
2022-07-06,100.4451
2022-07-07,100.7929
2022-07-08,101.2147
2022-07-11,99.6411
2022-07-12,99.302
2022-07-13,98.7856
2022-07-14,98.0165
2022-07-15,96.1138
2022-07-18,99.1632
2022-07-19,99.3282
2022-07-20,99.7283
2022-07-21,98.1928
2022-07-22,99.2996
2022-07-25,99.1892
2022-07-26,98.1958
2022-07-27,97.7028
2022-07-28,98.0246
2022-07-29,97.8334
2022-08-01,98.1344
2022-08-02,99.1844
2022-08-03,100.5595
2022-08-04,100.3458
2022-08-05,99.653
2022-08-08,99.3886
2022-08-09,98.9995
2022-08-10,99.3079
2022-08-11,96.9196
2022-08-12,97.6833
2022-08-15,98.4273
2022-08-16,97.7252
2022-08-17,95.9201
2022-08-18,98.6367
2022-08-19,99.9263
2022-08-22,99.3265
2022-08-23,99.4398
2022-08-24,100.9073
2022-08-25,100.8719
2022-08-26,100.0472
2022-08-29,100.9191
2022-08-30,100.3158
2022-08-31,100.3966
2022-09-01,100.5413
2022-09-02,100.6573
2022-09-05,100.8265
2022-09-06,100.3346
2022-09-07,100.5364
2022-09-08,99.5294
2022-09-09,100.9548
2022-09-13,101.4629
2022-09-14,101.3702
2022-09-15,101.8557
2022-09-16,100.2439
2022-09-19,101.197
2022-09-20,101.9152
2022-09-21,100.2984
2022-09-22,100.2539
2022-09-23,102.0632
2022-09-26,101.5351
2022-09-27,101.6898
2022-09-28,100.8933
2022-09-29,100.9772
2022-09-30,101.0488
2022-10-10,98.578
2022-10-11,99.5758
2022-10-12,99.2881
2022-10-13,98.9729
2022-10-14,102.3714
2022-10-17,102.8819
2022-10-18,102.5903
2022-10-19,100.8592
2022-10-20,100.942
2022-10-21,99.7456
2022-10-24,93.1043
2022-10-25,98.8283
2022-10-26,99.2522
2022-10-27,98.8149
2022-10-28,98.7253
2022-10-31,97.7348
2022-11-01,101.2872
2022-11-02,101.6967
2022-11-03,99.809
2022-11-04,100.2199
2022-11-07,99.2675
2022-11-08,98.55
2022-11-09,97.7265
2022-11-10,97.901
2022-11-11,99.6649
2022-11-14,99.4773
2022-11-15,99.7013
2022-11-16,99.1421
2022-11-17,96.5531
2022-11-18,96.7293
2022-11-21,98.7257
2022-11-22,99.0453
2022-11-23,98.7802
2022-11-24,97.6111
2022-11-25,98.7335
2022-11-28,100.6688
2022-11-29,99.1641
2022-11-30,99.8006
2022-12-01,101.9779
2022-12-02,99.7543
2022-12-05,101.8481
2022-12-06,101.1972
2022-12-07,100.8264
2022-12-08,101.0112
2022-12-09,102.8768
2022-12-12,101.275
2022-12-13,102.025
2022-12-14,102.8509
2022-12-15,102.0571
2022-12-16,102.576
2022-12-19,101.3731
2022-12-20,99.9682
2022-12-21,101.3745
2022-12-22,101.866
2022-12-23,101.8529
2022-12-26,100.1492
2022-12-27,101.2305
2022-12-28,103.0873
2022-12-29,102.2108
2022-12-30,102.2104
2023-01-03,101.7121
2023-01-04,102.4635
2023-01-05,104.6627
2023-01-06,104.0849
2023-01-09,104.026
2023-01-10,103.6483
2023-01-11,103.8458
2023-01-12,104.0804
2023-01-13,105.2774
2023-01-16,105.1489
2023-01-17,100.366
2023-01-18,100.1961
2023-01-19,99.2463
2023-01-20,100.1208
2023-01-30,101.7344
2023-01-31,99.8332
2023-02-01,99.0739
2023-02-02,99.3733
2023-02-03,99.1423
2023-02-06,99.4605
2023-02-07,100.1132
2023-02-08,100.3678
2023-02-09,99.6634
2023-02-10,99.6999
2023-02-13,100.564
2023-02-14,101.4022
2023-02-15,101.5855
2023-02-16,101.1658
2023-02-17,101.3854
2023-02-20,99.9786
2023-02-21,101.1215
2023-02-22,99.8899
2023-02-23,100.1618
2023-02-24,100.5427
2023-02-27,100.2829
2023-02-28,100.0984
2023-03-01,100.1016
2023-03-02,100.4379
2023-03-03,100.9583
2023-03-06,100.2826
2023-03-07,99.7009
2023-03-08,98.8411
2023-03-09,97.7605
2023-03-10,97.0856
2023-03-13,100.0063
2023-03-14,100.1335
2023-03-15,100.2747
2023-03-16,99.723
2023-03-17,99.5098
2023-03-20,98.898
2023-03-21,101.7882
2023-03-22,101.8889
2023-03-23,101.3779
2023-03-24,101.5645
2023-03-27,100.3209
2023-03-28,100.7699
2023-03-29,99.543
2023-03-30,100.7145
2023-03-31,100.6403
2023-04-03,100.8702
2023-04-04,101.012
2023-04-06,100.22
2023-04-07,101.0266
2023-04-10,101.0675
2023-04-11,100.9912
2023-04-12,100.7628
2023-04-13,99.8687
2023-04-14,100.5212
2023-04-17,102.0679
2023-04-18,101.8336
2023-04-19,100.8683
2023-04-20,100.7752
2023-04-21,100.4978
2023-04-24,99.4858
2023-04-25,100.2075
2023-04-26,100.0111
2023-04-27,101.3305
2023-04-28,101.1618
2023-05-04,101.8697
2023-05-05,101.6215
2023-05-08,101.6366
2023-05-09,101.0931
2023-05-10,99.2387
2023-05-11,100.525
2023-05-12,98.5575
2023-05-15,97.9179
2023-05-16,97.9258
2023-05-17,99.014
2023-05-18,99.3555
2023-05-19,99.4648
2023-05-22,99.5343
2023-05-23,98.4685
2023-05-24,97.3719
2023-05-25,96.2537
2023-05-26,96.8722
2023-05-29,96.955
2023-05-30,95.2203
2023-05-31,95.4099
2023-06-01,96.624
2023-06-02,96.9381
2023-06-05,97.354
2023-06-06,97.7109
2023-06-07,97.2688
2023-06-08,98.5828
2023-06-09,98.7408
2023-06-12,99.3715
2023-06-13,100.2008
2023-06-14,100.0246
2023-06-15,100.6468
2023-06-16,100.939
2023-06-19,100.2545
2023-06-20,99.2329
2023-06-21,100.6158
2023-06-26,100.1167
2023-06-27,100.4509
2023-06-28,100.7621
2023-06-29,99.365
2023-06-30,99.1655
2023-07-03,100.0086
2023-07-04,99.1368
2023-07-05,99.5969
2023-07-06,99.5911
2023-07-07,99.0043
2023-07-10,99.5605
2023-07-11,100.0569
2023-07-12,101.5957
2023-07-13,102.7028
2023-07-14,103.1617
2023-07-17,101.2142
2023-07-18,100.7873
2023-07-19,101.3171
2023-07-20,101.5554
2023-07-21,101.6497
2023-07-24,101.5769
2023-07-25,102.5082
2023-07-26,100.4556
2023-07-27,101.7209
2023-07-28,102.7663
2023-07-31,99.056
2023-08-01,98.5503
2023-08-02,97.4306
2023-08-03,97.2349
2023-08-04,97.1614
2023-08-07,97.3276
2023-08-08,97.2587
2023-08-09,97.0114
2023-08-10,96.7136
2023-08-11,96.5147
2023-08-14,95.9502
2023-08-15,95.5209
2023-08-16,96.0962
2023-08-17,96.2491
2023-08-18,95.6853
2023-08-21,96.2762
2023-08-22,95.9196
2023-08-23,95.2699
2023-08-24,94.6803
2023-08-25,95.9242
2023-08-28,97.0152
2023-08-29,95.1441
2023-08-30,96.3125
2023-08-31,96.416
2023-09-01,96.4772
2023-09-04,98.585
2023-09-05,97.6942
2023-09-06,98.341
2023-09-07,99.6378
2023-09-08,98.4402
2023-09-11,98.7371
2023-09-12,99.0429
2023-09-13,98.7592
2023-09-14,99.5692
2023-09-15,98.9413
2023-09-18,100.736
2023-09-19,100.9654
2023-09-20,100.8216
2023-09-21,100.7094
2023-09-22,101.9628
2023-09-25,100.9354
2023-09-26,100.2076
2023-09-27,99.5832
2023-09-28,98.3198
2023-10-09,97.8773
2023-10-10,98.0874
2023-10-11,99.2996
2023-10-12,98.4108
2023-10-13,99.1258
2023-10-16,98.1656
2023-10-17,98.4955
2023-10-18,98.2094
2023-10-19,95.8591
2023-10-20,98.2158
2023-10-23,97.5496
2023-10-24,97.9605
2023-10-25,98.9914
2023-10-26,97.1525
2023-10-27,98.1371
2023-10-30,97.1186
2023-10-31,97.0706
2023-11-01,98.0121
2023-11-02,97.9504
2023-11-03,98.4502
2023-11-06,96.7121
2023-11-07,96.73
2023-11-08,97.2635
2023-11-09,97.349
2023-11-10,96.734
2023-11-13,95.9756
2023-11-14,95.8619
2023-11-15,97.0305
2023-11-16,97.6099
2023-11-17,96.7893
2023-11-20,96.023
2023-11-21,97.5865
2023-11-22,96.2052
2023-11-23,94.8187
2023-11-24,96.1272
2023-11-27,98.1358
2023-11-28,98.5165
2023-11-29,98.1275
2023-11-30,97.4341
2023-12-01,96.6054
2023-12-04,96.9416
2023-12-05,98.2497
2023-12-06,99.0846
2023-12-07,98.1715
2023-12-08,98.473
2023-12-11,96.4206
2023-12-12,96.9961
2023-12-13,96.9635
2023-12-14,97.5962
2023-12-15,96.8295
2023-12-18,98.0771
2023-12-19,97.7851
2023-12-20,97.7958
2023-12-21,99.4604
2023-12-22,99.1344
2023-12-25,100.1461
2023-12-26,100.4856
2023-12-27,100.8854
2023-12-28,100.2083
2023-12-29,99.7311
2024-01-02,98.7896
2024-01-03,98.5497
2024-01-04,99.6108
2024-01-05,100.5142
2024-01-08,100.0007
2024-01-09,100.5547
2024-01-10,100.7471
2024-01-11,99.6293
2024-01-12,100.9883
2024-01-15,100.5421
2024-01-16,99.6564
2024-01-17,98.0245
2024-01-18,102.7458
2024-01-19,102.769
2024-01-22,100.5181
2024-01-23,102.4812
2024-01-24,102.367
2024-01-25,105.2186
2024-01-26,104.8342
2024-01-29,103.674
2024-01-30,103.4723
2024-01-31,103.1331
2024-02-01,102.3439
2024-02-02,101.2908
2024-02-05,102.4465
2024-02-06,102.4465
2024-02-07,102.4465
2024-02-08,103.4435
2024-02-19,101.6436
2024-02-20,102.351
2024-02-21,101.9315
2024-02-22,103.5393
2024-02-23,102.8895
2024-02-26,100.3749
2024-02-27,101.1829
2024-02-28,100.781
2024-02-29,102.0233
2024-03-01,102.2227
2024-03-04,101.6579
2024-03-05,103.2495
2024-03-06,101.8218
2024-03-07,102.6395
2024-03-08,102.98
2024-03-11,102.1318
2024-03-12,102.1
2024-03-13,102.5072
2024-03-14,101.5032
2024-03-15,101.9447
2024-03-18,102.071
2024-03-19,101.0315
2024-03-20,101.0437
2024-03-21,100.1696
2024-03-22,99.8293
2024-03-25,100.835
2024-03-26,100.5056
2024-03-27,101.591
2024-03-28,100.4335
2024-03-29,100.7076
2024-04-01,101.2877
2024-04-02,100.7832
2024-04-03,101.8449
2024-04-08,100.9591
2024-04-09,99.7245
2024-04-10,100.2934
2024-04-11,100.2268
2024-04-12,100.033
2024-04-15,101.8169
2024-04-16,101.4528
2024-04-17,102.412
2024-04-18,101.1842
2024-04-19,101.912
2024-04-22,102.4331
2024-04-23,101.2017
2024-04-24,101.839
2024-04-25,101.5012
2024-04-26,100.0722
2024-04-29,101.0675
2024-04-30,100.8674
2024-05-06,101.3873
2024-05-07,101.9579
2024-05-08,102.6355
2024-05-09,99.9644
2024-05-10,101.243
2024-05-13,102.0219
2024-05-14,100.8312
2024-05-15,103.1035
2024-05-16,102.0643
2024-05-17,100.6603
2024-05-20,102.7547
2024-05-21,104.0901
2024-05-22,103.3667
2024-05-23,104.1866
2024-05-24,103.0609
2024-05-27,102.1259
2024-05-28,102.4276
2024-05-29,102.2465
2024-05-30,102.7871
2024-05-31,102.0594
2024-06-03,100.7554
2024-06-04,102.2183
2024-06-05,101.5141
2024-06-06,101.8105
2024-06-07,100.8519
2024-06-11,99.9881
2024-06-12,100.0721
2024-06-13,100.526
2024-06-14,99.4351
2024-06-17,98.3687
2024-06-18,99.431
2024-06-19,100.2161
2024-06-20,99.436
2024-06-21,98.8338
2024-06-24,99.7249
2024-06-25,99.4118
2024-06-26,98.463
2024-06-27,98.8524
2024-06-28,98.2328
2024-07-01,98.3865
2024-07-02,99.2447
2024-07-03,99.507
2024-07-04,98.7902
2024-07-05,98.1077
2024-07-08,101.2759
2024-07-09,98.8577
2024-07-10,98.7445
2024-07-11,100.8542
2024-07-12,99.0401
2024-07-15,100.5858
2024-07-16,101.3428
2024-07-17,103.0165
2024-07-18,100.6282
2024-07-19,103.4617
2024-07-22,102.3209
2024-07-23,100.6373
2024-07-24,101.9921
2024-07-25,101.1732
2024-07-26,99.6787
2024-07-29,99.4132
2024-07-30,99.4032
2024-07-31,98.8188
2024-08-01,98.3417
2024-08-02,98.8763
2024-08-05,102.306
2024-08-06,100.129
2024-08-07,99.0887
2024-08-08,98.3021
2024-08-09,99.5293
2024-08-12,99.4897
2024-08-13,98.5054
2024-08-14,97.1012
2024-08-15,98.3936
2024-08-16,98.2993
2024-08-19,100.4457
2024-08-20,99.8417
2024-08-21,98.615
2024-08-22,100.4318
2024-08-23,102.4429
2024-08-26,101.9804
2024-08-27,102.0521
2024-08-28,105.7426
2024-08-29,102.9095
2024-08-30,101.1735
2024-09-02,102.81
2024-09-03,101.087
2024-09-04,101.3048
2024-09-05,100.8358
2024-09-06,100.7981
2024-09-09,100.2126
2024-09-10,100.6618
2024-09-11,99.9246
2024-09-12,99.6826
2024-09-13,98.9154
2024-09-18,98.8168
2024-09-19,100.9847
2024-09-20,99.1461
2024-09-23,100.6797
2024-09-24,102.9609
2024-09-25,102.2586
2024-09-26,105.0255
2024-09-27,105.0255
2024-09-30,105.0255
2024-10-08,100.9411
2024-10-09,88.5154
2024-10-10,96.3889
2024-10-11,94.7368
2024-10-14,97.2362
2024-10-15,103.5401
2024-10-16,97.397
2024-10-17,94.8949
2024-10-18,88.8867
2024-10-21,89.8848
2024-10-22,90.3637
2024-10-23,93.9587
2024-10-24,93.5655
2024-10-25,89.3711
2024-10-28,90.0119
2024-10-29,91.7704
2024-10-30,90.829
2024-10-31,90.3918
2024-11-01,92.1718
2024-11-04,91.4741
2024-11-05,91.2868
2024-11-06,91.3879
2024-11-07,93.9019
2024-11-08,92.5644
2024-11-11,93.9497
2024-11-12,96.1804
2024-11-13,96.3305
2024-11-14,97.1685
2024-11-15,95.8153
2024-11-18,95.81
2024-11-19,95.209
2024-11-20,96.4416
2024-11-21,98.2646
2024-11-22,99.0282
2024-11-25,96.3475
2024-11-26,98.2895
2024-11-27,95.2368
2024-11-28,95.0
2024-11-29,92.9865
2024-12-02,97.4436
2024-12-03,98.2071
2024-12-04,97.623
2024-12-05,97.0662
2024-12-06,97.885
2024-12-09,98.3897
2024-12-10,98.9985
2024-12-11,96.2912
2024-12-12,97.9239
2024-12-13,95.874
2024-12-16,96.1215
2024-12-17,97.2861
2024-12-18,98.4686
2024-12-19,98.0808
2024-12-20,96.9972
2024-12-23,97.7875
2024-12-24,100.0542
2024-12-25,100.3517
2024-12-26,99.0567
2024-12-27,98.6915
2024-12-30,99.0402
2024-12-31,97.0533
2025-01-02,96.0593
2025-01-03,97.3209
2025-01-06,96.8884
2025-01-07,96.2599
2025-01-08,97.1827
2025-01-09,97.3721
2025-01-10,96.9866
2025-01-13,98.4922
2025-01-14,96.6635
2025-01-15,96.8558
2025-01-16,96.3459
2025-01-17,96.0362
2025-01-20,97.115
2025-01-21,97.3421
2025-01-22,96.1857
2025-01-23,95.0142
2025-01-24,95.5277
2025-01-27,95.7373
2025-02-05,96.1739
2025-02-06,94.6588
2025-02-07,95.6166
2025-02-10,96.1599
2025-02-11,98.1172
2025-02-12,98.1989
2025-02-13,98.8641
2025-02-14,99.7036
2025-02-17,100.3339
2025-02-18,100.2346
2025-02-19,100.6114
2025-02-20,99.7376
2025-02-21,99.8017
2025-02-24,99.9096
2025-02-25,100.856
2025-02-26,99.8627
2025-02-27,99.8252
2025-02-28,99.3217
2025-03-03,98.5089
2025-03-04,97.4178
2025-03-05,97.8812
2025-03-06,97.8202
2025-03-07,98.8958
2025-03-10,98.2889
2025-03-11,98.7399
2025-03-12,97.9663
2025-03-13,99.2582
2025-03-14,100.6644
2025-03-17,99.0628
2025-03-18,99.0794
2025-03-19,99.6834
2025-03-20,98.3147
2025-03-21,97.7463
2025-03-24,97.2185
2025-03-25,97.9258
2025-03-26,97.14
2025-03-27,97.7332
2025-03-28,97.1193
2025-03-31,96.9931
2025-04-01,96.4063
2025-04-02,97.5319
2025-04-03,99.0206
2025-04-07,99.0206
2025-04-08,102.0483
2025-04-09,103.2525
2025-04-10,103.3933
2025-04-11,103.0351
2025-04-14,103.2091
2025-04-15,104.5399
2025-04-16,104.7038
2025-04-17,106.5839
2025-04-18,106.4641
2025-04-21,107.3048
2025-04-22,108.3983
2025-04-23,107.9109
2025-04-24,108.4024
2025-04-25,107.5245
2025-04-28,107.0566
2025-04-29,106.7684
2025-04-30,106.9783
2025-05-06,104.7004
2025-05-07,104.486
2025-05-08,105.0888
2025-05-09,105.7666
2025-05-12,104.1189
2025-05-13,108.4137
2025-05-14,104.8337
2025-05-15,105.8648
2025-05-16,108.4708
2025-05-19,107.7193
2025-05-20,105.2178
2025-05-21,106.7325
2025-05-22,109.4861
2025-05-23,111.0589
2025-05-26,112.4158
2025-05-27,110.6858
2025-05-28,110.253
2025-05-29,106.5753
2025-05-30,107.6114
2025-06-03,105.7377
2025-06-04,105.8744
2025-06-05,104.7018
2025-06-06,104.1325
2025-06-09,104.2085
2025-06-10,103.6565
2025-06-11,103.0641
2025-06-12,103.1693
2025-06-13,102.987
2025-06-16,103.4905
2025-06-17,103.1287
2025-06-18,102.8557
2025-06-19,101.0319
2025-06-20,102.5867
2025-06-23,103.7408
2025-06-24,101.9999
2025-06-25,99.9321
2025-06-26,96.7677
2025-06-27,95.5319
2025-06-30,95.6763
2025-07-01,96.7212
2025-07-02,97.9831
2025-07-03,98.4845
2025-07-04,97.4606
2025-07-07,98.0329
2025-07-08,96.932
2025-07-09,98.6111
2025-07-10,97.1726
2025-07-11,95.5745
2025-07-14,98.1676
2025-07-15,97.6533
2025-07-16,97.2408
2025-07-17,95.1147
2025-07-18,95.8675
2025-07-21,94.6259
2025-07-22,96.8459
2025-07-23,96.9995
2025-07-24,96.741
2025-07-25,94.2536
2025-07-28,95.0766
2025-07-29,95.7816
2025-07-30,98.0069
2025-07-31,97.34
2025-08-01,97.2131
2025-08-04,97.6971
2025-08-05,98.0938
2025-08-06,97.6763
2025-08-07,100.0201
2025-08-08,101.0065
2025-08-11,99.8205
2025-08-12,98.954
2025-08-13,96.9109
2025-08-14,99.3525
2025-08-15,96.7875
2025-08-18,96.6179
2025-08-19,96.9179
2025-08-20,96.5828
2025-08-21,98.1607
2025-08-22,98.8743
2025-08-25,97.0618
2025-08-26,97.3245
2025-08-27,97.1567
2025-08-28,95.4693
2025-08-29,95.4459
2025-09-01,96.7683
2025-09-02,98.4091
2025-09-03,100.2382
2025-09-04,97.3134
2025-09-05,94.7513
2025-09-08,95.0531
2025-09-09,95.4076
2025-09-10,96.6951
2025-09-11,96.5176
2025-09-12,97.9185
2025-09-15,96.1523
2025-09-16,95.2212
2025-09-17,95.0785
2025-09-18,93.4439
2025-09-19,93.1174
2025-09-22,92.6934
2025-09-23,93.887
2025-09-24,94.5212
2025-09-25,94.438
2025-09-26,94.3564
2025-09-29,93.4659
2025-09-30,95.7194
2025-10-09,94.4496
2025-10-10,96.0173
2025-10-13,97.365
2025-10-14,97.2142
2025-10-15,100.5476
2025-10-16,97.1422
2025-10-17,96.9769
2025-10-20,97.3253
2025-10-21,100.0028
2025-10-22,100.5307
2025-10-23,97.3872
2025-10-24,97.913
2025-10-27,98.7015
2025-10-28,97.9607
2025-10-29,98.3132
2025-10-30,98.7758
2025-10-31,96.1281
2025-11-03,96.1108
2025-11-04,97.2798
2025-11-05,97.7112
2025-11-06,99.8507
2025-11-07,100.4713
2025-11-10,100.7292
2025-11-11,99.7573
2025-11-12,100.8529
2025-11-13,103.3231
2025-11-14,102.4458
2025-11-17,101.5348
2025-11-18,101.3278
2025-11-19,103.1246
2025-11-20,105.2662
2025-11-21,106.0748
2025-11-24,105.1648
2025-11-25,106.2331
2025-11-26,107.5011
2025-11-27,106.1318
2025-11-28,105.8549
2025-12-01,109.583
2025-12-02,107.4182
2025-12-03,105.4205
2025-12-04,104.5707
2025-12-05,108.6684
2025-12-08,99.5261
2025-12-09,106.1952
2025-12-10,101.4836
2025-12-11,101.3428
2025-12-12,106.3806
2025-12-15,105.8864
2025-12-16,100.4489
2025-12-17,93.0199
2025-12-18,97.1881
2025-12-19,98.5715
2025-12-22,98.6256
2025-12-23,98.5093
2025-12-24,96.849
2025-12-25,97.5089
2025-12-26,98.3866
2025-12-29,99.348
2025-12-30,98.2282
2025-12-31,98.7657
2026-01-05,98.1423
2026-01-06,95.7037
2026-01-07,97.035
2026-01-08,96.0072
2026-01-09,94.7722
2026-01-12,93.9274
2026-01-13,94.9437
2026-01-14,94.5072
2026-01-15,94.7489
2026-01-16,92.6588
2026-01-19,92.4269
2026-01-20,92.4637
2026-01-21,98.0608
2026-01-22,96.0856
2026-01-23,93.508
2026-01-26,92.0424
2026-01-27,94.4172
2026-01-28,93.7477
2026-01-29,94.1128
2026-01-30,92.8375
2026-02-02,97.6956
2026-02-03,96.5617
2026-02-04,95.2836
2026-02-05,100.0521
2026-02-06,99.8161
2026-02-09,95.7345
2026-02-10,97.1176
2026-02-11,96.2642
2026-02-12,93.5662
2026-02-13,100.2427
2026-02-24,101.0597
2026-02-25,100.6381
2026-02-26,97.8077
2026-02-27,98.3648
2026-03-02,100.4355
2026-03-03,102.1109
2026-03-04,98.5631
2026-03-05,99.0532
2026-03-06,97.855
2026-03-09,101.3598
2026-03-10,97.5395
2026-03-11,97.9354
2026-03-12,103.20100000000001
2026-03-13,103.614
2026-03-16,101.6756
2026-03-17,102.8323
2026-03-18,101.4587
2026-03-19,98.6505
2026-03-20,97.2535
2026-03-23,95.0103
2026-03-24,100.3202
2026-03-25,101.7725
2026-03-26,101.8472
2026-03-27,102.0501
2026-03-30,102.6879
2026-03-31,101.5674
2026-04-01,101.5654
2026-04-02,102.5069
2026-04-03,101.7746
2026-04-07,101.3297
2026-04-08,96.8883
2026-04-09,100.2339
