,SH_5100501MSF
2015-02-09,2.3164
2015-02-10,2.358
2015-02-11,2.3794
2015-02-12,2.3848
2015-02-13,2.3922
2015-02-16,2.3998
2015-02-17,2.4132
2015-02-25,2.3724
2015-02-26,2.4465
2015-02-27,2.4405
2015-03-02,2.4436
2015-03-03,2.369
2015-03-04,2.3678
2015-03-05,2.3355
2015-03-06,2.3416
2015-03-09,2.3942
2015-03-10,2.3622
2015-03-11,2.3711
2015-03-12,2.4444
2015-03-13,2.4524
2015-03-16,2.5056
2015-03-17,2.536
2015-03-18,2.6054
2015-03-19,2.5853
2015-03-20,2.6352
2015-03-23,2.6731
2015-03-24,2.641
2015-03-25,2.641
2015-03-26,2.6369
2015-03-27,2.6501
2015-03-30,2.7411
2015-03-31,2.7149
2015-04-01,2.756
2015-04-02,2.7441
2015-04-03,2.7725
2015-04-07,2.8328
2015-04-08,2.8974
2015-04-09,2.8879
2015-04-10,2.9466
2015-04-13,2.9915
2015-04-14,2.9960000000000004
2015-04-15,3.0225
2015-04-16,3.1402
2015-04-17,3.1865
2015-04-20,3.1073
2015-04-21,3.1348
2015-04-22,3.1348
2015-04-23,3.2289
2015-04-24,3.1815
2015-04-27,3.2581
2015-04-28,3.2303
2015-04-29,3.2354
2015-04-30,3.212
2015-05-04,3.2194
2015-05-05,3.1037
2015-05-06,3.0832
2015-05-07,3.0647
2015-05-08,3.0723
2015-05-11,3.1136
2015-05-12,3.1329
2015-05-13,3.0902
2015-05-14,3.0758
2015-05-15,3.0164
2015-05-18,2.9512
2015-05-19,3.0732
2015-05-20,3.0704
2015-05-21,3.1059
2015-05-22,3.2006
2015-05-25,3.3007
2015-05-26,3.3194
2015-05-27,3.3194
2015-05-28,3.0938
2015-05-29,3.0832
2015-06-01,3.2317
2015-06-02,3.2535
2015-06-03,3.2118
2015-06-04,3.273
2015-06-05,3.2754
2015-06-08,3.4329
2015-06-09,3.3816
2015-06-10,3.346
2015-06-11,3.3191
2015-06-12,3.3188
2015-06-15,3.232
2015-06-16,3.152
2015-06-17,3.1807
2015-06-18,3.0492
2015-06-19,2.9047
2015-06-23,2.9897
2015-06-24,2.9897
2015-06-25,2.9582
2015-06-26,2.7308
2015-06-29,2.6616
2015-06-30,2.8676
2015-07-01,2.7544
2015-07-02,2.7065
2015-07-03,2.6185
2015-07-06,2.7579
2015-07-07,2.784
2015-07-08,2.5167
2015-07-09,2.7719
2015-07-10,2.8796
2015-07-13,2.8446
2015-07-14,2.7301
2015-07-15,2.6956
2015-07-16,2.7268
2015-07-17,2.797
2015-07-20,2.7614
2015-07-21,2.7463
2015-07-22,2.7463
2015-07-23,2.7506
2015-07-24,2.6897
2015-07-27,2.461
2015-07-28,2.4738
2015-07-29,2.5148
2015-07-30,2.3969
2015-07-31,2.4185
2015-08-03,2.4223
2015-08-04,2.5143
2015-08-05,2.4633
2015-08-06,2.4518
2015-08-07,2.5033
2015-08-10,2.5973
2015-08-11,2.5801
2015-08-12,2.5588
2015-08-13,2.5584
2015-08-14,2.5439
2015-08-17,2.4994
2015-08-18,2.3597
2015-08-19,2.3919
2015-08-20,2.361
2015-08-21,2.2633
2015-08-24,1.9463
2015-08-25,1.8799
2015-08-26,1.8799
2015-08-27,2.0124
2015-08-28,2.0585
2015-08-31,2.0538
2015-09-01,2.0448
2015-09-02,2.0293
2015-09-07,2.062
2015-09-08,2.1557
2015-09-09,2.182
2015-09-10,2.1863
2015-09-11,2.1909
2015-09-14,2.1405
2015-09-15,2.1386
2015-09-16,2.2312
2015-09-17,2.1926
2015-09-18,2.1928
2015-09-21,2.2074
2015-09-22,2.2424
2015-09-23,2.2424
2015-09-24,2.162
2015-09-25,2.1361
2015-09-28,2.1478
2015-09-29,2.0949
2015-09-30,2.1294
2015-10-08,2.1834
2015-10-09,2.2071
2015-10-12,2.2841
2015-10-13,2.2737
2015-10-14,2.2564
2015-10-15,2.2989
2015-10-16,2.3093
2015-10-19,2.3031
2015-10-20,2.3146
2015-10-21,2.3016
2015-10-22,2.3251
2015-10-23,2.3413
2015-10-26,2.3484
2015-10-27,2.3472
2015-10-28,2.3472
2015-10-29,2.2859
2015-10-30,2.2966
2015-11-02,2.2746
2015-11-03,2.2625
2015-11-04,2.3677
2015-11-05,2.4236
2015-11-06,2.4871
2015-11-09,2.5277
2015-11-10,2.5094
2015-11-11,2.4981
2015-11-12,2.4694
2015-11-13,2.4449
2015-11-16,2.4457
2015-11-17,2.4398
2015-11-18,2.4292
2015-11-19,2.4689
2015-11-20,2.464
2015-11-23,2.4459
2015-11-24,2.441
2015-11-25,2.441
2015-11-26,2.4342
2015-11-27,2.3215
2015-11-30,2.3257
2015-12-01,2.3353
2015-12-02,2.4404
2015-12-03,2.4415
2015-12-04,2.3919
2015-12-07,2.3847
2015-12-08,2.3463
2015-12-09,2.3584
2015-12-10,2.3451
2015-12-11,2.3437
2015-12-14,2.4166
2015-12-15,2.3792
2015-12-16,2.3778
2015-12-17,2.4017
2015-12-18,2.4155
2015-12-21,2.4915
2015-12-22,2.4896
2015-12-23,2.4896
2015-12-24,2.4679
2015-12-25,2.485
2015-12-28,2.4163
2015-12-29,2.4297
2015-12-30,2.4243
2015-12-31,2.4127
2016-01-04,2.2636
2016-01-05,2.2779
2016-01-06,2.2916
2016-01-07,2.1696
2016-01-08,2.2022
2016-01-11,2.1151
2016-01-12,2.1257
2016-01-13,2.1087
2016-01-14,2.1305
2016-01-15,2.0705
2016-01-18,2.0643
2016-01-19,2.1185
2016-01-20,2.0753
2016-01-21,2.0252
2016-01-22,2.0628
2016-01-25,2.0605
2016-01-26,1.9573
2016-01-27,1.9573
2016-01-28,1.9013
2016-01-29,1.9586
2016-02-01,1.9295
2016-02-02,1.9651
2016-02-03,1.947
2016-02-04,1.966
2016-02-05,1.9549
2016-02-15,1.9386
2016-02-16,1.9887
2016-02-17,2.0047
2016-02-18,2.0016
2016-02-19,2.0058
2016-02-22,2.0503
2016-02-23,2.0325
2016-02-24,2.0325
2016-02-25,1.9223
2016-02-26,1.9356
2016-02-29,1.9108
2016-03-01,1.951
2016-03-02,2.0248
2016-03-03,2.0294
2016-03-04,2.0871
2016-03-07,2.0969
2016-03-08,2.0996
2016-03-09,2.0767
2016-03-10,2.0535
2016-03-11,2.0533
2016-03-14,2.0696
2016-03-15,2.0802
2016-03-16,2.0999
2016-03-17,2.1251
2016-03-18,2.1422
2016-03-21,2.1915
2016-03-22,2.1689
2016-03-23,2.1689
2016-03-24,2.1316
2016-03-25,2.141
2016-03-28,2.1182
2016-03-29,2.106
2016-03-30,2.1561
2016-03-31,2.1563
2016-04-01,2.1604
2016-04-05,2.1791
2016-04-06,2.1687
2016-04-07,2.142
2016-04-08,2.1304
2016-04-11,2.148
2016-04-12,2.1456
2016-04-13,2.1764
2016-04-14,2.1827
2016-04-15,2.1823
2016-04-18,2.1634
2016-04-19,2.1627
2016-04-20,2.1409
2016-04-21,2.1467
2016-04-22,2.1539
2016-04-25,2.1436
2016-04-26,2.1505
2016-04-27,2.1505
2016-04-28,2.1335
2016-04-29,2.1276
2016-05-03,2.1557
2016-05-04,2.1485
2016-05-05,2.1471
2016-05-06,2.105
2016-05-09,2.069
2016-05-10,2.0641
2016-05-11,2.0672
2016-05-12,2.0744
2016-05-13,2.0737
2016-05-16,2.0775
2016-05-17,2.0736
2016-05-18,2.0686
2016-05-19,2.0677
2016-05-20,2.0795
2016-05-23,2.0839
2016-05-24,2.0687
2016-05-25,2.0687
2016-05-26,2.0656
2016-05-27,2.0701
2016-05-30,2.0783
2016-05-31,2.1533
2016-06-01,2.1432
2016-06-02,2.1418
2016-06-03,2.1546
2016-06-06,2.1423
2016-06-07,2.1454
2016-06-08,2.1392
2016-06-13,2.0776
2016-06-14,2.0945
2016-06-15,2.1045
2016-06-16,2.0992
2016-06-17,2.107
2016-06-20,2.1113
2016-06-21,2.112
2016-06-22,2.112
2016-06-23,2.1087
2016-06-24,2.0885
2016-06-27,2.1072
2016-06-28,2.1134
2016-06-29,2.1305
2016-06-30,2.1371
2016-07-01,2.1396
2016-07-04,2.1737
2016-07-05,2.1785
2016-07-06,2.1776
2016-07-07,2.1803
2016-07-08,2.1746
2016-07-11,2.1857
2016-07-12,2.2337
2016-07-13,2.2371
2016-07-14,2.2336
2016-07-15,2.2369
2016-07-18,2.2285
2016-07-19,2.2167
2016-07-20,2.2108
2016-07-21,2.2201
2016-07-22,2.1996
2016-07-25,2.2012
2016-07-26,2.2228
2016-07-27,2.2228
2016-07-28,2.2077
2016-07-29,2.1997
2016-08-01,2.1908
2016-08-02,2.1898
2016-08-03,2.187
2016-08-04,2.1847
2016-08-05,2.1926
2016-08-08,2.2025
2016-08-09,2.2163
2016-08-10,2.2146
2016-08-11,2.2213
2016-08-12,2.2653
2016-08-15,2.3345
2016-08-16,2.3085
2016-08-17,2.3046
2016-08-18,2.2952
2016-08-19,2.3031
2016-08-22,2.2892
2016-08-23,2.2886
2016-08-24,2.2886
2016-08-25,2.2719
2016-08-26,2.2695
2016-08-29,2.2651
2016-08-30,2.2746
2016-08-31,2.2873
2016-09-01,2.2709
2016-09-02,2.2748
2016-09-05,2.2826
2016-09-06,2.2901
2016-09-07,2.2929
2016-09-08,2.2928
2016-09-09,2.2854
2016-09-12,2.2435
2016-09-13,2.2431
2016-09-14,2.2309
2016-09-19,2.2426
2016-09-20,2.2385
2016-09-21,2.2441
2016-09-22,2.256
2016-09-23,2.2503
2016-09-26,2.2224
2016-09-27,2.2318
2016-09-28,2.2318
2016-09-29,2.2332
2016-09-30,2.2364
2016-10-10,2.2619
2016-10-11,2.2636
2016-10-12,2.2559
2016-10-13,2.2536
2016-10-14,2.2634
2016-10-17,2.2454
2016-10-18,2.2786
2016-10-19,2.2756
2016-10-20,2.2788
2016-10-21,2.2907
2016-10-24,2.321
2016-10-25,2.3174
2016-10-26,2.3174
2016-10-27,2.3043
2016-10-28,2.3045
2016-10-31,2.3033
2016-11-01,2.3143
2016-11-02,2.2988
2016-11-03,2.3207
2016-11-04,2.3199
2016-11-07,2.3241
2016-11-08,2.3362
2016-11-09,2.3133
2016-11-10,2.3421
2016-11-11,2.3635
2016-11-14,2.3676
2016-11-15,2.3655
2016-11-16,2.3638
2016-11-17,2.3686
2016-11-18,2.3606
2016-11-21,2.3859
2016-11-22,2.4048
2016-11-23,2.4048
2016-11-24,2.4048
2016-11-25,2.4423
2016-11-28,2.4423
2016-11-29,2.4423
2016-11-30,2.4241
2016-12-01,2.4356
2016-12-02,2.4158
2016-12-05,2.3706
2016-12-06,2.3703
2016-12-07,2.3755
2016-12-08,2.3758
2016-12-09,2.4082
2016-12-12,2.3858
2016-12-13,2.375
2016-12-14,2.3637
2016-12-15,2.3095
2016-12-16,2.3019
2016-12-19,2.2891
2016-12-20,2.2711
2016-12-21,2.3005
2016-12-22,2.2928
2016-12-23,2.2789
2016-12-26,2.2983
2016-12-27,2.2932
2016-12-28,2.2932
2016-12-29,2.2806
2016-12-30,2.2877
2017-01-03,2.3092
2017-01-04,2.3219
2017-01-05,2.3196
2017-01-06,2.3117
2017-01-09,2.3205
2017-01-10,2.3111
2017-01-11,2.3036
2017-01-12,2.2938
2017-01-13,2.3078
2017-01-16,2.3302
2017-01-17,2.3303
2017-01-18,2.3441
2017-01-19,2.338
2017-01-20,2.3507
2017-01-23,2.3483
2017-01-24,2.3522
2017-01-25,2.3519
2017-01-26,2.3721
2017-02-03,2.3454
2017-02-06,2.3485
2017-02-07,2.3392
2017-02-08,2.3498
2017-02-09,2.3569
2017-02-10,2.3655
2017-02-13,2.3744
2017-02-14,2.3711
2017-02-15,2.3691
2017-02-16,2.3731
2017-02-17,2.3622
2017-02-20,2.3921
2017-02-21,2.3948
2017-02-22,2.3932
2017-02-23,2.3877
2017-02-24,2.3873
2017-02-27,2.3679
2017-02-28,2.3688
2017-03-01,2.369
2017-03-02,2.3513
2017-03-03,2.3417
2017-03-06,2.3484
2017-03-07,2.3522
2017-03-08,2.3543
2017-03-09,2.3382
2017-03-10,2.3339
2017-03-13,2.3545
2017-03-14,2.3506
2017-03-15,2.3513
2017-03-16,2.3717
2017-03-17,2.3436
2017-03-20,2.3489
2017-03-21,2.3513
2017-03-22,2.3323
2017-03-23,2.3424
2017-03-24,2.3674
2017-03-27,2.3626
2017-03-28,2.3575
2017-03-29,2.3545
2017-03-30,2.349
2017-03-31,2.3584
2017-04-05,2.3846
2017-04-06,2.3825
2017-04-07,2.3808
2017-04-10,2.3771
2017-04-11,2.3793
2017-04-12,2.3703
2017-04-13,2.3706
2017-04-14,2.3529
2017-04-17,2.3556
2017-04-18,2.3417
2017-04-19,2.3198
2017-04-20,2.3318
2017-04-21,2.3408
2017-04-24,2.3343
2017-04-25,2.3403
2017-04-26,2.3307
2017-04-27,2.3433
2017-04-28,2.34
2017-05-02,2.3348
2017-05-03,2.3284
2017-05-04,2.321
2017-05-05,2.3115
2017-05-08,2.3174
2017-05-09,2.3178
2017-05-10,2.3227
2017-05-11,2.335
2017-05-12,2.3624
2017-05-15,2.3674
2017-05-16,2.3724
2017-05-17,2.3567
2017-05-18,2.352
2017-05-19,2.353
2017-05-22,2.3655
2017-05-23,2.3959
2017-05-24,2.4004
2017-05-25,2.4635
2017-05-26,2.4614
2017-05-31,2.4712
2017-06-01,2.4895
2017-06-02,2.4684
2017-06-05,2.4424
2017-06-06,2.4568
2017-06-07,2.4793
2017-06-08,2.503
2017-06-09,2.5149
2017-06-12,2.508
2017-06-13,2.5101
2017-06-14,2.4801
2017-06-15,2.4699
2017-06-16,2.4599
2017-06-19,2.4976
2017-06-20,2.4845
2017-06-21,2.5065
2017-06-22,2.5226
2017-06-23,2.5418
2017-06-26,2.5532
2017-06-27,2.5617
2017-06-28,2.5496
2017-06-29,2.5635
2017-06-30,2.5565
2017-07-03,2.542
2017-07-04,2.5203
2017-07-05,2.5632
2017-07-06,2.5661
2017-07-07,2.5588
2017-07-10,2.5726
2017-07-11,2.6023
2017-07-12,2.5936
2017-07-13,2.6334
2017-07-14,2.6593
2017-07-17,2.6712
2017-07-18,2.6578
2017-07-19,2.7017
2017-07-20,2.7075
2017-07-21,2.6808
2017-07-24,2.6993
2017-07-25,2.6825
2017-07-26,2.6783
2017-07-27,2.6819
2017-07-28,2.6871
2017-07-31,2.6897
2017-08-01,2.7328
2017-08-02,2.7363
2017-08-03,2.6957
2017-08-04,2.6769
2017-08-07,2.6848
2017-08-08,2.6874
2017-08-09,2.6674
2017-08-10,2.6568
2017-08-11,2.615
2017-08-14,2.6354
2017-08-15,2.6536
2017-08-16,2.6406
2017-08-17,2.6533
2017-08-18,2.6652
2017-08-21,2.6611
2017-08-22,2.6866
2017-08-23,2.7012
2017-08-24,2.7025
2017-08-25,2.7667
2017-08-28,2.7959
2017-08-29,2.7976
2017-08-30,2.7842
2017-08-31,2.7796
2017-09-01,2.7741
2017-09-04,2.7752
2017-09-05,2.7905
2017-09-06,2.7735
2017-09-07,2.7471
2017-09-08,2.7462
2017-09-11,2.7404
2017-09-12,2.7581
2017-09-13,2.7495
2017-09-14,2.7296
2017-09-15,2.7267
2017-09-18,2.737
2017-09-19,2.7242
2017-09-20,2.7218
2017-09-21,2.732
2017-09-22,2.7301
2017-09-25,2.7287
2017-09-26,2.7318
2017-09-27,2.7008
2017-09-28,2.73
2017-09-29,2.7426
2017-10-09,2.7593
2017-10-10,2.7549
2017-10-11,2.768
2017-10-12,2.7773
2017-10-13,2.7772
2017-10-16,2.7866
2017-10-17,2.7822
2017-10-18,2.8046
2017-10-19,2.8035
2017-10-20,2.7909
2017-10-23,2.7891
2017-10-24,2.8014
2017-10-25,2.8001
2017-10-26,2.8351
2017-10-27,2.8718
2017-10-30,2.8574
2017-10-31,2.8563
2017-11-01,2.8483
2017-11-02,2.8524
2017-11-03,2.8549
2017-11-06,2.8483
2017-11-07,2.8802
2017-11-08,2.8795
2017-11-09,2.8869
2017-11-10,2.8869
2017-11-13,2.93
2017-11-14,2.9168
2017-11-15,2.9034
2017-11-16,2.934
2017-11-17,2.9804
2017-11-20,2.9918
2017-11-21,3.0451
2017-11-22,3.0651
2017-11-23,2.995
2017-11-24,3.0012
2017-11-27,2.9755
2017-11-28,2.9065
2017-11-29,2.8979
2017-11-30,2.8681
2017-12-01,2.8442
2017-12-04,2.8646
2017-12-05,2.9134
2017-12-06,2.8785
2017-12-07,2.8451
2017-12-08,2.8712
2017-12-11,2.9027
2017-12-12,2.8553
2017-12-13,2.8758
2017-12-14,2.8571
2017-12-15,2.8231
2017-12-18,2.8335
2017-12-19,2.8744
2017-12-20,2.8754
2017-12-21,2.8967
2017-12-22,2.8823
2017-12-25,2.8781
2017-12-26,2.8918
2017-12-27,2.8171
2017-12-28,2.8719
2017-12-29,2.8733
2018-01-02,2.9188
2018-01-03,2.9209
2018-01-04,2.9221
2018-01-05,2.9382
2018-01-08,2.9487
2018-01-09,2.9748
2018-01-10,2.9954
2018-01-11,2.9958
2018-01-12,3.0195
2018-01-15,3.0431
2018-01-16,3.0689
2018-01-17,3.0739
2018-01-18,3.109
2018-01-19,3.1119
2018-01-22,3.1306
2018-01-23,3.1711
2018-01-24,3.1801
2018-01-25,3.1623
2018-01-26,3.1866
2018-01-29,3.1265
2018-01-30,3.088
2018-01-31,3.124
2018-02-01,3.1407
2018-02-02,3.1574
2018-02-05,3.1936
2018-02-06,3.1094
2018-02-07,3.0297
2018-02-08,2.9515
2018-02-09,2.7862
2018-02-12,2.793
2018-02-13,2.8418
2018-02-14,2.8632
2018-02-22,2.9183
2018-02-23,2.9519
2018-02-26,2.9658
2018-02-27,2.9116
2018-02-28,2.8614
2018-03-01,2.8891
2018-03-02,2.8612
2018-03-05,2.8598
2018-03-06,2.8961
2018-03-07,2.8710000000000004
2018-03-08,2.9005
2018-03-09,2.9075
2018-03-12,2.9102
2018-03-13,2.8704
2018-03-14,2.8666
2018-03-15,2.8973
2018-03-16,2.8635
2018-03-19,2.893
2018-03-20,2.8952
2018-03-21,2.878
2018-03-22,2.8543
2018-03-23,2.7417
2018-03-26,2.735
2018-03-27,2.7373
2018-03-28,2.6924
2018-03-29,2.7288
2018-03-30,2.713
2018-04-02,2.6955
2018-04-03,2.6953
2018-04-04,2.6951
2018-04-09,2.7134
2018-04-10,2.778
2018-04-11,2.7779
2018-04-12,2.7459
2018-04-13,2.7213
2018-04-16,2.6573
2018-04-17,2.6277
2018-04-18,2.6464
2018-04-19,2.6774
2018-04-20,2.6344
2018-04-23,2.6562
2018-04-24,2.7173
2018-04-25,2.6991
2018-04-26,2.6627
2018-04-27,2.6563
2018-05-02,2.6592
2018-05-03,2.6627
2018-05-04,2.6426
2018-05-07,2.6794
2018-05-08,2.717
2018-05-09,2.7138
2018-05-10,2.7273
2018-05-11,2.72
2018-05-14,2.7475
2018-05-15,2.7429
2018-05-16,2.7061
2018-05-17,2.6918
2018-05-18,2.7367
2018-05-21,2.7347
2018-05-22,2.7171
2018-05-23,2.6599
2018-05-24,2.6699
2018-05-25,2.6664
2018-05-28,2.6817
2018-05-29,2.6659
2018-05-30,2.6108
2018-05-31,2.6583
2018-06-01,2.6495
2018-06-04,2.6913
2018-06-05,2.7027
2018-06-06,2.6927
2018-06-07,2.6976
2018-06-08,2.6544
2018-06-11,2.6634
2018-06-12,2.6925
2018-06-13,2.6743
2018-06-14,2.6788
2018-06-15,2.6842
2018-06-19,2.6083
2018-06-20,2.611
2018-06-21,2.5905
2018-06-22,2.5978
2018-06-25,2.5469
2018-06-26,2.5194
2018-06-27,2.4524
2018-06-28,2.4481
2018-06-29,2.5003
2018-07-02,2.3935
2018-07-03,2.4089
2018-07-04,2.3908
2018-07-05,2.3898
2018-07-06,2.4237
2018-07-09,2.4966
2018-07-10,2.4951
2018-07-11,2.4563
2018-07-12,2.5057
2018-07-13,2.5099
2018-07-16,2.491
2018-07-17,2.4768
2018-07-18,2.464
2018-07-19,2.4733
2018-07-20,2.5405
2018-07-23,2.5658
2018-07-24,2.6041
2018-07-25,2.6005
2018-07-26,2.5766
2018-07-27,2.58
2018-07-30,2.5906
2018-07-31,2.5988
2018-08-01,2.5407
2018-08-02,2.4867
2018-08-03,2.4597
2018-08-06,2.4596
2018-08-07,2.5324
2018-08-08,2.4961
2018-08-09,2.5531
2018-08-10,2.552
2018-08-13,2.5278
2018-08-14,2.5186
2018-08-15,2.455
2018-08-16,2.4552
2018-08-17,2.4195
2018-08-20,2.4577
2018-08-21,2.4963
2018-08-22,2.4983
2018-08-23,2.5101
2018-08-24,2.5247
2018-08-27,2.5687
2018-08-28,2.5612
2018-08-29,2.5586
2018-08-30,2.536
2018-08-31,2.5207
2018-09-03,2.5165
2018-09-04,2.5515
2018-09-05,2.4887
2018-09-06,2.4707
2018-09-07,2.4961
2018-09-10,2.4722
2018-09-11,2.4551
2018-09-12,2.4406
2018-09-13,2.4711
2018-09-14,2.4784
2018-09-17,2.4535
2018-09-18,2.5161
2018-09-19,2.5371
2018-09-20,2.5412
2018-09-21,2.6285
2018-09-25,2.6
2018-09-26,2.639
2018-09-27,2.6389
2018-09-28,2.6677
2018-10-08,2.5419
2018-10-09,2.5514
2018-10-10,2.5531
2018-10-11,2.441
2018-10-12,2.4979
2018-10-15,2.4677
2018-10-16,2.4721
2018-10-17,2.4818
2018-10-18,2.4227
2018-10-19,2.4926
2018-10-22,2.5957
2018-10-23,2.5109
2018-10-24,2.5109
2018-10-25,2.5388
2018-10-26,2.5242
2018-10-29,2.4455
2018-10-30,2.4721
2018-10-31,2.5003
2018-11-01,2.5128
2018-11-02,2.5938
2018-11-05,2.5612
2018-11-06,2.5518
2018-11-07,2.5329
2018-11-08,2.5433
2018-11-09,2.4909
2018-11-12,2.4969
2018-11-13,2.5145
2018-11-14,2.4802
2018-11-15,2.5106
2018-11-16,2.5106
2018-11-19,2.5413
2018-11-20,2.5009
2018-11-21,2.4995
2018-11-22,2.4869
2018-11-23,2.4471
2018-11-26,2.4508
2018-11-27,2.4393
2018-11-28,2.4612
2018-11-29,2.4653
2018-11-30,2.4844
2018-12-03,2.4879
2018-12-04,2.4983
2018-12-05,2.4877
2018-12-06,2.443
2018-12-07,2.4357
2018-12-10,2.416
2018-12-11,2.4203
2018-12-12,2.4259
2018-12-13,2.4579
2018-12-14,2.4286
2018-12-17,2.4276
2018-12-18,2.3971
2018-12-19,2.3688
2018-12-20,2.336
2018-12-21,2.303
2018-12-24,2.3046
2018-12-25,2.293
2018-12-26,2.2509
2018-12-27,2.2864
2018-12-28,2.2889
2019-01-02,2.2606
2019-01-03,2.2652
2019-01-04,2.316
2019-01-07,2.31
2019-01-08,2.3046
2019-01-09,2.3299
2019-01-10,2.3299
2019-01-11,2.3492
2019-01-14,2.3277
2019-01-15,2.367
2019-01-16,2.3704
2019-01-17,2.3615
2019-01-18,2.4011
2019-01-21,2.4218
2019-01-22,2.3965
2019-01-23,2.3986
2019-01-24,2.4049
2019-01-25,2.4325
2019-01-28,2.4311
2019-01-29,2.4492
2019-01-30,2.4411
2019-01-31,2.4768
2019-02-01,2.4926
2019-02-11,2.5112
2019-02-12,2.5195
2019-02-13,2.5685
2019-02-14,2.5694
2019-02-15,2.5141
2019-02-18,2.5722
2019-02-19,2.5664
2019-02-20,2.5761
2019-02-21,2.5641
2019-02-22,2.619
2019-02-25,2.8215
2019-02-26,2.7292
2019-02-27,2.7333
2019-02-28,2.7333
2019-03-01,2.8159
2019-03-04,2.8234
2019-03-05,2.8262
2019-03-06,2.8268
2019-03-07,2.7775
2019-03-08,2.6791
2019-03-11,2.6972
2019-03-12,2.7057
2019-03-13,2.7114
2019-03-14,2.7162
2019-03-15,2.7434
2019-03-18,2.8163
2019-03-19,2.7934
2019-03-20,2.7954
2019-03-21,2.7852
2019-03-22,2.7782
2019-03-25,2.6966
2019-03-26,2.6938
2019-03-27,2.7187
2019-03-28,2.7222
2019-03-29,2.8273
2019-04-01,2.8789
2019-04-02,2.8806
2019-04-03,2.9114
2019-04-04,2.9407
2019-04-08,2.9399
2019-04-09,2.9505
2019-04-10,2.9618
2019-04-11,2.9092
2019-04-12,2.912
2019-04-15,2.905
2019-04-16,3.0122
2019-04-17,2.9984
2019-04-18,2.9846
2019-04-19,3.0171
2019-04-22,2.9556
2019-04-23,2.958
2019-04-24,2.9542
2019-04-25,2.9275
2019-04-26,2.8933
2019-04-29,2.932
2019-04-30,2.9375
2019-05-06,2.7916
2019-05-07,2.7965
2019-05-08,2.7528
2019-05-09,2.6869
2019-05-10,2.7752
2019-05-13,2.7249
2019-05-14,2.712
2019-05-15,2.7651
2019-05-16,2.7721
2019-05-17,2.7239
2019-05-20,2.7017
2019-05-21,2.7202
2019-05-22,2.7003
2019-05-23,2.6852
2019-05-24,2.6981
2019-05-27,2.7196
2019-05-28,2.7299
2019-05-29,2.7468
2019-05-30,2.7394
2019-05-31,2.7245
2019-06-03,2.7402
2019-06-04,2.724
2019-06-05,2.7205
2019-06-06,2.7101
2019-06-10,2.7405
2019-06-11,2.8087
2019-06-12,2.8031
2019-06-13,2.7997
2019-06-14,2.7904
2019-06-17,2.8026
2019-06-18,2.8117
2019-06-19,2.8567
2019-06-20,2.9461
2019-06-21,2.9562
2019-06-24,2.9574
2019-06-25,2.92
2019-06-26,2.9026
2019-06-27,2.9619
2019-06-28,2.9601
2019-07-01,3.0251
2019-07-02,3.0224
2019-07-03,2.995
2019-07-04,2.9849
2019-07-05,2.994
2019-07-08,2.9288
2019-07-09,2.915
2019-07-10,2.9157
2019-07-11,2.9249
2019-07-12,2.9444
2019-07-15,2.9466
2019-07-16,2.9285
2019-07-17,2.917
2019-07-18,2.9058
2019-07-19,2.9426
2019-07-22,2.9202
2019-07-23,2.9216
2019-07-24,2.9499
2019-07-25,2.9807
2019-07-26,2.9853
2019-07-29,2.9791
2019-07-30,2.9927
2019-07-31,2.9652
2019-08-01,2.9391
2019-08-02,2.893
2019-08-05,2.8379
2019-08-06,2.8074
2019-08-07,2.786
2019-08-08,2.8173
2019-08-09,2.8106
2019-08-12,2.8517
2019-08-13,2.8310000000000004
2019-08-14,2.8461
2019-08-15,2.854
2019-08-16,2.8601
2019-08-19,2.9184
2019-08-20,2.9166
2019-08-21,2.9176
2019-08-22,2.9193
2019-08-23,2.9563
2019-08-26,2.9123
2019-08-27,2.9358
2019-08-28,2.9042
2019-08-29,2.9001
2019-08-30,2.911
2019-09-02,2.9336
2019-09-03,2.9327
2019-09-04,2.9644
2019-09-05,3.0039
2019-09-06,3.0380000000000003
2019-09-09,3.0321
2019-09-10,3.0239
2019-09-11,3.0147
2019-09-12,3.0538
2019-09-16,3.0380000000000003
2019-09-17,2.9906
2019-09-18,3.0041
2019-09-19,3.0086
2019-09-20,3.0119
2019-09-23,2.9822
2019-09-24,2.987
2019-09-25,2.9802
2019-09-26,2.9835
2019-09-27,2.9868
2019-09-30,2.9432
2019-10-08,2.9684
2019-10-09,2.9688
2019-10-10,2.9844
2019-10-11,3.0313
2019-10-14,3.0572
2019-10-15,3.062
2019-10-16,3.0485
2019-10-17,3.0591
2019-10-18,3.01
2019-10-21,3.0144
2019-10-22,3.0177
2019-10-23,2.9997
2019-10-24,3.0109
2019-10-25,3.0179
2019-10-28,3.0322
2019-10-29,3.0227
2019-10-30,3.0023
2019-10-31,3.0084
2019-11-01,3.0553
2019-11-04,3.0689
2019-11-05,3.0869
2019-11-06,3.0802
2019-11-07,3.0821
2019-11-08,3.0639
2019-11-11,3.0202
2019-11-12,3.0238
2019-11-13,3.0198
2019-11-14,3.0185
2019-11-15,3.0114
2019-11-18,3.0329
2019-11-19,3.0478
2019-11-20,3.0158
2019-11-21,2.9986
2019-11-22,2.968
2019-11-25,2.9958
2019-11-26,2.9907
2019-11-27,2.9801
2019-11-28,2.9826
2019-11-29,2.9455
2019-12-02,2.9015
2019-12-03,2.9116
2019-12-04,2.9058
2019-12-05,2.9238
2019-12-06,2.9408
2019-12-09,2.9369
2019-12-10,2.9406
2019-12-11,2.9501
2019-12-12,2.9425
2019-12-13,3.0062
2019-12-16,2.9993
2019-12-17,3.0272
2019-12-18,3.023
2019-12-19,3.0178
2019-12-20,3.0094
2019-12-23,2.9814
2019-12-24,2.9888
2019-12-25,2.975
2019-12-26,3.0174
2019-12-27,3.0264
2019-12-30,3.0632
2019-12-31,3.068
2020-01-02,3.0892
2020-01-03,3.0746
2020-01-06,3.0524
2020-01-07,3.0674
2020-01-08,3.0389
2020-01-09,3.0618
2020-01-10,3.0664
2020-01-13,3.0851
2020-01-14,3.0798
2020-01-15,3.0502
2020-01-16,3.0404
2020-01-17,3.0441
2020-01-20,3.0556
2020-01-21,3.0071
2020-01-22,3.0012
2020-01-23,2.9364
2020-02-03,2.6446
2020-02-04,2.7757
2020-02-05,2.7894
2020-02-06,2.8361
2020-02-07,2.8371
2020-02-10,2.8278
2020-02-11,2.8616
2020-02-12,2.8744
2020-02-13,2.8616
2020-02-14,2.8828
2020-02-17,2.9368
2020-02-18,2.9113
2020-02-19,2.9124
2020-02-20,2.959
2020-02-21,2.955
2020-02-24,2.9119
2020-02-25,2.9007
2020-02-26,2.8968
2020-02-27,2.9037
2020-02-28,2.8159
2020-03-02,2.8985
2020-03-03,2.91
2020-03-04,2.942
2020-03-05,3.0047
2020-03-06,2.9548
2020-03-09,2.8528
2020-03-10,2.9176
2020-03-11,2.874
2020-03-12,2.8411
2020-03-13,2.8003
2020-03-16,2.6709
2020-03-17,2.6753
2020-03-18,2.599
2020-03-19,2.5674
2020-03-20,2.6246
2020-03-23,2.5524
2020-03-24,2.6254
2020-03-25,2.6751
2020-03-26,2.664
2020-03-27,2.6814
2020-03-30,2.6794
2020-03-31,2.6656
2020-04-01,2.6602
2020-04-02,2.7037
2020-04-03,2.6875
2020-04-07,2.7356
2020-04-08,2.725
2020-04-09,2.732
2020-04-10,2.7335
2020-04-13,2.7201
2020-04-14,2.7627
2020-04-15,2.747
2020-04-16,2.7507
2020-04-17,2.7803
2020-04-20,2.7925
2020-04-21,2.7648
2020-04-22,2.7996
2020-04-23,2.7556
2020-04-24,2.7485
2020-04-27,2.7725
2020-04-28,2.7889
2020-04-29,2.8064
2020-04-30,2.835
2020-05-06,2.8339
2020-05-07,2.8284
2020-05-08,2.8496
2020-05-11,2.8514
2020-05-12,2.8483
2020-05-13,2.8504
2020-05-14,2.822
2020-05-15,2.809
2020-05-18,2.8302
2020-05-19,2.8504
2020-05-20,2.8488
2020-05-21,2.8352
2020-05-22,2.7641
2020-05-25,2.7804
2020-05-26,2.7997
2020-05-27,2.789
2020-05-28,2.7868
2020-05-29,2.784
2020-06-01,2.8476
2020-06-02,2.8624
2020-06-03,2.8709
2020-06-04,2.8674
2020-06-05,2.8854
2020-06-08,2.8906
2020-06-09,2.9098
2020-06-10,2.8959
2020-06-11,2.8607
2020-06-12,2.8731
2020-06-15,2.8246
2020-06-16,2.8715
2020-06-17,2.8733
2020-06-18,2.8893
2020-06-19,2.9181
2020-06-22,2.9162
2020-06-23,2.9238
2020-06-24,2.9542
2020-06-29,2.9237
2020-06-30,2.939
2020-07-01,3.0139
2020-07-02,3.102
2020-07-03,3.1860000000000004
2020-07-06,3.5114
2020-07-07,3.4182
2020-07-08,3.4553
2020-07-09,3.4641
2020-07-10,3.3772
2020-07-13,3.4167
2020-07-14,3.3807
2020-07-15,3.3492
2020-07-16,3.1957
2020-07-17,3.2347
2020-07-20,3.3245
2020-07-21,3.3254
2020-07-22,3.3135
2020-07-23,3.3302
2020-07-24,3.2016
2020-07-27,3.2146
2020-07-28,3.2321
2020-07-29,3.2985
2020-07-30,3.2805
2020-07-31,3.2902
2020-08-03,3.3279
2020-08-04,3.3634
2020-08-05,3.3374
2020-08-06,3.3359
2020-08-07,3.3073
2020-08-10,3.3324
2020-08-11,3.3025
2020-08-12,3.2947
2020-08-13,3.2826
2020-08-14,3.3427
2020-08-17,3.4209
2020-08-18,3.4146
2020-08-19,3.3487
2020-08-20,3.3114
2020-08-21,3.3360000000000003
2020-08-24,3.3427
2020-08-25,3.3578
2020-08-26,3.3048
2020-08-27,3.3395
2020-08-28,3.4231
2020-08-31,3.3821
2020-09-01,3.4062
2020-09-02,3.3913
2020-09-03,3.3834
2020-09-04,3.3543
2020-09-07,3.2875
2020-09-08,3.3357
2020-09-09,3.2803
2020-09-10,3.2962
2020-09-11,3.3127
2020-09-14,3.3409
2020-09-15,3.3635
2020-09-16,3.341
2020-09-17,3.3105
2020-09-18,3.4069
2020-09-21,3.3612
2020-09-22,3.3182
2020-09-23,3.3059
2020-09-24,3.2665
2020-09-25,3.2823
2020-09-28,3.3035
2020-09-29,3.3015
2020-09-30,3.2717
2020-10-09,3.3356
2020-10-12,3.4410000000000003
2020-10-13,3.4366
2020-10-14,3.4244
2020-10-15,3.4293
2020-10-16,3.4333
2020-10-19,3.4076
2020-10-20,3.4116
2020-10-21,3.4329
2020-10-22,3.4196
2020-10-23,3.4147
2020-10-26,3.3567
2020-10-27,3.3447
2020-10-28,3.3693
2020-10-29,3.3854
2020-10-30,3.3314
2020-11-02,3.3212
2020-11-03,3.357
2020-11-04,3.3811
2020-11-05,3.4194
2020-11-06,3.4087
2020-11-09,3.4717
2020-11-10,3.4663
2020-11-11,3.4666
2020-11-12,3.4472
2020-11-13,3.3897
2020-11-16,3.427
2020-11-17,3.4297
2020-11-18,3.4357
2020-11-19,3.4617
2020-11-20,3.4645
2020-11-23,3.5199
2020-11-24,3.4958
2020-11-25,3.4681
2020-11-26,3.4493
2020-11-27,3.5095
2020-11-30,3.4813
2020-12-01,3.5604
2020-12-02,3.5552
2020-12-03,3.5441
2020-12-04,3.5531
2020-12-07,3.5531
2020-12-08,3.5076
2020-12-09,3.4787
2020-12-10,3.4658
2020-12-11,3.4371
2020-12-14,3.4689
2020-12-15,3.4719
2020-12-16,3.4823
2020-12-17,3.5372
2020-12-18,3.5035
2020-12-21,3.514
2020-12-22,3.4651
2020-12-23,3.4973
2020-12-24,3.4965
2020-12-25,3.5225
2020-12-28,3.5323
2020-12-29,3.5262
2020-12-30,3.5675
2020-12-31,3.6357
2021-01-04,3.6409
2021-01-05,3.6701
2021-01-06,3.7206
2021-01-07,3.8108
2021-01-08,3.7863
2021-01-11,3.7693
2021-01-12,3.9112
2021-01-13,3.8717
2021-01-14,3.8112
2021-01-15,3.8097
2021-01-18,3.8383
2021-01-19,3.7951
2021-01-20,3.7999
2021-01-21,3.8415
2021-01-22,3.8336
2021-01-25,3.8815
2021-01-26,3.8002
2021-01-27,3.8039
2021-01-28,3.7325
2021-01-29,3.72
2021-02-01,3.7366
2021-02-02,3.7552
2021-02-03,3.7663
2021-02-04,3.7857
2021-02-05,3.831
2021-02-08,3.8654
2021-02-09,3.9296
2021-02-10,4.0084
2021-02-18,3.9997
2021-02-19,4.0
2021-02-22,3.879
2021-02-23,3.8864
2021-02-24,3.7885
2021-02-25,3.8393
2021-02-26,3.7591
2021-03-01,3.7759
2021-03-02,3.7103
2021-03-03,3.805
2021-03-04,3.7038
2021-03-05,3.6861
2021-03-08,3.5604
2021-03-09,3.5034
2021-03-10,3.5273
2021-03-11,3.6148
2021-03-12,3.6162
2021-03-15,3.5571
2021-03-16,3.5814
2021-03-17,3.5739
2021-03-18,3.5902
2021-03-19,3.4973
2021-03-22,3.5209
2021-03-23,3.5053
2021-03-24,3.4498
2021-03-25,3.4534
2021-03-26,3.5087
2021-03-29,3.512
2021-03-30,3.5444
2021-03-31,3.5119
2021-04-01,3.5628
2021-04-02,3.5912
2021-04-06,3.5660000000000003
2021-04-07,3.534
2021-04-08,3.5501
2021-04-09,3.4976
2021-04-12,3.4719
2021-04-13,3.4565
2021-04-14,3.4642
2021-04-15,3.4279
2021-04-16,3.4466
2021-04-19,3.5055
2021-04-20,3.497
2021-04-21,3.5005
2021-04-22,3.482
2021-04-23,3.5113
2021-04-26,3.4568
2021-04-27,3.4666
2021-04-28,3.4447
2021-04-29,3.51
2021-04-30,3.4855
2021-05-06,3.4469
2021-05-07,3.4036
2021-05-10,3.4019
2021-05-11,3.4364
2021-05-12,3.443
2021-05-13,3.4152
2021-05-14,3.5037
2021-05-17,3.5322
2021-05-18,3.5325
2021-05-19,3.5067
2021-05-20,3.5163
2021-05-21,3.4782
2021-05-24,3.4862
2021-05-25,3.6346
2021-05-26,3.6483
2021-05-27,3.6725
2021-05-28,3.6578
2021-05-31,3.6558
2021-06-01,3.65
2021-06-02,3.6209
2021-06-03,3.5935
2021-06-04,3.6107
2021-06-07,3.6006
2021-06-08,3.5828
2021-06-09,3.5922
2021-06-10,3.6089
2021-06-11,3.5803
2021-06-15,3.5329
2021-06-16,3.4971
2021-06-17,3.4883
2021-06-18,3.4614
2021-06-21,3.4396
2021-06-22,3.4648
2021-06-23,3.4594
2021-06-24,3.5006
2021-06-25,3.5565
2021-06-28,3.5458
2021-06-29,3.514
2021-06-30,3.5228
2021-07-01,3.5069
2021-07-02,3.431
2021-07-05,3.4289
2021-07-06,3.44
2021-07-07,3.4541
2021-07-08,3.4068
2021-07-09,3.3956
2021-07-12,3.4184
2021-07-13,3.4292
2021-07-14,3.3783
2021-07-15,3.4436
2021-07-16,3.4094
2021-07-19,3.4226
2021-07-20,3.4126
2021-07-21,3.4237
2021-07-22,3.4275
2021-07-23,3.393
2021-07-26,3.2581
2021-07-27,3.1633
2021-07-28,3.1795
2021-07-29,3.2143
2021-07-30,3.1705
2021-08-02,3.238
2021-08-03,3.257
2021-08-04,3.2518
2021-08-05,3.2478
2021-08-06,3.2246
2021-08-09,3.2573
2021-08-10,3.3153
2021-08-11,3.2809
2021-08-12,3.258
2021-08-13,3.2539
2021-08-16,3.259
2021-08-17,3.1896
2021-08-18,3.2268
2021-08-19,3.1824
2021-08-20,3.1096
2021-08-23,3.1352
2021-08-24,3.1836
2021-08-25,3.1988
2021-08-26,3.1267
2021-08-27,3.1609
2021-08-30,3.1452
2021-08-31,3.134
2021-09-01,3.2036
2021-09-02,3.2097
2021-09-03,3.2201
2021-09-06,3.2524
2021-09-07,3.2871
2021-09-08,3.2538
2021-09-09,3.2449
2021-09-10,3.2953
2021-09-13,3.2828
2021-09-14,3.2304
2021-09-15,3.1867
2021-09-16,3.1716
2021-09-17,3.198
2021-09-22,3.1544
2021-09-23,3.1768
2021-09-24,3.1935
2021-09-27,3.2388
2021-09-28,3.2536
2021-09-29,3.2559
2021-09-30,3.2361
2021-10-08,3.2987
2021-10-11,3.314
2021-10-12,3.2977
2021-10-13,3.3254
2021-10-14,3.3133
2021-10-15,3.3389
2021-10-18,3.2721
2021-10-19,3.2910000000000004
2021-10-20,3.2958
2021-10-21,3.3157
2021-10-22,3.3556
2021-10-25,3.3532
2021-10-26,3.3268
2021-10-27,3.2885
2021-10-28,3.2971
2021-10-29,3.3105
2021-11-01,3.2985
2021-11-02,3.2559
2021-11-03,3.2266
2021-11-04,3.2497
2021-11-05,3.2524
2021-11-08,3.2381
2021-11-09,3.2304
2021-11-10,3.2111
2021-11-11,3.2804
2021-11-12,3.2683
2021-11-15,3.2711
2021-11-16,3.2681
2021-11-17,3.2467
2021-11-18,3.2125
2021-11-19,3.2543
2021-11-22,3.2479
2021-11-23,3.2613
2021-11-24,3.2756
2021-11-25,3.264
2021-11-26,3.2303
2021-11-29,3.1912
2021-11-30,3.1749
2021-12-01,3.1856
2021-12-02,3.1964
2021-12-03,3.221
2021-12-06,3.2305
2021-12-07,3.2525
2021-12-08,3.3057
2021-12-09,3.3583
2021-12-10,3.3533
2021-12-13,3.3572
2021-12-14,3.3417
2021-12-15,3.3071
2021-12-16,3.3188
2021-12-17,3.2699
2021-12-20,3.244
2021-12-21,3.2609
2021-12-22,3.2435
2021-12-23,3.2949
2021-12-24,3.2897
2021-12-27,3.2902
2021-12-28,3.3094
2021-12-29,3.2430000000000003
2021-12-30,3.2653
2021-12-31,3.2701
2022-01-04,3.2572
2022-01-05,3.2523
2022-01-06,3.2042
2022-01-07,3.2154
2022-01-10,3.2268
2022-01-11,3.2049
2022-01-12,3.2317
2022-01-13,3.1728
2022-01-14,3.1262
2022-01-17,3.1351
2022-01-18,3.1717
2022-01-19,3.1724
2022-01-20,3.2167
2022-01-21,3.2079
2022-01-24,3.1963
2022-01-25,3.1259
2022-01-26,3.1399
2022-01-27,3.1157
2022-01-28,3.0268
2022-02-07,3.0987
2022-02-08,3.1053
2022-02-09,3.1231
2022-02-10,3.1319
2022-02-11,3.1269
2022-02-14,3.0918
2022-02-15,3.1021
2022-02-16,3.1183
2022-02-17,3.1202
2022-02-18,3.1469
2022-02-21,3.1304
2022-02-22,3.0803
2022-02-23,3.0999
2022-02-24,3.0496
2022-02-25,3.0614
2022-02-28,3.0687
2022-03-01,3.1117
2022-03-02,3.0947
2022-03-03,3.0832
2022-03-04,3.0524
2022-03-07,2.9577
2022-03-08,2.911
2022-03-09,2.8877
2022-03-10,2.9111
2022-03-11,2.9231
2022-03-14,2.8336
2022-03-15,2.6689
2022-03-16,2.8071
2022-03-17,2.8551
2022-03-18,2.8917
2022-03-21,2.8652
2022-03-22,2.8769
2022-03-23,2.8973
2022-03-24,2.8773
2022-03-25,2.8289
2022-03-28,2.8353
2022-03-29,2.8222
2022-03-30,2.9018
2022-03-31,2.8852
2022-04-01,2.9232
2022-04-06,2.9079
2022-04-07,2.8856
2022-04-08,2.9111
2022-04-11,2.8346
2022-04-12,2.8778
2022-04-13,2.8731
2022-04-14,2.9141
2022-04-15,2.9187
2022-04-18,2.8722
2022-04-19,2.8464
2022-04-20,2.8175
2022-04-21,2.7817
2022-04-22,2.7938
2022-04-25,2.6641
2022-04-26,2.6614
2022-04-27,2.7027
2022-04-28,2.7534
2022-04-29,2.793
2022-05-05,2.7824
2022-05-06,2.7002
2022-05-09,2.6735
2022-05-10,2.7041
2022-05-11,2.7195
2022-05-12,2.7025
2022-05-13,2.7310000000000003
2022-05-16,2.7013
2022-05-17,2.7372
2022-05-18,2.7286
2022-05-19,2.7261
2022-05-20,2.7944
2022-05-23,2.7623
2022-05-24,2.7189
2022-05-25,2.713
2022-05-26,2.7244
2022-05-27,2.747
2022-05-30,2.7594
2022-05-31,2.7937
2022-06-01,2.7811
2022-06-02,2.7764
2022-06-06,2.8086
2022-06-07,2.8306
2022-06-08,2.8629
2022-06-09,2.8536
2022-06-10,2.8866
2022-06-13,2.8348
2022-06-14,2.8772
2022-06-15,2.9129
2022-06-16,2.8851
2022-06-17,2.9292
2022-06-20,2.9201
2022-06-21,2.9299
2022-06-22,2.8996
2022-06-23,2.9397
2022-06-24,2.9784
2022-06-27,3.0155
2022-06-28,3.044
2022-06-29,3.0227
2022-06-30,3.0714
2022-07-01,3.0599
2022-07-04,3.0657
2022-07-05,3.0647
2022-07-06,3.0138
2022-07-07,3.0041
2022-07-08,3.0082
2022-07-11,2.9632
2022-07-12,2.9454
2022-07-13,2.9387
2022-07-14,2.9174
2022-07-15,2.8706
2022-07-18,2.9144
2022-07-19,2.9007
2022-07-20,2.9075
2022-07-21,2.8724
2022-07-22,2.8903
2022-07-25,2.879
2022-07-26,2.8915
2022-07-27,2.8618
2022-07-28,2.8709
2022-07-29,2.8321
2022-08-01,2.8221
2022-08-02,2.7746
2022-08-03,2.756
2022-08-04,2.7824
2022-08-05,2.8202
2022-08-08,2.8049
2022-08-09,2.8047
2022-08-10,2.7703
2022-08-11,2.8310000000000004
2022-08-12,2.8392
2022-08-15,2.8239
2022-08-16,2.8092
2022-08-17,2.8258
2022-08-18,2.7984
2022-08-19,2.7943
2022-08-22,2.7926
2022-08-23,2.773
2022-08-24,2.7418
2022-08-25,2.8013
2022-08-26,2.8013
2022-08-29,2.7791
2022-08-30,2.774
2022-08-31,2.8078
2022-09-01,2.7816
2022-09-02,2.7578
2022-09-05,2.7466
2022-09-06,2.7687
2022-09-07,2.7598
2022-09-08,2.7527
2022-09-09,2.8056
2022-09-13,2.8118
2022-09-14,2.7937
2022-09-15,2.7899
2022-09-16,2.7307
2022-09-19,2.7244
2022-09-20,2.7175
2022-09-21,2.6936
2022-09-22,2.6748
2022-09-23,2.6741
2022-09-26,2.6569
2022-09-27,2.6830000000000003
2022-09-28,2.65
2022-09-29,2.6569
2022-09-30,2.6562
2022-10-10,2.5884
2022-10-11,2.5835
2022-10-12,2.6001
2022-10-13,2.5701
2022-10-14,2.6289
2022-10-17,2.624
2022-10-18,2.6096
2022-10-19,2.5575
2022-10-20,2.5458
2022-10-21,2.5282
2022-10-24,2.4298
2022-10-25,2.4314
2022-10-26,2.4374
2022-10-27,2.4238
2022-10-28,2.3715
2022-10-31,2.3347
2022-11-01,2.4416
2022-11-02,2.4596
2022-11-03,2.4265
2022-11-04,2.5091
2022-11-07,2.517
2022-11-08,2.5013
2022-11-09,2.4807
2022-11-10,2.4853
2022-11-11,2.5568
2022-11-14,2.5758
2022-11-15,2.6254
2022-11-16,2.6161
2022-11-17,2.6029
2022-11-18,2.591
2022-11-21,2.5569
2022-11-22,2.5668
2022-11-23,2.5795
2022-11-24,2.5626
2022-11-25,2.5948
2022-11-28,2.5495
2022-11-29,2.6553
2022-11-30,2.652
2022-12-01,2.6364
2022-12-02,2.6238
2022-12-05,2.6798
2022-12-06,2.69
2022-12-07,2.6743
2022-12-08,2.6823
2022-12-09,2.7144
2022-12-12,2.681
2022-12-13,2.6854
2022-12-14,2.701
2022-12-15,2.6875
2022-12-16,2.6983
2022-12-19,2.6576
2022-12-20,2.6107
2022-12-21,2.6146
2022-12-22,2.6294
2022-12-23,2.6257
2022-12-26,2.6148
2022-12-27,2.6438
2022-12-28,2.6494
2022-12-29,2.6435
2022-12-30,2.66
2023-01-03,2.6598
2023-01-04,2.6657
2023-01-05,2.7159
2023-01-06,2.7303
2023-01-09,2.7532
2023-01-10,2.7453
2023-01-11,2.7488
2023-01-12,2.7554
2023-01-13,2.804
2023-01-16,2.8489
2023-01-17,2.8446
2023-01-18,2.8215
2023-01-19,2.8342
2023-01-20,2.847
2023-01-30,2.8437
2023-01-31,2.83
2023-02-01,2.8363
2023-02-02,2.8286
2023-02-03,2.7867
2023-02-06,2.7426
2023-02-07,2.7510000000000003
2023-02-08,2.7436
2023-02-09,2.7747
2023-02-10,2.7607
2023-02-13,2.7767
2023-02-14,2.7877
2023-02-15,2.7617
2023-02-16,2.7509
2023-02-17,2.7199
2023-02-20,2.7992
2023-02-21,2.8109
2023-02-22,2.7757
2023-02-23,2.7803
2023-02-24,2.7416
2023-02-27,2.739
2023-02-28,2.7547
2023-03-01,2.7847
2023-03-02,2.783
2023-03-03,2.7848
2023-03-06,2.7529
2023-03-07,2.7214
2023-03-08,2.7005
2023-03-09,2.6821
2023-03-10,2.6449
2023-03-13,2.6721
2023-03-14,2.6542
2023-03-15,2.6543
2023-03-16,2.6297
2023-03-17,2.6397
2023-03-20,2.6198
2023-03-21,2.6479
2023-03-22,2.6504
2023-03-23,2.682
2023-03-24,2.6699
2023-03-27,2.6511
2023-03-28,2.6522
2023-03-29,2.6462
2023-03-30,2.6786
2023-03-31,2.6775
2023-04-03,2.6778
2023-04-04,2.6886
2023-04-06,2.675
2023-04-07,2.6951
2023-04-10,2.6949
2023-04-11,2.6884
2023-04-12,2.6727
2023-04-13,2.6763
2023-04-14,2.6858
2023-04-17,2.7405
2023-04-18,2.7499
2023-04-19,2.7273
2023-04-20,2.7081
2023-04-21,2.6601
2023-04-24,2.6255
2023-04-25,2.6252
2023-04-26,2.6201
2023-04-27,2.662
2023-04-28,2.6861
2023-05-04,2.6982
2023-05-05,2.6921
2023-05-08,2.7254
2023-05-09,2.7097
2023-05-10,2.6801
2023-05-11,2.6735
2023-05-12,2.6364
2023-05-15,2.6841
2023-05-16,2.6786
2023-05-17,2.6553
2023-05-18,2.6482
2023-05-19,2.6358
2023-05-22,2.6605
2023-05-23,2.6188
2023-05-24,2.5795
2023-05-25,2.5752
2023-05-26,2.5713
2023-05-29,2.5645
2023-05-30,2.5497
2023-05-31,2.5111
2023-06-01,2.5139
2023-06-02,2.557
2023-06-05,2.5428
2023-06-06,2.5269
2023-06-07,2.5275
2023-06-08,2.5542
2023-06-09,2.562
2023-06-12,2.5592
2023-06-13,2.5689
2023-06-14,2.5662
2023-06-15,2.6045
2023-06-16,2.6256
2023-06-19,2.5944
2023-06-20,2.582
2023-06-21,2.5555
2023-06-26,2.5288
2023-06-27,2.5405
2023-06-28,2.5498
2023-06-29,2.5433
2023-06-30,2.5505
2023-07-03,2.5858
2023-07-04,2.5881
2023-07-05,2.573
2023-07-06,2.5539
2023-07-07,2.5435
2023-07-10,2.5556
2023-07-11,2.5734
2023-07-12,2.5718
2023-07-13,2.6134
2023-07-14,2.6122
2023-07-17,2.5865
2023-07-18,2.5843
2023-07-19,2.5921
2023-07-20,2.5784
2023-07-21,2.5866
2023-07-24,2.5729
2023-07-25,2.6536
2023-07-26,2.6536
2023-07-27,2.6562
2023-07-28,2.7337
2023-07-31,2.7382
2023-08-01,2.7312
2023-08-02,2.7075
2023-08-03,2.73
2023-08-04,2.7311
2023-08-07,2.7231
2023-08-08,2.7187
2023-08-09,2.7182
2023-08-10,2.7153
2023-08-11,2.6484
2023-08-14,2.6260000000000003
2023-08-15,2.6275
2023-08-16,2.607
2023-08-17,2.6147
2023-08-18,2.5832
2023-08-21,2.5479
2023-08-22,2.5677
2023-08-23,2.5033
2023-08-24,2.5642
2023-08-25,2.5729
2023-08-28,2.6019
2023-08-29,2.6161
2023-08-30,2.6075
2023-08-31,2.5951
2023-09-01,2.6159
2023-09-04,2.6615
2023-09-05,2.6463
2023-09-06,2.6444
2023-09-07,2.6162
2023-09-08,2.6014
2023-09-11,2.6185
2023-09-12,2.6147
2023-09-13,2.6045
2023-09-14,2.6109
2023-09-15,2.5996
2023-09-18,2.6112
2023-09-19,2.6115
2023-09-20,2.5991
2023-09-21,2.5725
2023-09-22,2.6352
2023-09-25,2.6106
2023-09-26,2.5939
2023-09-27,2.6024
2023-09-28,2.5906
2023-10-09,2.5805
2023-10-10,2.564
2023-10-11,2.5735
2023-10-12,2.5957
2023-10-13,2.5695
2023-10-16,2.547
2023-10-17,2.5545
2023-10-18,2.5421
2023-10-19,2.4764
2023-10-20,2.4607
2023-10-23,2.4393
2023-10-24,2.4513
2023-10-25,2.4524
2023-10-26,2.4759
2023-10-27,2.4998
2023-10-30,2.4979
2023-10-31,2.4948
2023-11-01,2.5005
2023-11-02,2.497
2023-11-03,2.5185
2023-11-06,2.537
2023-11-07,2.5273
2023-11-08,2.5173
2023-11-09,2.519
2023-11-10,2.4925
2023-11-13,2.4884
2023-11-14,2.4868
2023-11-15,2.5053
2023-11-16,2.4792
2023-11-17,2.4756
2023-11-20,2.481
2023-11-21,2.4925
2023-11-22,2.4667
2023-11-23,2.49
2023-11-24,2.4735
2023-11-27,2.4136
2023-11-28,2.4139
2023-11-29,2.4018
2023-11-30,2.4083
2023-12-01,2.3906
2023-12-04,2.3718
2023-12-05,2.315
2023-12-06,2.3175
2023-12-07,2.3107
2023-12-08,2.3164
2023-12-11,2.3296
2023-12-12,2.3394
2023-12-13,2.2909
2023-12-14,2.2805
2023-12-15,2.2835
2023-12-18,2.2864
2023-12-19,2.2901
2023-12-20,2.2739
2023-12-21,2.3027
2023-12-22,2.3087
2023-12-25,2.309
2023-12-26,2.2993
2023-12-27,2.2992
2023-12-28,2.3622
2023-12-29,2.3613
2024-01-02,2.3323
2024-01-03,2.3359
2024-01-04,2.3185
2024-01-05,2.3062
2024-01-08,2.2788
2024-01-09,2.2805
2024-01-10,2.2711
2024-01-11,2.2791
2024-01-12,2.2729
2024-01-15,2.2725
2024-01-16,2.2849
2024-01-17,2.2297
2024-01-18,2.263
2024-01-19,2.2723
2024-01-22,2.2441
2024-01-23,2.2552
2024-01-24,2.2802
2024-01-25,2.3501
2024-01-26,2.3521
2024-01-29,2.3428
2024-01-30,2.3119
2024-01-31,2.2933
2024-02-01,2.2856
2024-02-02,2.2609
2024-02-05,2.2821
2024-02-06,2.3439
2024-02-07,2.3709
2024-02-08,2.3841
2024-02-19,2.391
2024-02-20,2.3921
2024-02-21,2.4398
2024-02-22,2.4649
2024-02-23,2.4642
2024-02-26,2.4245
2024-02-27,2.4383
2024-02-28,2.4257
2024-02-29,2.4484
2024-03-01,2.4526
2024-03-04,2.4538
2024-03-05,2.4721
2024-03-06,2.4659
2024-03-07,2.4547
2024-03-08,2.4593
2024-03-11,2.4773
2024-03-12,2.4853
2024-03-13,2.4644
2024-03-14,2.46
2024-03-15,2.4599
2024-03-18,2.4697
2024-03-19,2.4503
2024-03-20,2.4597
2024-03-21,2.4615
2024-03-22,2.4345
2024-03-25,2.4359
2024-03-26,2.4467
2024-03-27,2.4301
2024-03-28,2.4393
2024-03-29,2.4502
2024-04-01,2.4795
2024-04-02,2.4757
2024-04-03,2.4665
2024-04-08,2.4489
2024-04-09,2.4381
2024-04-10,2.4311
2024-04-11,2.4299
2024-04-12,2.4062
2024-04-15,2.4551
2024-04-16,2.4476
2024-04-17,2.4731
2024-04-18,2.4782
2024-04-19,2.4623
2024-04-22,2.4599
2024-04-23,2.4477
2024-04-24,2.4528
2024-04-25,2.4698
2024-04-26,2.5017
2024-04-29,2.5183
2024-04-30,2.5051
2024-05-06,2.533
2024-05-07,2.5373
2024-05-08,2.5219
2024-05-09,2.5388
2024-05-10,2.5439
2024-05-13,2.5393
2024-05-14,2.5301
2024-05-15,2.5113
2024-05-16,2.5222
2024-05-17,2.5617
2024-05-20,2.5659
2024-05-21,2.5605
2024-05-22,2.5719
2024-05-23,2.5442
2024-05-24,2.5158
2024-05-27,2.5361
2024-05-28,2.5287
2024-05-29,2.5318
2024-05-30,2.5138
2024-05-31,2.5056
2024-06-03,2.5067
2024-06-04,2.5205
2024-06-05,2.5101
2024-06-06,2.51
2024-06-07,2.499
2024-06-11,2.4697
2024-06-12,2.4667
2024-06-13,2.4557
2024-06-14,2.4704
2024-06-17,2.4572
2024-06-18,2.4561
2024-06-19,2.459
2024-06-20,2.4511
2024-06-21,2.446
2024-06-24,2.4455
2024-06-25,2.435
2024-06-26,2.4345
2024-06-27,2.4386
2024-06-28,2.4462
2024-07-01,2.454
2024-07-02,2.4643
2024-07-03,2.4648
2024-07-04,2.4572
2024-07-05,2.4281
2024-07-08,2.423
2024-07-09,2.4477
2024-07-10,2.4426
2024-07-11,2.4679
2024-07-12,2.4819
2024-07-15,2.4882
2024-07-16,2.4956
2024-07-17,2.5057
2024-07-18,2.5129
2024-07-19,2.5251
2024-07-22,2.5073
2024-07-23,2.4808
2024-07-24,2.4653
2024-07-25,2.4494
2024-07-26,2.4438
2024-07-29,2.438
2024-07-30,2.4238
2024-07-31,2.4683
2024-08-01,2.4528
2024-08-02,2.4358
2024-08-05,2.4201
2024-08-06,2.4017
2024-08-07,2.3997
2024-08-08,2.4087
2024-08-09,2.4041
2024-08-12,2.4063
2024-08-13,2.4046
2024-08-14,2.3912
2024-08-15,2.4233
2024-08-16,2.4353
2024-08-19,2.4448
2024-08-20,2.4341
2024-08-21,2.4263
2024-08-22,2.4273
2024-08-23,2.4443
2024-08-26,2.4411
2024-08-27,2.4432
2024-08-28,2.4164
2024-08-29,2.4086
2024-08-30,2.4307
2024-09-02,2.3929
2024-09-03,2.3821
2024-09-04,2.3626
2024-09-05,2.3654
2024-09-06,2.3532
2024-09-09,2.322
2024-09-10,2.3226
2024-09-11,2.3084
2024-09-12,2.2985
2024-09-13,2.2943
2024-09-18,2.3076
2024-09-19,2.3199
2024-09-20,2.3233
2024-09-23,2.3316
2024-09-24,2.4489
2024-09-25,2.4709
2024-09-26,2.6154
2024-09-27,2.7527
2024-09-30,2.9448
2024-10-08,2.9760000000000004
2024-10-09,2.767
2024-10-10,2.8491
2024-10-11,2.7932
2024-10-14,2.8285
2024-10-15,2.7602
2024-10-16,2.7539
2024-10-17,2.7122
2024-10-18,2.7902
2024-10-21,2.7905
2024-10-22,2.8
2024-10-23,2.8131
2024-10-24,2.7952
2024-10-25,2.7987
2024-10-28,2.8022
2024-10-29,2.7848
2024-10-30,2.748
2024-10-31,2.749
2024-11-01,2.7672
2024-11-04,2.7924
2024-11-05,2.8471
2024-11-06,2.8238
2024-11-07,2.9302
2024-11-08,2.8871
2024-11-11,2.8701
2024-11-12,2.8248
2024-11-13,2.8418
2024-11-14,2.8171
2024-11-15,2.7828
2024-11-18,2.7916
2024-11-19,2.7799
2024-11-20,2.7852
2024-11-21,2.7912
2024-11-22,2.7092
2024-11-25,2.6877
2024-11-26,2.6975
2024-11-27,2.7269
2024-11-28,2.7214
2024-11-29,2.735
2024-12-02,2.6929
2024-12-03,2.7058
2024-12-04,2.7
2024-12-05,2.69
2024-12-06,2.7216
2024-12-09,2.7218
2024-12-10,2.7455
2024-12-11,2.7326
2024-12-12,2.763
2024-12-13,2.687
2024-12-16,2.6878
2024-12-17,2.7016
2024-12-18,2.7185
2024-12-19,2.7122
2024-12-20,2.7015
2024-12-23,2.7214
2024-12-24,2.7521
2024-12-25,2.7519
2024-12-26,2.7642
2024-12-27,2.7616
2024-12-30,2.7807
2024-12-31,2.736
2025-01-02,2.6665
2025-01-03,2.6443
2025-01-06,2.633
2025-01-07,2.6471
2025-01-08,2.6523
2025-01-09,2.636
2025-01-10,2.6157
2025-01-13,2.6089
2025-01-14,2.6532
2025-01-15,2.6457
2025-01-16,2.6353
2025-01-17,2.6376
2025-01-20,2.6424
2025-01-21,2.6389
2025-01-22,2.5998
2025-01-23,2.6258
2025-01-24,2.6445
2025-01-27,2.6326
2025-02-05,2.6174
2025-02-06,2.6409
2025-02-07,2.6705
2025-02-10,2.6812
2025-02-11,2.6725
2025-02-12,2.7011
2025-02-13,2.7016
2025-02-14,2.721
2025-02-17,2.7223
2025-02-18,2.7089
2025-02-19,2.7219
2025-02-20,2.7072
2025-02-21,2.7448
2025-02-24,2.7305
2025-02-25,2.7015
2025-02-26,2.724
2025-02-27,2.7434
2025-02-28,2.7054
2025-03-03,2.6889
2025-03-04,2.6799
2025-03-05,2.6976
2025-03-06,2.7451
2025-03-07,2.7426
2025-03-10,2.7257
2025-03-11,2.7351
2025-03-12,2.7302
2025-03-13,2.7234
2025-03-14,2.8039
2025-03-17,2.7987
2025-03-18,2.7998
2025-03-19,2.8104
2025-03-20,2.7821
2025-03-21,2.7342
2025-03-24,2.7512
2025-03-25,2.7529
2025-03-26,2.7341
2025-03-27,2.7547
2025-03-28,2.7427
2025-03-31,2.7299
2025-04-01,2.7256
2025-04-02,2.721
2025-04-03,2.7254
2025-04-07,2.5234
2025-04-08,2.5962
2025-04-09,2.631
2025-04-10,2.6566
2025-04-11,2.6689
2025-04-14,2.6812
2025-04-15,2.6865
2025-04-16,2.7028
2025-04-17,2.7139
2025-04-18,2.7148
2025-04-21,2.7119
2025-04-22,2.7153
2025-04-23,2.7039
2025-04-24,2.7131
2025-04-25,2.7081
2025-04-28,2.7094
2025-04-29,2.7019
2025-04-30,2.6907
2025-05-06,2.7082
2025-05-07,2.7268
2025-05-08,2.7421
2025-05-09,2.7446
2025-05-12,2.7643
2025-05-13,2.7688
2025-05-14,2.8175
2025-05-15,2.802
2025-05-16,2.7734
2025-05-19,2.7661
2025-05-20,2.7777
2025-05-21,2.7910000000000004
2025-05-22,2.793
2025-05-23,2.7711
2025-05-26,2.7631
2025-05-27,2.7501
2025-05-28,2.7496
2025-05-29,2.7562
2025-05-30,2.7479
2025-06-03,2.7491
2025-06-04,2.7559
2025-06-05,2.755
2025-06-06,2.756
2025-06-09,2.7572
2025-06-10,2.7414
2025-06-11,2.7622
2025-06-12,2.7599
2025-06-13,2.7421
2025-06-16,2.7553
2025-06-17,2.7548
2025-06-18,2.7507
2025-06-19,2.7326
2025-06-20,2.7478
2025-06-23,2.7627
2025-06-24,2.7924
2025-06-25,2.8315
2025-06-26,2.8275
2025-06-27,2.7983
2025-06-30,2.8085
2025-07-01,2.8107
2025-07-02,2.8169
2025-07-03,2.8203
2025-07-04,2.8363
2025-07-07,2.8271
2025-07-08,2.846
2025-07-09,2.8431
2025-07-10,2.8594
2025-07-11,2.8754
2025-07-14,2.8703
2025-07-15,2.8553
2025-07-16,2.8507
2025-07-17,2.8584
2025-07-18,2.8858
2025-07-21,2.8896
2025-07-22,2.9102
2025-07-23,2.9149
2025-07-24,2.9384
2025-07-25,2.9212
2025-07-28,2.932
2025-07-29,2.9383
2025-07-30,2.9462
2025-07-31,2.9019
2025-08-01,2.8793
2025-08-04,2.8937
2025-08-05,2.9156
2025-08-06,2.9206
2025-08-07,2.9211
2025-08-08,2.9102
2025-08-11,2.9142
2025-08-12,2.9342
2025-08-13,2.9415
2025-08-14,2.9532
2025-08-15,2.9697
2025-08-18,2.9757
2025-08-19,2.9399
2025-08-20,2.9776
2025-08-21,2.9903
2025-08-22,3.0678
2025-08-25,3.1289
2025-08-26,3.0996
2025-08-27,3.0507
2025-08-28,3.0984
2025-08-29,3.119
2025-09-01,3.1185
2025-09-02,3.1306
2025-09-03,3.083
2025-09-04,3.0346
2025-09-05,3.0738
2025-09-08,3.0706
2025-09-09,3.0603
2025-09-10,3.0727
2025-09-11,3.1255
2025-09-12,3.1057
2025-09-15,3.0987
2025-09-16,3.0853
2025-09-17,3.0908
2025-09-18,3.0436
2025-09-19,3.0443
2025-09-22,3.0521
2025-09-23,3.0486
2025-09-24,3.0718
2025-09-25,3.0913
2025-09-26,3.084
2025-09-29,3.1147
2025-09-30,3.1281
2025-10-09,3.1660000000000004
2025-10-10,3.1157
2025-10-13,3.104
2025-10-14,3.1002
2025-10-15,3.1399
2025-10-16,3.1601
2025-10-17,3.1042
2025-10-20,3.1116
2025-10-21,3.1433
2025-10-22,3.1449
2025-10-23,3.1687
2025-10-24,3.1944
2025-10-27,3.2164
2025-10-28,3.1994
2025-10-29,3.2116
2025-10-30,3.1927
2025-10-31,3.1652
2025-11-03,3.1645
2025-11-04,3.1585
2025-11-05,3.152
2025-11-06,3.1913
2025-11-07,3.1873
2025-11-10,3.2039
2025-11-11,3.1824
2025-11-12,3.1952
2025-11-13,3.221
2025-11-14,3.1843
2025-11-17,3.1603
2025-11-18,3.151
2025-11-19,3.1636
2025-11-20,3.1556
2025-11-21,3.0961
2025-11-24,3.0933
2025-11-25,3.1085
2025-11-26,3.1069
2025-11-27,3.1121
2025-11-28,3.1146
2025-12-01,3.1375
2025-12-02,3.1226
2025-12-03,3.1094
2025-12-04,3.1174
2025-12-05,3.1467
2025-12-08,3.1661
2025-12-09,3.1452
2025-12-10,3.1335
2025-12-11,3.1199
2025-12-12,3.1371
2025-12-15,3.1347
2025-12-16,3.1005
2025-12-17,3.06
2025-12-18,3.0627
2025-12-19,3.08
2025-12-22,3.0926
2025-12-23,3.0965
2025-12-24,3.0987
2025-12-25,3.1087
2025-12-26,3.1238
2025-12-29,3.1114
2025-12-30,3.1118
2025-12-31,3.1036
2026-01-05,3.1732
2026-01-06,3.236
2026-01-07,3.222
2026-01-08,3.2018
2026-01-09,3.2131
2026-01-12,3.2212
2026-01-13,3.2135
2026-01-14,3.1896
2026-01-15,3.1812
2026-01-16,3.1615
2026-01-19,3.1566
2026-01-20,3.1521
2026-01-21,3.1468
2026-01-22,3.133
2026-01-23,3.1082
2026-01-26,3.1303
2026-01-27,3.1298
2026-01-28,3.1295
2026-01-29,3.2022
2026-01-30,3.1563
2026-02-02,3.0869999999999997
2026-02-03,3.116
2026-02-04,3.1527
2026-02-05,3.1426
2026-02-06,3.1209
2026-02-09,3.1648
2026-02-10,3.1723
2026-02-11,3.1707
2026-02-12,3.1643
2026-02-13,3.1112
2026-02-24,3.1189
2026-02-25,3.1291
2026-02-26,3.1187
2026-02-27,3.1278
2026-03-02,3.127
2026-03-03,3.0989
2026-03-04,3.0534
2026-03-05,3.0669
2026-03-06,3.0711
2026-03-09,3.0395
2026-03-10,3.0603
2026-03-11,3.064
2026-03-12,3.0457
2026-03-13,3.0351
2026-03-16,3.0313
2026-03-17,3.0409
2026-03-18,3.0368
2026-03-19,2.9944
2026-03-20,2.9589999999999996
2026-03-23,2.8703
2026-03-24,2.8960000000000004
2026-03-25,2.927
2026-03-26,2.9004
2026-03-27,2.91
2026-03-30,2.907
2026-03-31,2.9012
2026-04-01,2.9505
2026-04-02,2.9228
2026-04-03,2.9011
2026-04-07,2.8982
2026-04-08,2.9791
2026-04-09,2.9581
