,USDCNH
2014-01-01,6.0568
2014-01-02,6.0516
2014-01-03,6.0494
2014-01-04,6.0494
2014-01-05,6.0494
2014-01-06,6.0444
2014-01-07,6.0396
2014-01-08,6.0392
2014-01-09,6.0396
2014-01-10,6.033
2014-01-11,6.033
2014-01-12,6.033
2014-01-13,6.0279
2014-01-14,6.0194
2014-01-15,6.0232
2014-01-16,6.0246
2014-01-17,6.0235
2014-01-18,6.0235
2014-01-19,6.0235
2014-01-20,6.0196
2014-01-21,6.0322
2014-01-22,6.0295
2014-01-23,6.0382
2014-01-24,6.0429999999999975
2014-01-25,6.0429999999999975
2014-01-26,6.0429999999999975
2014-01-27,6.0381
2014-01-28,6.0304
2014-01-29,6.0312
2014-01-30,6.0351
2014-01-31,6.0352
2014-02-01,6.0352
2014-02-02,6.0352
2014-02-03,6.0337
2014-02-04,6.028
2014-02-05,6.0274
2014-02-06,6.0256
2014-02-07,6.0275
2014-02-08,6.0275
2014-02-09,6.0275
2014-02-10,6.0358
2014-02-11,6.0359
2014-02-12,6.0371
2014-02-13,6.0405
2014-02-14,6.0353
2014-02-15,6.0353
2014-02-16,6.0353
2014-02-17,6.0355
2014-02-18,6.0376
2014-02-19,6.0498
2014-02-20,6.0717
2014-02-21,6.0929
2014-02-22,6.0929
2014-02-23,6.0929
2014-02-24,6.0956
2014-02-25,6.1164
2014-02-26,6.1193
2014-02-27,6.1003
2014-02-28,6.12
2014-03-01,6.12
2014-03-02,6.12
2014-03-03,6.1268
2014-03-04,6.1305
2014-03-05,6.121
2014-03-06,6.1005
2014-03-07,6.1115
2014-03-08,6.1115
2014-03-09,6.1115
2014-03-10,6.1372
2014-03-11,6.141
2014-03-12,6.1416
2014-03-13,6.1439
2014-03-14,6.1564
2014-03-15,6.1564
2014-03-16,6.1564
2014-03-17,6.159
2014-03-18,6.1775
2014-03-19,6.1918
2014-03-20,6.2069
2014-03-21,6.2015
2014-03-22,6.2015
2014-03-23,6.2015
2014-03-24,6.1811
2014-03-25,6.1852
2014-03-26,6.2021
2014-03-27,6.2079999999999975
2014-03-28,6.2043
2014-03-29,6.2043
2014-03-30,6.2043
2014-03-31,6.2154
2014-04-01,6.2056
2014-04-02,6.2048
2014-04-03,6.2156
2014-04-04,6.2131
2014-04-05,6.2131
2014-04-06,6.2131
2014-04-07,6.2104
2014-04-08,6.1909
2014-04-09,6.1914
2014-04-10,6.2103
2014-04-11,6.2099
2014-04-12,6.2099
2014-04-13,6.2099
2014-04-14,6.2232
2014-04-15,6.2249
2014-04-16,6.2254
2014-04-17,6.2211
2014-04-18,6.2231
2014-04-19,6.2231
2014-04-20,6.2231
2014-04-21,6.2287
2014-04-22,6.2376
2014-04-23,6.2386
2014-04-24,6.2524
2014-04-25,6.2578
2014-04-26,6.2578
2014-04-27,6.2578
2014-04-28,6.2515
2014-04-29,6.2586
2014-04-30,6.2525
2014-05-01,6.2525
2014-05-02,6.2557
2014-05-03,6.2557
2014-05-04,6.2557
2014-05-05,6.2436
2014-05-06,6.2218
2014-05-07,6.2343
2014-05-08,6.2315
2014-05-09,6.2355
2014-05-10,6.2355
2014-05-11,6.2355
2014-05-12,6.2419
2014-05-13,6.2357
2014-05-14,6.2264
2014-05-15,6.2316
2014-05-16,6.2333
2014-05-17,6.2333
2014-05-18,6.2333
2014-05-19,6.2366
2014-05-20,6.2369
2014-05-21,6.2342
2014-05-22,6.2322
2014-05-23,6.2341
2014-05-24,6.2341
2014-05-25,6.2341
2014-05-26,6.2367
2014-05-27,6.2544
2014-05-28,6.265
2014-05-29,6.2476
2014-05-30,6.2477
2014-05-31,6.2477
2014-06-01,6.2477
2014-06-02,6.2559
2014-06-03,6.2509
2014-06-04,6.255
2014-06-05,6.2559
2014-06-06,6.2451
2014-06-07,6.2451
2014-06-08,6.2451
2014-06-09,6.2284
2014-06-10,6.2166
2014-06-11,6.2218
2014-06-12,6.2135
2014-06-13,6.2129
2014-06-14,6.2129
2014-06-15,6.2129
2014-06-16,6.2199
2014-06-17,6.2323
2014-06-18,6.2284
2014-06-19,6.2295
2014-06-20,6.2281
2014-06-21,6.2281
2014-06-22,6.2281
2014-06-23,6.2236
2014-06-24,6.2329
2014-06-25,6.2284
2014-06-26,6.2252
2014-06-27,6.2151
2014-06-28,6.2151
2014-06-29,6.2151
2014-06-30,6.2056
2014-07-01,6.2034
2014-07-02,6.215
2014-07-03,6.2116
2014-07-04,6.2067
2014-07-05,6.2067
2014-07-06,6.2067
2014-07-07,6.2025
2014-07-08,6.2038
2014-07-09,6.1968
2014-07-10,6.2032
2014-07-11,6.2044
2014-07-12,6.2044
2014-07-13,6.2044
2014-07-14,6.2093
2014-07-15,6.2152
2014-07-16,6.2074
2014-07-17,6.2068
2014-07-18,6.2069
2014-07-19,6.2069
2014-07-20,6.2069
2014-07-21,6.2052
2014-07-22,6.2034
2014-07-23,6.1922
2014-07-24,6.1918
2014-07-25,6.1886
2014-07-26,6.1886
2014-07-27,6.1886
2014-07-28,6.1813
2014-07-29,6.1819
2014-07-30,6.1738
2014-07-31,6.1808
2014-08-01,6.1746
2014-08-02,6.1746
2014-08-03,6.1746
2014-08-04,6.1745
2014-08-05,6.1697
2014-08-06,6.1604
2014-08-07,6.1662
2014-08-08,6.1554
2014-08-09,6.1554
2014-08-10,6.1554
2014-08-11,6.1538
2014-08-12,6.1603
2014-08-13,6.1589
2014-08-14,6.1519
2014-08-15,6.1479
2014-08-16,6.1479
2014-08-17,6.1479
2014-08-18,6.1413
2014-08-19,6.1445
2014-08-20,6.1447
2014-08-21,6.1547
2014-08-22,6.1559
2014-08-23,6.1559
2014-08-24,6.1559
2014-08-25,6.1551
2014-08-26,6.1507
2014-08-27,6.144
2014-08-28,6.1505
2014-08-29,6.1494
2014-08-30,6.1494
2014-08-31,6.1494
2014-09-01,6.1461
2014-09-02,6.1524
2014-09-03,6.146
2014-09-04,6.1468
2014-09-05,6.1449
2014-09-06,6.1449
2014-09-07,6.1449
2014-09-08,6.1449
2014-09-09,6.1449
2014-09-10,6.1449
2014-09-11,6.1370000000000005
2014-09-12,6.1407
2014-09-13,6.1407
2014-09-14,6.1407
2014-09-15,6.1704
2014-09-16,6.1562
2014-09-17,6.1582
2014-09-18,6.146
2014-09-19,6.1444
2014-09-20,6.1444
2014-09-21,6.1444
2014-09-22,6.1533
2014-09-23,6.1424
2014-09-24,6.1396
2014-09-25,6.1476
2014-09-26,6.1447
2014-09-27,6.1447
2014-09-28,6.1447
2014-09-29,6.1789999999999985
2014-09-30,6.1792
2014-10-01,6.1707
2014-10-02,6.1611
2014-10-03,6.1665
2014-10-04,6.1665
2014-10-05,6.1665
2014-10-06,6.153
2014-10-07,6.1472
2014-10-08,6.1398
2014-10-09,6.1391
2014-10-10,6.1414
2014-10-11,6.1414
2014-10-12,6.1414
2014-10-13,6.1362
2014-10-14,6.1414
2014-10-15,6.1356
2014-10-16,6.1431
2014-10-17,6.1415
2014-10-18,6.1415
2014-10-19,6.1415
2014-10-20,6.1332
2014-10-21,6.1274
2014-10-22,6.1249
2014-10-23,6.1262
2014-10-24,6.1238
2014-10-25,6.1238
2014-10-26,6.1238
2014-10-27,6.1201
2014-10-28,6.1142
2014-10-29,6.1174
2014-10-30,6.1177
2014-10-31,6.1281
2014-11-01,6.1281
2014-11-02,6.1281
2014-11-03,6.1298
2014-11-04,6.1182
2014-11-05,6.1202
2014-11-06,6.1218
2014-11-07,6.1361
2014-11-08,6.1361
2014-11-09,6.1361
2014-11-10,6.1244
2014-11-11,6.1292
2014-11-12,6.1356
2014-11-13,6.1294
2014-11-14,6.1294
2014-11-15,6.1294
2014-11-16,6.1294
2014-11-17,6.1262
2014-11-18,6.1178
2014-11-19,6.125
2014-11-20,6.1256
2014-11-21,6.1346
2014-11-22,6.1346
2014-11-23,6.1346
2014-11-24,6.1595
2014-11-25,6.147
2014-11-26,6.1532
2014-11-27,6.1472
2014-11-28,6.16
2014-11-29,6.16
2014-11-30,6.16
2014-12-01,6.1582
2014-12-02,6.1569
2014-12-03,6.1473
2014-12-04,6.1519
2014-12-05,6.1595
2014-12-06,6.1595
2014-12-07,6.1595
2014-12-08,6.1736
2014-12-09,6.1876
2014-12-10,6.1876
2014-12-11,6.1966
2014-12-12,6.1956
2014-12-13,6.1956
2014-12-14,6.1956
2014-12-15,6.1994
2014-12-16,6.193
2014-12-17,6.2019
2014-12-18,6.221
2014-12-19,6.221
2014-12-20,6.221
2014-12-21,6.221
2014-12-22,6.223
2014-12-23,6.2189
2014-12-24,6.2268
2014-12-25,6.2249
2014-12-26,6.2070000000000025
2014-12-27,6.2070000000000025
2014-12-28,6.2070000000000025
2014-12-29,6.2189
2014-12-30,6.2338
2014-12-31,6.2128
2015-01-01,6.2128
2015-01-02,6.2128
2015-01-03,6.2128
2015-01-04,6.2128
2015-01-05,6.2287
2015-01-06,6.2275
2015-01-07,6.2125
2015-01-08,6.2166
2015-01-09,6.2184
2015-01-10,6.2184
2015-01-11,6.2184
2015-01-12,6.2056
2015-01-13,6.197
2015-01-14,6.1964
2015-01-15,6.1944
2015-01-16,6.21
2015-01-17,6.21
2015-01-18,6.21
2015-01-19,6.2242
2015-01-20,6.221
2015-01-21,6.2168
2015-01-22,6.2214
2015-01-23,6.2214
2015-01-24,6.2214
2015-01-25,6.2214
2015-01-26,6.2528
2015-01-27,6.255
2015-01-28,6.2429999999999986
2015-01-29,6.2593
2015-01-30,6.2620000000000005
2015-01-31,6.2620000000000005
2015-02-01,6.2620000000000005
2015-02-02,6.2728
2015-02-03,6.2569
2015-02-04,6.2562
2015-02-05,6.2424
2015-02-06,6.2484
2015-02-07,6.2484
2015-02-08,6.2484
2015-02-09,6.254
2015-02-10,6.2566
2015-02-11,6.2465
2015-02-12,6.2403
2015-02-13,6.2431
2015-02-14,6.2431
2015-02-15,6.2431
2015-02-16,6.2661
2015-02-17,6.2758
2015-02-18,6.2738
2015-02-19,6.2778
2015-02-20,6.2782
2015-02-21,6.2782
2015-02-22,6.2782
2015-02-23,6.2782
2015-02-24,6.2631
2015-02-25,6.2711
2015-02-26,6.2786
2015-02-27,6.2871
2015-02-28,6.2871
2015-03-01,6.2871
2015-03-02,6.2904
2015-03-03,6.2867
2015-03-04,6.2881
2015-03-05,6.2744
2015-03-06,6.2852
2015-03-07,6.2852
2015-03-08,6.2852
2015-03-09,6.2734
2015-03-10,6.2819
2015-03-11,6.2788
2015-03-12,6.2756
2015-03-13,6.2855
2015-03-14,6.2855
2015-03-15,6.2855
2015-03-16,6.2687
2015-03-17,6.2458
2015-03-18,6.2234
2015-03-19,6.2166
2015-03-20,6.2036
2015-03-21,6.2036
2015-03-22,6.2036
2015-03-23,6.2046
2015-03-24,6.2103
2015-03-25,6.2121
2015-03-26,6.2155
2015-03-27,6.2125
2015-03-28,6.2125
2015-03-29,6.2125
2015-03-30,6.2079999999999975
2015-03-31,6.2070000000000025
2015-04-01,6.2047
2015-04-02,6.1997
2015-04-03,6.1997
2015-04-04,6.1997
2015-04-05,6.1997
2015-04-06,6.1948
2015-04-07,6.2005
2015-04-08,6.2070000000000025
2015-04-09,6.218
2015-04-10,6.2168
2015-04-11,6.2168
2015-04-12,6.2168
2015-04-13,6.2262
2015-04-14,6.2141
2015-04-15,6.2004
2015-04-16,6.1886
2015-04-17,6.1942
2015-04-18,6.1942
2015-04-19,6.1942
2015-04-20,6.1966
2015-04-21,6.1976
2015-04-22,6.1944
2015-04-23,6.1925
2015-04-24,6.1978
2015-04-25,6.1978
2015-04-26,6.1978
2015-04-27,6.2156
2015-04-28,6.2052
2015-04-29,6.2011
2015-04-30,6.2084
2015-05-01,6.211
2015-05-02,6.211
2015-05-03,6.211
2015-05-04,6.2111
2015-05-05,6.2067
2015-05-06,6.2018
2015-05-07,6.2116
2015-05-08,6.2092
2015-05-09,6.2092
2015-05-10,6.2092
2015-05-11,6.2125
2015-05-12,6.2093
2015-05-13,6.2
2015-05-14,6.2049
2015-05-15,6.2024
2015-05-16,6.2024
2015-05-17,6.2024
2015-05-18,6.2062
2015-05-19,6.2095
2015-05-20,6.2065
2015-05-21,6.1973
2015-05-22,6.2004
2015-05-23,6.2004
2015-05-24,6.2004
2015-05-25,6.2028
2015-05-26,6.2094
2015-05-27,6.2059
2015-05-28,6.2043
2015-05-29,6.2043
2015-05-30,6.2043
2015-05-31,6.2043
2015-06-01,6.2051
2015-06-02,6.2009
2015-06-03,6.1998
2015-06-04,6.2058
2015-06-05,6.2118
2015-06-06,6.2118
2015-06-07,6.2118
2015-06-08,6.2082
2015-06-09,6.2114
2015-06-10,6.209
2015-06-11,6.2120000000000015
2015-06-12,6.2162
2015-06-13,6.2162
2015-06-14,6.2162
2015-06-15,6.2132
2015-06-16,6.2102
2015-06-17,6.2064
2015-06-18,6.2044
2015-06-19,6.2075
2015-06-20,6.2075
2015-06-21,6.2075
2015-06-22,6.2042
2015-06-23,6.2010000000000005
2015-06-24,6.2022
2015-06-25,6.2046
2015-06-26,6.2066
2015-06-27,6.2066
2015-06-28,6.2066
2015-06-29,6.2082
2015-06-30,6.2062
2015-07-01,6.2059
2015-07-02,6.2034
2015-07-03,6.2058
2015-07-04,6.2058
2015-07-05,6.2058
2015-07-06,6.2124
2015-07-07,6.2227
2015-07-08,6.222
2015-07-09,6.2184
2015-07-10,6.2166
2015-07-11,6.2166
2015-07-12,6.2166
2015-07-13,6.2171
2015-07-14,6.214
2015-07-15,6.2162
2015-07-16,6.2142
2015-07-17,6.2128
2015-07-18,6.2128
2015-07-19,6.2128
2015-07-20,6.2144
2015-07-21,6.2093
2015-07-22,6.2125
2015-07-23,6.2141
2015-07-24,6.2276
2015-07-25,6.2276
2015-07-26,6.2276
2015-07-27,6.2207
2015-07-28,6.2170000000000005
2015-07-29,6.2182
2015-07-30,6.2204
2015-07-31,6.2218
2015-08-01,6.2218
2015-08-02,6.2218
2015-08-03,6.2195
2015-08-04,6.2198
2015-08-05,6.2178
2015-08-06,6.2173
2015-08-07,6.2166
2015-08-08,6.2166
2015-08-09,6.2166
2015-08-10,6.2148
2015-08-11,6.4027
2015-08-12,6.4488
2015-08-13,6.462999999999999
2015-08-14,6.4455
2015-08-15,6.4455
2015-08-16,6.4455
2015-08-17,6.4453
2015-08-18,6.4389
2015-08-19,6.4591
2015-08-20,6.4411
2015-08-21,6.4537
2015-08-22,6.4537
2015-08-23,6.4537
2015-08-24,6.4971
2015-08-25,6.51
2015-08-26,6.4921
2015-08-27,6.4797
2015-08-28,6.4618
2015-08-29,6.4618
2015-08-30,6.4618
2015-08-31,6.4418
2015-09-01,6.4177
2015-09-02,6.449
2015-09-03,6.4491
2015-09-04,6.4672
2015-09-05,6.4672
2015-09-06,6.4672
2015-09-07,6.4789
2015-09-08,6.4549
2015-09-09,6.4668
2015-09-10,6.3874
2015-09-11,6.4092
2015-09-12,6.4092
2015-09-13,6.4092
2015-09-14,6.4031
2015-09-15,6.4107
2015-09-16,6.4045
2015-09-17,6.4011
2015-09-18,6.3874
2015-09-19,6.3874
2015-09-20,6.3874
2015-09-21,6.4008
2015-09-22,6.4159
2015-09-23,6.4426
2015-09-24,6.4209
2015-09-25,6.4008
2015-09-26,6.4008
2015-09-27,6.4008
2015-09-28,6.3689
2015-09-29,6.347
2015-09-30,6.3621
2015-10-01,6.3679
2015-10-02,6.3568
2015-10-03,6.3568
2015-10-04,6.3568
2015-10-05,6.3476
2015-10-06,6.3501
2015-10-07,6.3452
2015-10-08,6.3417
2015-10-09,6.339
2015-10-10,6.339
2015-10-11,6.339
2015-10-12,6.3226
2015-10-13,6.3426
2015-10-14,6.3408
2015-10-15,6.3502
2015-10-16,6.3645
2015-10-17,6.3645
2015-10-18,6.3645
2015-10-19,6.3871
2015-10-20,6.3711
2015-10-21,6.3672
2015-10-22,6.3913
2015-10-23,6.3976
2015-10-24,6.3976
2015-10-25,6.3976
2015-10-26,6.3895
2015-10-27,6.3958
2015-10-28,6.3941
2015-10-29,6.35
2015-10-30,6.3215
2015-10-31,6.3215
2015-11-01,6.3215
2015-11-02,6.3461
2015-11-03,6.3447
2015-11-04,6.3547
2015-11-05,6.3726
2015-11-06,6.3917
2015-11-07,6.3917
2015-11-08,6.3917
2015-11-09,6.3912
2015-11-10,6.394
2015-11-11,6.3905
2015-11-12,6.3914
2015-11-13,6.4052
2015-11-14,6.4052
2015-11-15,6.4052
2015-11-16,6.4
2015-11-17,6.4112
2015-11-18,6.4178
2015-11-19,6.4036
2015-11-20,6.4201
2015-11-21,6.4201
2015-11-22,6.4201
2015-11-23,6.4312
2015-11-24,6.4271
2015-11-25,6.4226
2015-11-26,6.4348
2015-11-27,6.4468
2015-11-28,6.4468
2015-11-29,6.4468
2015-11-30,6.4246
2015-12-01,6.4472
2015-12-02,6.4472
2015-12-03,6.4224
2015-12-04,6.4447
2015-12-05,6.4447
2015-12-06,6.4447
2015-12-07,6.4718
2015-12-08,6.4878
2015-12-09,6.5071
2015-12-10,6.4963
2015-12-11,6.5375
2015-12-12,6.5375
2015-12-13,6.5375
2015-12-14,6.5553
2015-12-15,6.5398
2015-12-16,6.5236
2015-12-17,6.5682
2015-12-18,6.5574
2015-12-19,6.5574
2015-12-20,6.5574
2015-12-21,6.5519
2015-12-22,6.5264
2015-12-23,6.5446
2015-12-24,6.5437
2015-12-25,6.5423
2015-12-26,6.5423
2015-12-27,6.5423
2015-12-28,6.5605
2015-12-29,6.5759
2015-12-30,6.5674
2015-12-31,6.5687
2016-01-01,6.5687
2016-01-02,6.5687
2016-01-03,6.5687
2016-01-04,6.6291
2016-01-05,6.6449
2016-01-06,6.6959
2016-01-07,6.6829
2016-01-08,6.6832
2016-01-09,6.6832
2016-01-10,6.6832
2016-01-11,6.5842
2016-01-12,6.5779999999999985
2016-01-13,6.5673
2016-01-14,6.6013
2016-01-15,6.6146
2016-01-16,6.6146
2016-01-17,6.6146
2016-01-18,6.5843
2016-01-19,6.5911
2016-01-20,6.6032
2016-01-21,6.6036
2016-01-22,6.6122
2016-01-23,6.6122
2016-01-24,6.6122
2016-01-25,6.6096
2016-01-26,6.6116
2016-01-27,6.6179999999999986
2016-01-28,6.6151
2016-01-29,6.5939999999999985
2016-01-30,6.5939999999999985
2016-01-31,6.5939999999999985
2016-02-01,6.6203
2016-02-02,6.6284
2016-02-03,6.6132
2016-02-04,6.5787
2016-02-05,6.5688
2016-02-06,6.5688
2016-02-07,6.5688
2016-02-08,6.5724
2016-02-09,6.5655
2016-02-10,6.5462
2016-02-11,6.5295
2016-02-12,6.5086
2016-02-13,6.5086
2016-02-14,6.5086
2016-02-15,6.5006
2016-02-16,6.5184
2016-02-17,6.5248
2016-02-18,6.5229
2016-02-19,6.5265
2016-02-20,6.5265
2016-02-21,6.5265
2016-02-22,6.5282
2016-02-23,6.5334
2016-02-24,6.535
2016-02-25,6.5349
2016-02-26,6.5475
2016-02-27,6.5475
2016-02-28,6.5475
2016-02-29,6.5522
2016-03-01,6.5495
2016-03-02,6.5489
2016-03-03,6.5223
2016-03-04,6.5023
2016-03-05,6.5023
2016-03-06,6.5023
2016-03-07,6.5093
2016-03-08,6.5086
2016-03-09,6.5116
2016-03-10,6.504
2016-03-11,6.4827
2016-03-12,6.4827
2016-03-13,6.4827
2016-03-14,6.4942
2016-03-15,6.5108
2016-03-16,6.4852
2016-03-17,6.4579
2016-03-18,6.4596
2016-03-19,6.4596
2016-03-20,6.4596
2016-03-21,6.4838
2016-03-22,6.4949
2016-03-23,6.5070000000000014
2016-03-24,6.5235
2016-03-25,6.5249
2016-03-26,6.5249
2016-03-27,6.5249
2016-03-28,6.5183
2016-03-29,6.4902
2016-03-30,6.4761
2016-03-31,6.4643
2016-04-01,6.4726
2016-04-02,6.4726
2016-04-03,6.4726
2016-04-04,6.4696
2016-04-05,6.4858
2016-04-06,6.4833
2016-04-07,6.4862
2016-04-08,6.4798
2016-04-09,6.4798
2016-04-10,6.4798
2016-04-11,6.4691
2016-04-12,6.4737
2016-04-13,6.4854
2016-04-14,6.4928
2016-04-15,6.4861
2016-04-16,6.4861
2016-04-17,6.4861
2016-04-18,6.4833
2016-04-19,6.4689
2016-04-20,6.4831
2016-04-21,6.4878
2016-04-22,6.5062
2016-04-23,6.5062
2016-04-24,6.5062
2016-04-25,6.5070000000000014
2016-04-26,6.502999999999999
2016-04-27,6.5051
2016-04-28,6.4860000000000015
2016-04-29,6.4861
2016-04-30,6.4861
2016-05-01,6.4861
2016-05-02,6.4861
2016-05-03,6.5041
2016-05-04,6.5159
2016-05-05,6.5162
2016-05-06,6.5146
2016-05-07,6.5146
2016-05-08,6.5146
2016-05-09,6.5162
2016-05-10,6.5417
2016-05-11,6.5162
2016-05-12,6.5476
2016-05-13,6.5528
2016-05-14,6.5528
2016-05-15,6.5528
2016-05-16,6.5491
2016-05-17,6.5484
2016-05-18,6.5774
2016-05-19,6.5621
2016-05-20,6.5648
2016-05-21,6.5648
2016-05-22,6.5648
2016-05-23,6.5617
2016-05-24,6.5665
2016-05-25,6.5638
2016-05-26,6.56
2016-05-27,6.5772
2016-05-28,6.5772
2016-05-29,6.5772
2016-05-30,6.5902
2016-05-31,6.5870000000000015
2016-06-01,6.5885
2016-06-02,6.5870000000000015
2016-06-03,6.5428
2016-06-04,6.5428
2016-06-05,6.5428
2016-06-06,6.5666
2016-06-07,6.5760000000000005
2016-06-08,6.5665
2016-06-09,6.5843
2016-06-10,6.6036
2016-06-11,6.6036
2016-06-12,6.6036
2016-06-13,6.5968
2016-06-14,6.6133
2016-06-15,6.5932
2016-06-16,6.5985
2016-06-17,6.597
2016-06-18,6.597
2016-06-19,6.597
2016-06-20,6.5904
2016-06-21,6.5958
2016-06-22,6.5809
2016-06-23,6.5808
2016-06-24,6.6378
2016-06-25,6.6378
2016-06-26,6.6378
2016-06-27,6.6813
2016-06-28,6.6856
2016-06-29,6.6556
2016-06-30,6.6698
2016-07-01,6.6774
2016-07-02,6.6774
2016-07-03,6.6774
2016-07-04,6.6744
2016-07-05,6.6902
2016-07-06,6.6972
2016-07-07,6.7016
2016-07-08,6.7018
2016-07-09,6.7018
2016-07-10,6.7018
2016-07-11,6.7070000000000025
2016-07-12,6.6974
2016-07-13,6.6879
2016-07-14,6.6917
2016-07-15,6.7116
2016-07-16,6.7116
2016-07-17,6.7116
2016-07-18,6.7048
2016-07-19,6.7107
2016-07-20,6.68
2016-07-21,6.6778
2016-07-22,6.6826
2016-07-23,6.6826
2016-07-24,6.6826
2016-07-25,6.6876
2016-07-26,6.6801
2016-07-27,6.6711
2016-07-28,6.6606
2016-07-29,6.6304
2016-07-30,6.6304
2016-07-31,6.6304
2016-08-01,6.646
2016-08-02,6.6332
2016-08-03,6.6427
2016-08-04,6.647
2016-08-05,6.6336
2016-08-06,6.6336
2016-08-07,6.6336
2016-08-08,6.6691
2016-08-09,6.6603
2016-08-10,6.6603
2016-08-11,6.6442
2016-08-12,6.65
2016-08-13,6.65
2016-08-14,6.65
2016-08-15,6.6472
2016-08-16,6.6306
2016-08-17,6.6354
2016-08-18,6.6332
2016-08-19,6.6560000000000015
2016-08-20,6.6560000000000015
2016-08-21,6.6560000000000015
2016-08-22,6.6598
2016-08-23,6.658
2016-08-24,6.6714
2016-08-25,6.6714
2016-08-26,6.6938
2016-08-27,6.6938
2016-08-28,6.6938
2016-08-29,6.69
2016-08-30,6.693
2016-08-31,6.6922
2016-09-01,6.6854
2016-09-02,6.698
2016-09-03,6.698
2016-09-04,6.698
2016-09-05,6.6921
2016-09-06,6.6742
2016-09-07,6.6718
2016-09-08,6.6804
2016-09-09,6.6956
2016-09-10,6.6956
2016-09-11,6.6956
2016-09-12,6.6912
2016-09-13,6.6918
2016-09-14,6.6670000000000025
2016-09-15,6.6497
2016-09-16,6.6554
2016-09-17,6.6554
2016-09-18,6.6554
2016-09-19,6.6679999999999975
2016-09-20,6.6842
2016-09-21,6.671
2016-09-22,6.6809
2016-09-23,6.6798
2016-09-24,6.6798
2016-09-25,6.6798
2016-09-26,6.6842
2016-09-27,6.6842
2016-09-28,6.6844
2016-09-29,6.6742
2016-09-30,6.6752
2016-10-01,6.6752
2016-10-02,6.6752
2016-10-03,6.6777
2016-10-04,6.6942
2016-10-05,6.6978
2016-10-06,6.7096
2016-10-07,6.7092
2016-10-08,6.7092
2016-10-09,6.7092
2016-10-10,6.7198
2016-10-11,6.7288
2016-10-12,6.7266
2016-10-13,6.7346
2016-10-14,6.7385
2016-10-15,6.7385
2016-10-16,6.7385
2016-10-17,6.7476
2016-10-18,6.7442
2016-10-19,6.7413
2016-10-20,6.7488
2016-10-21,6.7639999999999985
2016-10-22,6.7639999999999985
2016-10-23,6.7639999999999985
2016-10-24,6.7848
2016-10-25,6.7766
2016-10-26,6.7855
2016-10-27,6.795
2016-10-28,6.7887
2016-10-29,6.7887
2016-10-30,6.7887
2016-10-31,6.7778
2016-11-01,6.7735
2016-11-02,6.7677
2016-11-03,6.7704
2016-11-04,6.7736
2016-11-05,6.7736
2016-11-06,6.7736
2016-11-07,6.794
2016-11-08,6.7979
2016-11-09,6.834
2016-11-10,6.8306
2016-11-11,6.8226
2016-11-12,6.8226
2016-11-13,6.8226
2016-11-14,6.8546
2016-11-15,6.8729999999999976
2016-11-16,6.89
2016-11-17,6.9042
2016-11-18,6.9064
2016-11-19,6.9064
2016-11-20,6.9064
2016-11-21,6.905
2016-11-22,6.9126
2016-11-23,6.9544
2016-11-24,6.9460000000000015
2016-11-25,6.9486
2016-11-26,6.9486
2016-11-27,6.9486
2016-11-28,6.9255
2016-11-29,6.9138
2016-11-30,6.9161
2016-12-01,6.8793
2016-12-02,6.8742
2016-12-03,6.8742
2016-12-04,6.8742
2016-12-05,6.8621
2016-12-06,6.8876
2016-12-07,6.8962
2016-12-08,6.9127
2016-12-09,6.9268
2016-12-10,6.9268
2016-12-11,6.9268
2016-12-12,6.9241
2016-12-13,6.9212
2016-12-14,6.9272
2016-12-15,6.9336
2016-12-16,6.9666
2016-12-17,6.9666
2016-12-18,6.9666
2016-12-19,6.9322
2016-12-20,6.9392
2016-12-21,6.9306
2016-12-22,6.949
2016-12-23,6.9558
2016-12-24,6.9558
2016-12-25,6.9558
2016-12-26,6.9526
2016-12-27,6.9588
2016-12-28,6.9712
2016-12-29,6.9646
2016-12-30,6.9695
2016-12-31,6.9695
2017-01-01,6.9695
2017-01-02,6.974
2017-01-03,6.9588
2017-01-04,6.8662
2017-01-05,6.7886
2017-01-06,6.8488
2017-01-07,6.8488
2017-01-08,6.8488
2017-01-09,6.8802
2017-01-10,6.9110000000000005
2017-01-11,6.8876
2017-01-12,6.8594
2017-01-13,6.8396
2017-01-14,6.8396
2017-01-15,6.8396
2017-01-16,6.8594
2017-01-17,6.8024
2017-01-18,6.8404
2017-01-19,6.8465
2017-01-20,6.8376
2017-01-21,6.8376
2017-01-22,6.8376
2017-01-23,6.816
2017-01-24,6.8292
2017-01-25,6.8292
2017-01-26,6.8508
2017-01-27,6.8706
2017-01-28,6.8706
2017-01-29,6.8706
2017-01-30,6.8634
2017-01-31,6.8276
2017-02-01,6.8294
2017-02-02,6.8104
2017-02-03,6.8024
2017-02-04,6.8024
2017-02-05,6.8024
2017-02-06,6.8004
2017-02-07,6.8354
2017-02-08,6.8424
2017-02-09,6.8638
2017-02-10,6.8646
2017-02-11,6.8646
2017-02-12,6.8646
2017-02-13,6.8724
2017-02-14,6.8584
2017-02-15,6.8442
2017-02-16,6.8492
2017-02-17,6.8488
2017-02-18,6.8488
2017-02-19,6.8488
2017-02-20,6.8574
2017-02-21,6.8624
2017-02-22,6.857
2017-02-23,6.8484
2017-02-24,6.853
2017-02-25,6.853
2017-02-26,6.853
2017-02-27,6.8622
2017-02-28,6.8556
2017-03-01,6.869
2017-03-02,6.8852
2017-03-03,6.896
2017-03-04,6.896
2017-03-05,6.896
2017-03-06,6.9012
2017-03-07,6.8934
2017-03-08,6.9164
2017-03-09,6.9032
2017-03-10,6.8870000000000005
2017-03-11,6.8870000000000005
2017-03-12,6.8870000000000005
2017-03-13,6.8972
2017-03-14,6.901
2017-03-15,6.8476
2017-03-16,6.8704
2017-03-17,6.8846
2017-03-18,6.8846
2017-03-19,6.8846
2017-03-20,6.8889999999999985
2017-03-21,6.8742
2017-03-22,6.8636
2017-03-23,6.87
2017-03-24,6.8728
2017-03-25,6.8728
2017-03-26,6.8728
2017-03-27,6.856
2017-03-28,6.8734
2017-03-29,6.8679999999999986
2017-03-30,6.8842
2017-03-31,6.8716
2017-04-01,6.8716
2017-04-02,6.8716
2017-04-03,6.8744
2017-04-04,6.879
2017-04-05,6.8828
2017-04-06,6.8896
2017-04-07,6.8865
2017-04-08,6.8865
2017-04-09,6.8865
2017-04-10,6.9064
2017-04-11,6.9008
2017-04-12,6.8836
2017-04-13,6.8856
2017-04-14,6.8822
2017-04-15,6.8822
2017-04-16,6.8822
2017-04-17,6.8782
2017-04-18,6.876
2017-04-19,6.8852
2017-04-20,6.8848
2017-04-21,6.8894
2017-04-22,6.8894
2017-04-23,6.8894
2017-04-24,6.8838
2017-04-25,6.8886
2017-04-26,6.8974
2017-04-27,6.9022
2017-04-28,6.8976
2017-04-29,6.8976
2017-04-30,6.8976
2017-05-01,6.8978
2017-05-02,6.8898
2017-05-03,6.8946
2017-05-04,6.8924
2017-05-05,6.9026
2017-05-06,6.9026
2017-05-07,6.9026
2017-05-08,6.909
2017-05-09,6.9154
2017-05-10,6.9134
2017-05-11,6.904
2017-05-12,6.8974
2017-05-13,6.8974
2017-05-14,6.8974
2017-05-15,6.8912
2017-05-16,6.8754
2017-05-17,6.8712
2017-05-18,6.8832
2017-05-19,6.877000000000002
2017-05-20,6.877000000000002
2017-05-21,6.877000000000002
2017-05-22,6.8786
2017-05-23,6.8808
2017-05-24,6.8746
2017-05-25,6.8498
2017-05-26,6.8224
2017-05-27,6.8224
2017-05-28,6.8224
2017-05-29,6.8218
2017-05-30,6.8244
2017-05-31,6.7464
2017-06-01,6.75
2017-06-02,6.7758
2017-06-03,6.7758
2017-06-04,6.7758
2017-06-05,6.7826
2017-06-06,6.757999999999999
2017-06-07,6.7744
2017-06-08,6.7828
2017-06-09,6.7864
2017-06-10,6.7864
2017-06-11,6.7864
2017-06-12,6.7956
2017-06-13,6.7882
2017-06-14,6.7864
2017-06-15,6.8072
2017-06-16,6.8144
2017-06-17,6.8144
2017-06-18,6.8144
2017-06-19,6.829
2017-06-20,6.8234
2017-06-21,6.8314
2017-06-22,6.8372
2017-06-23,6.8366
2017-06-24,6.8366
2017-06-25,6.8366
2017-06-26,6.8584
2017-06-27,6.8146
2017-06-28,6.8036
2017-06-29,6.7936
2017-06-30,6.7798
2017-07-01,6.7798
2017-07-02,6.7798
2017-07-03,6.7962
2017-07-04,6.806
2017-07-05,6.8
2017-07-06,6.8004
2017-07-07,6.8038
2017-07-08,6.8038
2017-07-09,6.8038
2017-07-10,6.8062
2017-07-11,6.7996
2017-07-12,6.7876
2017-07-13,6.782
2017-07-14,6.767
2017-07-15,6.767
2017-07-16,6.767
2017-07-17,6.7642
2017-07-18,6.7498
2017-07-19,6.7596
2017-07-20,6.7558
2017-07-21,6.7584
2017-07-22,6.7584
2017-07-23,6.7584
2017-07-24,6.7496
2017-07-25,6.7588
2017-07-26,6.7432
2017-07-27,6.7438
2017-07-28,6.7374
2017-07-29,6.7374
2017-07-30,6.7374
2017-07-31,6.727
2017-08-01,6.7302
2017-08-02,6.7304
2017-08-03,6.7295
2017-08-04,6.7356
2017-08-05,6.7356
2017-08-06,6.7356
2017-08-07,6.7314
2017-08-08,6.7105
2017-08-09,6.6924
2017-08-10,6.6665
2017-08-11,6.6745
2017-08-12,6.6745
2017-08-13,6.6745
2017-08-14,6.6903
2017-08-15,6.6962
2017-08-16,6.6886
2017-08-17,6.6863
2017-08-18,6.6818
2017-08-19,6.6818
2017-08-20,6.6818
2017-08-21,6.6711
2017-08-22,6.6688
2017-08-23,6.6634
2017-08-24,6.6611
2017-08-25,6.6433
2017-08-26,6.6433
2017-08-27,6.6433
2017-08-28,6.6183
2017-08-29,6.6078
2017-08-30,6.5989
2017-08-31,6.5957
2017-09-01,6.5607
2017-09-02,6.5607
2017-09-03,6.5607
2017-09-04,6.529
2017-09-05,6.5401
2017-09-06,6.5413
2017-09-07,6.4866
2017-09-08,6.502999999999999
2017-09-09,6.502999999999999
2017-09-10,6.502999999999999
2017-09-11,6.539
2017-09-12,6.5369
2017-09-13,6.5477
2017-09-14,6.5429999999999975
2017-09-15,6.5485
2017-09-16,6.5485
2017-09-17,6.5485
2017-09-18,6.5738
2017-09-19,6.5847
2017-09-20,6.5864
2017-09-21,6.5681
2017-09-22,6.5805
2017-09-23,6.5805
2017-09-24,6.5805
2017-09-25,6.6118
2017-09-26,6.6286
2017-09-27,6.6398
2017-09-28,6.6541
2017-09-29,6.6477
2017-09-30,6.6477
2017-10-01,6.6477
2017-10-02,6.672999999999999
2017-10-03,6.6670000000000025
2017-10-04,6.6477
2017-10-05,6.6542
2017-10-06,6.6512
2017-10-07,6.6512
2017-10-08,6.6512
2017-10-09,6.6152
2017-10-10,6.5669
2017-10-11,6.5735
2017-10-12,6.5783
2017-10-13,6.5677
2017-10-14,6.5677
2017-10-15,6.5677
2017-10-16,6.5833
2017-10-17,6.6074
2017-10-18,6.6196
2017-10-19,6.6058
2017-10-20,6.6238
2017-10-21,6.6238
2017-10-22,6.6238
2017-10-23,6.6389999999999985
2017-10-24,6.6429
2017-10-25,6.6378
2017-10-26,6.6539
2017-10-27,6.6477
2017-10-28,6.6477
2017-10-29,6.6477
2017-10-30,6.6372
2017-10-31,6.6327
2017-11-01,6.6089
2017-11-02,6.6068
2017-11-03,6.6371
2017-11-04,6.6371
2017-11-05,6.6371
2017-11-06,6.6241
2017-11-07,6.6426
2017-11-08,6.6319
2017-11-09,6.6486
2017-11-10,6.6608
2017-11-11,6.6608
2017-11-12,6.6608
2017-11-13,6.6574
2017-11-14,6.6365
2017-11-15,6.6328
2017-11-16,6.632999999999999
2017-11-17,6.6372
2017-11-18,6.6372
2017-11-19,6.6372
2017-11-20,6.647
2017-11-21,6.6275
2017-11-22,6.5972
2017-11-23,6.5788
2017-11-24,6.5882
2017-11-25,6.5882
2017-11-26,6.5882
2017-11-27,6.5972
2017-11-28,6.6082
2017-11-29,6.6123
2017-11-30,6.6117
2017-12-01,6.5969
2017-12-02,6.5969
2017-12-03,6.5969
2017-12-04,6.6157
2017-12-05,6.6168
2017-12-06,6.6179
2017-12-07,6.6248
2017-12-08,6.6238
2017-12-09,6.6238
2017-12-10,6.6238
2017-12-11,6.6218
2017-12-12,6.627000000000002
2017-12-13,6.613
2017-12-14,6.608
2017-12-15,6.6058
2017-12-16,6.6058
2017-12-17,6.6058
2017-12-18,6.6102
2017-12-19,6.6057
2017-12-20,6.5646
2017-12-21,6.5655
2017-12-22,6.5646
2017-12-23,6.5646
2017-12-24,6.5646
2017-12-25,6.5519
2017-12-26,6.5415
2017-12-27,6.5543
2017-12-28,6.5309
2017-12-29,6.5136
2017-12-30,6.5136
2017-12-31,6.5136
2018-01-01,6.5136
2018-01-02,6.5017
2018-01-03,6.4958
2018-01-04,6.4917
2018-01-05,6.4791
2018-01-06,6.4791
2018-01-07,6.4791
2018-01-08,6.4972
2018-01-09,6.5363
2018-01-10,6.523
2018-01-11,6.4906
2018-01-12,6.4581
2018-01-13,6.4581
2018-01-14,6.4581
2018-01-15,6.4304
2018-01-16,6.4372
2018-01-17,6.4328
2018-01-18,6.4219
2018-01-19,6.4005
2018-01-20,6.4005
2018-01-21,6.4005
2018-01-22,6.4028
2018-01-23,6.3988
2018-01-24,6.3492
2018-01-25,6.3301
2018-01-26,6.3262
2018-01-27,6.3262
2018-01-28,6.3262
2018-01-29,6.3381
2018-01-30,6.3288
2018-01-31,6.2992
2018-02-01,6.2909
2018-02-02,6.3134
2018-02-03,6.3134
2018-02-04,6.3134
2018-02-05,6.312
2018-02-06,6.2821
2018-02-07,6.3197
2018-02-08,6.3665
2018-02-09,6.3114
2018-02-10,6.3114
2018-02-11,6.3114
2018-02-12,6.324
2018-02-13,6.3337
2018-02-14,6.3113
2018-02-15,6.2818
2018-02-16,6.2994
2018-02-17,6.2994
2018-02-18,6.2994
2018-02-19,6.3053
2018-02-20,6.3406
2018-02-21,6.3383
2018-02-22,6.334
2018-02-23,6.3264
2018-02-24,6.3264
2018-02-25,6.3264
2018-02-26,6.2955
2018-02-27,6.3263
2018-02-28,6.3309
2018-03-01,6.3477
2018-03-02,6.3286
2018-03-03,6.3286
2018-03-04,6.3286
2018-03-05,6.3351
2018-03-06,6.3098
2018-03-07,6.3204
2018-03-08,6.3441
2018-03-09,6.3258
2018-03-10,6.3258
2018-03-11,6.3258
2018-03-12,6.3247
2018-03-13,6.3267
2018-03-14,6.3072
2018-03-15,6.3296
2018-03-16,6.3260000000000005
2018-03-17,6.3260000000000005
2018-03-18,6.3260000000000005
2018-03-19,6.3189
2018-03-20,6.3336
2018-03-21,6.3047
2018-03-22,6.3397
2018-03-23,6.3126
2018-03-24,6.3126
2018-03-25,6.3126
2018-03-26,6.2543
2018-03-27,6.2684
2018-03-28,6.2852
2018-03-29,6.2729
2018-03-30,6.2628
2018-03-31,6.2628
2018-04-01,6.2628
2018-04-02,6.2688
2018-04-03,6.2732
2018-04-04,6.2862
2018-04-05,6.2928
2018-04-06,6.313
2018-04-07,6.313
2018-04-08,6.313
2018-04-09,6.3039999999999985
2018-04-10,6.2777
2018-04-11,6.2735
2018-04-12,6.2776
2018-04-13,6.2733
2018-04-14,6.2733
2018-04-15,6.2733
2018-04-16,6.2663
2018-04-17,6.2822
2018-04-18,6.2719
2018-04-19,6.2772
2018-04-20,6.2791
2018-04-21,6.2791
2018-04-22,6.2791
2018-04-23,6.3091
2018-04-24,6.2964
2018-04-25,6.322
2018-04-26,6.3276
2018-04-27,6.3201
2018-04-28,6.3201
2018-04-29,6.3201
2018-04-30,6.3158
2018-05-01,6.3381
2018-05-02,6.3749
2018-05-03,6.3439999999999985
2018-05-04,6.3548
2018-05-05,6.3548
2018-05-06,6.3548
2018-05-07,6.36
2018-05-08,6.3661
2018-05-09,6.3649
2018-05-10,6.3296
2018-05-11,6.3353
2018-05-12,6.3353
2018-05-13,6.3353
2018-05-14,6.3372
2018-05-15,6.3661
2018-05-16,6.3505
2018-05-17,6.3576
2018-05-18,6.3625
2018-05-19,6.3625
2018-05-20,6.3625
2018-05-21,6.3574
2018-05-22,6.3532
2018-05-23,6.377000000000002
2018-05-24,6.3744
2018-05-25,6.3889
2018-05-26,6.3889
2018-05-27,6.3889
2018-05-28,6.3973
2018-05-29,6.4244
2018-05-30,6.4006
2018-05-31,6.4091
2018-06-01,6.414
2018-06-02,6.414
2018-06-03,6.414
2018-06-04,6.4053
2018-06-05,6.3951
2018-06-06,6.3774
2018-06-07,6.3895
2018-06-08,6.3996
2018-06-09,6.3996
2018-06-10,6.3996
2018-06-11,6.398
2018-06-12,6.4059
2018-06-13,6.3889
2018-06-14,6.4174
2018-06-15,6.4366
2018-06-16,6.4366
2018-06-17,6.4366
2018-06-18,6.4547
2018-06-19,6.4773
2018-06-20,6.4812
2018-06-21,6.5005
2018-06-22,6.5103
2018-06-23,6.5103
2018-06-24,6.5103
2018-06-25,6.5416
2018-06-26,6.5822
2018-06-27,6.6177
2018-06-28,6.6358
2018-06-29,6.6354
2018-06-30,6.6354
2018-07-01,6.6354
2018-07-02,6.6855
2018-07-03,6.6661
2018-07-04,6.6431
2018-07-05,6.658
2018-07-06,6.6622
2018-07-07,6.6622
2018-07-08,6.6622
2018-07-09,6.6225
2018-07-10,6.6495
2018-07-11,6.7235
2018-07-12,6.6929
2018-07-13,6.7118
2018-07-14,6.7118
2018-07-15,6.7118
2018-07-16,6.7028
2018-07-17,6.7227
2018-07-18,6.7464
2018-07-19,6.7907
2018-07-20,6.7783
2018-07-21,6.7783
2018-07-22,6.7783
2018-07-23,6.8056
2018-07-24,6.811
2018-07-25,6.7565
2018-07-26,6.8256
2018-07-27,6.824
2018-07-28,6.824
2018-07-29,6.824
2018-07-30,6.8314
2018-07-31,6.8053
2018-08-01,6.8262
2018-08-02,6.8826
2018-08-03,6.8475
2018-08-04,6.8475
2018-08-05,6.8475
2018-08-06,6.8657
2018-08-07,6.8216
2018-08-08,6.8238
2018-08-09,6.8461
2018-08-10,6.8688
2018-08-11,6.8688
2018-08-12,6.8688
2018-08-13,6.8955
2018-08-14,6.8966
2018-08-15,6.9467
2018-08-16,6.8615
2018-08-17,6.835
2018-08-18,6.835
2018-08-19,6.835
2018-08-20,6.8353
2018-08-21,6.8285
2018-08-22,6.847
2018-08-23,6.8937
2018-08-24,6.8055
2018-08-25,6.8055
2018-08-26,6.8055
2018-08-27,6.7949
2018-08-28,6.8022
2018-08-29,6.8195
2018-08-30,6.8673
2018-08-31,6.8448
2018-09-01,6.8448
2018-09-02,6.8448
2018-09-03,6.8352
2018-09-04,6.8496
2018-09-05,6.8422
2018-09-06,6.8447
2018-09-07,6.8691
2018-09-08,6.8691
2018-09-09,6.8691
2018-09-10,6.8702
2018-09-11,6.8752
2018-09-12,6.8349
2018-09-13,6.845
2018-09-14,6.8802
2018-09-15,6.8802
2018-09-16,6.8802
2018-09-17,6.8703
2018-09-18,6.8611
2018-09-19,6.8522
2018-09-20,6.8357
2018-09-21,6.8482
2018-09-22,6.8482
2018-09-23,6.8482
2018-09-24,6.8688
2018-09-25,6.8687
2018-09-26,6.8761
2018-09-27,6.8878
2018-09-28,6.8788
2018-09-29,6.8788
2018-09-30,6.8788
2018-10-01,6.8882
2018-10-02,6.8856
2018-10-03,6.8896
2018-10-04,6.8954
2018-10-05,6.8948
2018-10-06,6.8948
2018-10-07,6.8948
2018-10-08,6.9193
2018-10-09,6.9164
2018-10-10,6.9243
2018-10-11,6.8786
2018-10-12,6.9212
2018-10-13,6.9212
2018-10-14,6.9212
2018-10-15,6.9231
2018-10-16,6.9131
2018-10-17,6.9304
2018-10-18,6.9385
2018-10-19,6.9346
2018-10-20,6.9346
2018-10-21,6.9346
2018-10-22,6.9375
2018-10-23,6.9385
2018-10-24,6.944
2018-10-25,6.956
2018-10-26,6.9528
2018-10-27,6.9528
2018-10-28,6.9528
2018-10-29,6.9752
2018-10-30,6.9698
2018-10-31,6.9742
2018-11-01,6.9170000000000025
2018-11-02,6.9002
2018-11-03,6.9002
2018-11-04,6.9002
2018-11-05,6.914
2018-11-06,6.9228
2018-11-07,6.9181
2018-11-08,6.9408
2018-11-09,6.9484
2018-11-10,6.9484
2018-11-11,6.9484
2018-11-12,6.9644
2018-11-13,6.9463
2018-11-14,6.9445
2018-11-15,6.9287
2018-11-16,6.9219
2018-11-17,6.9219
2018-11-18,6.9219
2018-11-19,6.9339
2018-11-20,6.945
2018-11-21,6.9264
2018-11-22,6.926
2018-11-23,6.9444
2018-11-24,6.9444
2018-11-25,6.9444
2018-11-26,6.9504
2018-11-27,6.954
2018-11-28,6.9407
2018-11-29,6.9358
2018-11-30,6.9514
2018-12-01,6.9514
2018-12-02,6.9514
2018-12-03,6.8762
2018-12-04,6.8493
2018-12-05,6.8593
2018-12-06,6.8816
2018-12-07,6.8865
2018-12-08,6.8865
2018-12-09,6.8865
2018-12-10,6.9146
2018-12-11,6.9071
2018-12-12,6.8694
2018-12-13,6.8781
2018-12-14,6.9024
2018-12-15,6.9024
2018-12-16,6.9024
2018-12-17,6.9008
2018-12-18,6.8925
2018-12-19,6.9059
2018-12-20,6.8931
2018-12-21,6.9239
2018-12-22,6.9239
2018-12-23,6.9239
2018-12-24,6.9028
2018-12-25,6.8964
2018-12-26,6.8945
2018-12-27,6.8744
2018-12-28,6.8819
2018-12-29,6.8819
2018-12-30,6.8819
2018-12-31,6.8702
2019-01-01,6.8758
2019-01-02,6.8797
2019-01-03,6.8821
2019-01-04,6.8653
2019-01-05,6.8653
2019-01-06,6.8653
2019-01-07,6.8458
2019-01-08,6.8542
2019-01-09,6.8125
2019-01-10,6.7932
2019-01-11,6.7609
2019-01-12,6.7609
2019-01-13,6.7609
2019-01-14,6.7631
2019-01-15,6.7738
2019-01-16,6.7631
2019-01-17,6.7772
2019-01-18,6.8027
2019-01-19,6.8027
2019-01-20,6.8027
2019-01-21,6.8006
2019-01-22,6.8162
2019-01-23,6.7934
2019-01-24,6.7952
2019-01-25,6.752999999999999
2019-01-26,6.752999999999999
2019-01-27,6.752999999999999
2019-01-28,6.755
2019-01-29,6.7475
2019-01-30,6.7116
2019-01-31,6.7094
2019-02-01,6.7570000000000014
2019-02-02,6.7570000000000014
2019-02-03,6.7570000000000014
2019-02-04,6.7783
2019-02-05,6.7628
2019-02-06,6.7785
2019-02-07,6.7848
2019-02-08,6.7854
2019-02-09,6.7854
2019-02-10,6.7854
2019-02-11,6.8015
2019-02-12,6.7737
2019-02-13,6.7833
2019-02-14,6.7791
2019-02-15,6.7703
2019-02-16,6.7703
2019-02-17,6.7703
2019-02-18,6.7734
2019-02-19,6.7459
2019-02-20,6.7189999999999985
2019-02-21,6.7257
2019-02-22,6.7023
2019-02-23,6.7023
2019-02-24,6.7023
2019-02-25,6.6835
2019-02-26,6.6864
2019-02-27,6.6864
2019-02-28,6.7034
2019-03-01,6.7139
2019-03-02,6.7139
2019-03-03,6.7139
2019-03-04,6.7073
2019-03-05,6.7045
2019-03-06,6.7166
2019-03-07,6.7341
2019-03-08,6.7311
2019-03-09,6.7311
2019-03-10,6.7311
2019-03-11,6.7323
2019-03-12,6.7068
2019-03-13,6.7014
2019-03-14,6.7219
2019-03-15,6.7135
2019-03-16,6.7135
2019-03-17,6.7135
2019-03-18,6.7209
2019-03-19,6.7177
2019-03-20,6.6886
2019-03-21,6.7073
2019-03-22,6.7236
2019-03-23,6.7236
2019-03-24,6.7236
2019-03-25,6.7172
2019-03-26,6.7236
2019-03-27,6.7382
2019-03-28,6.7395
2019-03-29,6.7232
2019-03-30,6.7232
2019-03-31,6.7232
2019-04-01,6.7191
2019-04-02,6.7257
2019-04-03,6.7149
2019-04-04,6.7164
2019-04-05,6.711
2019-04-06,6.711
2019-04-07,6.711
2019-04-08,6.7174
2019-04-09,6.7193
2019-04-10,6.7188
2019-04-11,6.7288
2019-04-12,6.7096
2019-04-13,6.7096
2019-04-14,6.7096
2019-04-15,6.7073
2019-04-16,6.7127
2019-04-17,6.6767
2019-04-18,6.7079
2019-04-19,6.7025
2019-04-20,6.7025
2019-04-21,6.7025
2019-04-22,6.7126
2019-04-23,6.7294
2019-04-24,6.7345
2019-04-25,6.7505
2019-04-26,6.7384
2019-04-27,6.7384
2019-04-28,6.7384
2019-04-29,6.7388
2019-04-30,6.7378
2019-05-01,6.733
2019-05-02,6.7473
2019-05-03,6.7344
2019-05-04,6.7344
2019-05-05,6.7344
2019-05-06,6.7739
2019-05-07,6.795
2019-05-08,6.808
2019-05-09,6.8378
2019-05-10,6.845
2019-05-11,6.845
2019-05-12,6.845
2019-05-13,6.912000000000001
2019-05-14,6.9045
2019-05-15,6.9035
2019-05-16,6.9291
2019-05-17,6.9486
2019-05-18,6.9486
2019-05-19,6.9486
2019-05-20,6.9397
2019-05-21,6.9335
2019-05-22,6.9361
2019-05-23,6.9268
2019-05-24,6.9175
2019-05-25,6.9175
2019-05-26,6.9175
2019-05-27,6.9085
2019-05-28,6.9215
2019-05-29,6.9332
2019-05-30,6.9291
2019-05-31,6.9369
2019-06-01,6.9369
2019-06-02,6.9369
2019-06-03,6.9220000000000015
2019-06-04,6.9212
2019-06-05,6.9291
2019-06-06,6.9281
2019-06-07,6.9439
2019-06-08,6.9439
2019-06-09,6.9439
2019-06-10,6.9437
2019-06-11,6.9254
2019-06-12,6.9287
2019-06-13,6.9292
2019-06-14,6.93
2019-06-15,6.93
2019-06-16,6.93
2019-06-17,6.9304
2019-06-18,6.9025
2019-06-19,6.8944
2019-06-20,6.8611
2019-06-21,6.8635
2019-06-22,6.8635
2019-06-23,6.8635
2019-06-24,6.8756
2019-06-25,6.8843
2019-06-26,6.888
2019-06-27,6.8709
2019-06-28,6.8687
2019-06-29,6.8687
2019-06-30,6.8687
2019-07-01,6.8577
2019-07-02,6.8878
2019-07-03,6.8853
2019-07-04,6.8744
2019-07-05,6.8954
2019-07-06,6.8954
2019-07-07,6.8954
2019-07-08,6.8887
2019-07-09,6.8956
2019-07-10,6.8726
2019-07-11,6.8767
2019-07-12,6.8789
2019-07-13,6.8789
2019-07-14,6.8789
2019-07-15,6.8736
2019-07-16,6.8816
2019-07-17,6.8784
2019-07-18,6.8735
2019-07-19,6.8834
2019-07-20,6.8834
2019-07-21,6.8834
2019-07-22,6.8843
2019-07-23,6.8847
2019-07-24,6.8764
2019-07-25,6.8738
2019-07-26,6.8828
2019-07-27,6.8828
2019-07-28,6.8828
2019-07-29,6.893
2019-07-30,6.8895
2019-07-31,6.9097
2019-08-01,6.9549
2019-08-02,6.9764
2019-08-03,6.9764
2019-08-04,6.9764
2019-08-05,7.0985
2019-08-06,7.0537
2019-08-07,7.0827
2019-08-08,7.0771
2019-08-09,7.0983
2019-08-10,7.0983
2019-08-11,7.0983
2019-08-12,7.1029
2019-08-13,7.0107
2019-08-14,7.0542
2019-08-15,7.0487
2019-08-16,7.0438
2019-08-17,7.0438
2019-08-18,7.0438
2019-08-19,7.0756
2019-08-20,7.0709
2019-08-21,7.0681
2019-08-22,7.0894
2019-08-23,7.1355
2019-08-24,7.1355
2019-08-25,7.1355
2019-08-26,7.1683
2019-08-27,7.1674
2019-08-28,7.17
2019-08-29,7.1436
2019-08-30,7.1617
2019-08-31,7.1617
2019-09-01,7.1617
2019-09-02,7.1947
2019-09-03,7.1778
2019-09-04,7.1472
2019-09-05,7.138
2019-09-06,7.1063
2019-09-07,7.1063
2019-09-08,7.1063
2019-09-09,7.117000000000001
2019-09-10,7.1094
2019-09-11,7.1086
2019-09-12,7.0687
2019-09-13,7.0464
2019-09-14,7.0464
2019-09-15,7.0464
2019-09-16,7.0622
2019-09-17,7.0862
2019-09-18,7.0832
2019-09-19,7.1029
2019-09-20,7.1205
2019-09-21,7.1205
2019-09-22,7.1205
2019-09-23,7.1103
2019-09-24,7.1066
2019-09-25,7.1284
2019-09-26,7.1242
2019-09-27,7.1374
2019-09-28,7.1374
2019-09-29,7.1374
2019-09-30,7.1411
2019-10-01,7.1464
2019-10-02,7.147
2019-10-03,7.1283
2019-10-04,7.1128
2019-10-05,7.1128
2019-10-06,7.1128
2019-10-07,7.1345
2019-10-08,7.1647
2019-10-09,7.1382
2019-10-10,7.104
2019-10-11,7.0883
2019-10-12,7.0883
2019-10-13,7.0883
2019-10-14,7.07
2019-10-15,7.0834
2019-10-16,7.1011
2019-10-17,7.0813
2019-10-18,7.0726
2019-10-19,7.0726
2019-10-20,7.0726
2019-10-21,7.0696
2019-10-22,7.0768
2019-10-23,7.061
2019-10-24,7.0727
2019-10-25,7.0511
2019-10-26,7.0511
2019-10-27,7.0511
2019-10-28,7.0645
2019-10-29,7.0655
2019-10-30,7.0443
2019-10-31,7.0466
2019-11-01,7.0415
2019-11-02,7.0415
2019-11-03,7.0415
2019-11-04,7.0331
2019-11-05,7.0022
2019-11-06,7.0120000000000005
2019-11-07,6.9712
2019-11-08,6.9883
2019-11-09,6.9883
2019-11-10,6.9883
2019-11-11,7.0075
2019-11-12,7.0243
2019-11-13,7.03
2019-11-14,7.0189
2019-11-15,7.0053
2019-11-16,7.0053
2019-11-17,7.0053
2019-11-18,7.0254
2019-11-19,7.0276
2019-11-20,7.0394
2019-11-21,7.0326
2019-11-22,7.0426
2019-11-23,7.0426
2019-11-24,7.0426
2019-11-25,7.0310000000000015
2019-11-26,7.0131
2019-11-27,7.0164
2019-11-28,7.0317
2019-11-29,7.0324
2019-11-30,7.0324
2019-12-01,7.0324
2019-12-02,7.0437
2019-12-03,7.068
2019-12-04,7.0524
2019-12-05,7.041
2019-12-06,7.024
2019-12-07,7.024
2019-12-08,7.024
2019-12-09,7.0366
2019-12-10,7.0271
2019-12-11,7.028
2019-12-12,6.9445
2019-12-13,7.0054
2019-12-14,7.0054
2019-12-15,7.0054
2019-12-16,6.9915
2019-12-17,6.9989
2019-12-18,7.0028
2019-12-19,6.9989
2019-12-20,7.0011
2019-12-21,7.0011
2019-12-22,7.0011
2019-12-23,7.0081
2019-12-24,7.0035
2019-12-25,6.9979
2019-12-26,6.9915
2019-12-27,6.9914
2019-12-28,6.9914
2019-12-29,6.9914
2019-12-30,6.9847
2019-12-31,6.9617
2020-01-01,6.9655
2020-01-02,6.9595
2020-01-03,6.9671
2020-01-04,6.9671
2020-01-05,6.9671
2020-01-06,6.9693
2020-01-07,6.9425
2020-01-08,6.9368
2020-01-09,6.9248
2020-01-10,6.9138
2020-01-11,6.9138
2020-01-12,6.9138
2020-01-13,6.8823
2020-01-14,6.8895
2020-01-15,6.892
2020-01-16,6.8769
2020-01-17,6.8669
2020-01-18,6.8669
2020-01-19,6.8669
2020-01-20,6.8669
2020-01-21,6.9095
2020-01-22,6.9098
2020-01-23,6.9292
2020-01-24,6.9304
2020-01-25,6.9304
2020-01-26,6.9304
2020-01-27,6.9855
2020-01-28,6.9657
2020-01-29,6.9698
2020-01-30,6.9824
2020-01-31,7.0001
2020-02-01,7.0001
2020-02-02,7.0001
2020-02-03,7.0132
2020-02-04,6.9911
2020-02-05,6.9756
2020-02-06,6.9789
2020-02-07,7.0068
2020-02-08,7.0068
2020-02-09,7.0068
2020-02-10,6.985
2020-02-11,6.9708
2020-02-12,6.974
2020-02-13,6.9894
2020-02-14,6.9929999999999986
2020-02-15,6.9929999999999986
2020-02-16,6.9929999999999986
2020-02-17,6.985
2020-02-18,7.0078
2020-02-19,7.0132
2020-02-20,7.0451
2020-02-21,7.0357
2020-02-22,7.0357
2020-02-23,7.0357
2020-02-24,7.0360000000000005
2020-02-25,7.0277
2020-02-26,7.0221
2020-02-27,7.0104
2020-02-28,6.9788
2020-02-29,6.9788
2020-03-01,6.9788
2020-03-02,6.9626
2020-03-03,6.9494
2020-03-04,6.9232
2020-03-05,6.9412
2020-03-06,6.93
2020-03-07,6.93
2020-03-08,6.93
2020-03-09,6.9524
2020-03-10,6.9639
2020-03-11,6.9689999999999985
2020-03-12,7.0274
2020-03-13,7.0215
2020-03-14,7.0215
2020-03-15,7.0215
2020-03-16,7.0121
2020-03-17,7.0309
2020-03-18,7.075
2020-03-19,7.1575
2020-03-20,7.1278
2020-03-21,7.1278
2020-03-22,7.1278
2020-03-23,7.1198
2020-03-24,7.0852
2020-03-25,7.1286
2020-03-26,7.0811
2020-03-27,7.087999999999999
2020-03-28,7.087999999999999
2020-03-29,7.087999999999999
2020-03-30,7.115
2020-03-31,7.0939
2020-04-01,7.1228
2020-04-02,7.0926
2020-04-03,7.1102
2020-04-04,7.1102
2020-04-05,7.1102
2020-04-06,7.1073
2020-04-07,7.0672
2020-04-08,7.0688
2020-04-09,7.0599
2020-04-10,7.0445
2020-04-11,7.0445
2020-04-12,7.0445
2020-04-13,7.0542
2020-04-14,7.0468
2020-04-15,7.0710000000000015
2020-04-16,7.0882
2020-04-17,7.0785
2020-04-18,7.0785
2020-04-19,7.0785
2020-04-20,7.091
2020-04-21,7.1035
2020-04-22,7.101
2020-04-23,7.0942
2020-04-24,7.0906
2020-04-25,7.0906
2020-04-26,7.0906
2020-04-27,7.0922
2020-04-28,7.0887
2020-04-29,7.0731
2020-04-30,7.0813
2020-05-01,7.1368
2020-05-02,7.1368
2020-05-03,7.1368
2020-05-04,7.1306
2020-05-05,7.1216
2020-05-06,7.13
2020-05-07,7.0924
2020-05-08,7.0941
2020-05-09,7.0941
2020-05-10,7.0941
2020-05-11,7.1076
2020-05-12,7.1081
2020-05-13,7.1114
2020-05-14,7.1106
2020-05-15,7.1341
2020-05-16,7.1341
2020-05-17,7.1341
2020-05-18,7.1192
2020-05-19,7.1179
2020-05-20,7.1068
2020-05-21,7.1336
2020-05-22,7.1492
2020-05-23,7.1492
2020-05-24,7.1492
2020-05-25,7.1483
2020-05-26,7.1463
2020-05-27,7.1766
2020-05-28,7.1702
2020-05-29,7.1337
2020-05-30,7.1337
2020-05-31,7.1337
2020-06-01,7.1261
2020-06-02,7.1071
2020-06-03,7.1186
2020-06-04,7.1088
2020-06-05,7.0707
2020-06-06,7.0707
2020-06-07,7.0707
2020-06-08,7.0569
2020-06-09,7.0779999999999985
2020-06-10,7.0539999999999985
2020-06-11,7.0802
2020-06-12,7.0760000000000005
2020-06-13,7.0760000000000005
2020-06-14,7.0760000000000005
2020-06-15,7.073
2020-06-16,7.0826
2020-06-17,7.0762
2020-06-18,7.0824
2020-06-19,7.0775
2020-06-20,7.0775
2020-06-21,7.0775
2020-06-22,7.0581
2020-06-23,7.0606
2020-06-24,7.0809
2020-06-25,7.0816
2020-06-26,7.0872
2020-06-27,7.0872
2020-06-28,7.0872
2020-06-29,7.077000000000001
2020-06-30,7.0708
2020-07-01,7.0675
2020-07-02,7.0674
2020-07-03,7.0687
2020-07-04,7.0687
2020-07-05,7.0687
2020-07-06,7.0134
2020-07-07,7.0229
2020-07-08,6.9985
2020-07-09,6.9969
2020-07-10,7.0111
2020-07-11,7.0111
2020-07-12,7.0111
2020-07-13,7.0036
2020-07-14,7.0112
2020-07-15,6.9823
2020-07-16,6.9951
2020-07-17,6.9913
2020-07-18,6.9913
2020-07-19,6.9913
2020-07-20,6.9874
2020-07-21,6.9734
2020-07-22,7.018
2020-07-23,7.0118
2020-07-24,7.016
2020-07-25,7.016
2020-07-26,7.016
2020-07-27,7.0001
2020-07-28,7.0067
2020-07-29,6.9975
2020-07-30,7.002999999999999
2020-07-31,6.9903
2020-08-01,6.9903
2020-08-02,6.9903
2020-08-03,6.9825
2020-08-04,6.9742
2020-08-05,6.944
2020-08-06,6.9435
2020-08-07,6.9674
2020-08-08,6.9674
2020-08-09,6.9674
2020-08-10,6.9607
2020-08-11,6.9428
2020-08-12,6.933
2020-08-13,6.949
2020-08-14,6.9421
2020-08-15,6.9421
2020-08-16,6.9421
2020-08-17,6.9327
2020-08-18,6.9061
2020-08-19,6.9232
2020-08-20,6.9065
2020-08-21,6.9212
2020-08-22,6.9212
2020-08-23,6.9212
2020-08-24,6.9125
2020-08-25,6.9043
2020-08-26,6.8805
2020-08-27,6.8884
2020-08-28,6.8595
2020-08-29,6.8595
2020-08-30,6.8595
2020-08-31,6.8479
2020-09-01,6.8369
2020-09-02,6.8333
2020-09-03,6.8477
2020-09-04,6.836
2020-09-05,6.836
2020-09-06,6.836
2020-09-07,6.8329
2020-09-08,6.8537
2020-09-09,6.8320000000000025
2020-09-10,6.8451
2020-09-11,6.8325
2020-09-12,6.8325
2020-09-13,6.8325
2020-09-14,6.8085
2020-09-15,6.7803
2020-09-16,6.7454
2020-09-17,6.754
2020-09-18,6.7792
2020-09-19,6.7792
2020-09-20,6.7792
2020-09-21,6.7928
2020-09-22,6.7843
2020-09-23,6.8258
2020-09-24,6.8269
2020-09-25,6.8234
2020-09-26,6.8234
2020-09-27,6.8234
2020-09-28,6.8111
2020-09-29,6.8163
2020-09-30,6.7845
2020-10-01,6.7492
2020-10-02,6.7528
2020-10-03,6.7528
2020-10-04,6.7528
2020-10-05,6.7202
2020-10-06,6.7484
2020-10-07,6.7355
2020-10-08,6.7388
2020-10-09,6.6907
2020-10-10,6.6907
2020-10-11,6.6907
2020-10-12,6.7429999999999986
2020-10-13,6.7392
2020-10-14,6.7133
2020-10-15,6.7127
2020-10-16,6.6965
2020-10-17,6.6965
2020-10-18,6.6965
2020-10-19,6.6791
2020-10-20,6.6641
2020-10-21,6.6427
2020-10-22,6.6711
2020-10-23,6.6668
2020-10-24,6.6668
2020-10-25,6.6668
2020-10-26,6.7005
2020-10-27,6.7139
2020-10-28,6.7284
2020-10-29,6.7089
2020-10-30,6.6964
2020-10-31,6.6964
2020-11-01,6.6964
2020-11-02,6.6879
2020-11-03,6.6803
2020-11-04,6.6214
2020-11-05,6.6066
2020-11-06,6.5926
2020-11-07,6.5926
2020-11-08,6.5926
2020-11-09,6.6159
2020-11-10,6.599
2020-11-11,6.6185
2020-11-12,6.6173
2020-11-13,6.5939
2020-11-14,6.5939
2020-11-15,6.5939
2020-11-16,6.5718
2020-11-17,6.5477
2020-11-18,6.5626
2020-11-19,6.5754
2020-11-20,6.5515
2020-11-21,6.5515
2020-11-22,6.5515
2020-11-23,6.5823
2020-11-24,6.5752
2020-11-25,6.5631
2020-11-26,6.5697
2020-11-27,6.5753
2020-11-28,6.5753
2020-11-29,6.5753
2020-11-30,6.5846
2020-12-01,6.5516
2020-12-02,6.5425
2020-12-03,6.5358
2020-12-04,6.5169
2020-12-05,6.5169
2020-12-06,6.5169
2020-12-07,6.5194
2020-12-08,6.5204
2020-12-09,6.5286
2020-12-10,6.5356
2020-12-11,6.5396
2020-12-12,6.5396
2020-12-13,6.5396
2020-12-14,6.5291
2020-12-15,6.5169
2020-12-16,6.5127
2020-12-17,6.5164
2020-12-18,6.5189
2020-12-19,6.5189
2020-12-20,6.5189
2020-12-21,6.5352
2020-12-22,6.54
2020-12-23,6.5328
2020-12-24,6.5189
2020-12-25,6.5196
2020-12-26,6.5196
2020-12-27,6.5196
2020-12-28,6.532
2020-12-29,6.5177
2020-12-30,6.506
2020-12-31,6.502999999999999
2021-01-01,6.502999999999999
2021-01-02,6.502999999999999
2021-01-03,6.502999999999999
2021-01-04,6.4549
2021-01-05,6.437
2021-01-06,6.4496
2021-01-07,6.4715
2021-01-08,6.4649
2021-01-09,6.4649
2021-01-10,6.4649
2021-01-11,6.4793
2021-01-12,6.4425
2021-01-13,6.4670000000000005
2021-01-14,6.4649
2021-01-15,6.4845
2021-01-16,6.4845
2021-01-17,6.4845
2021-01-18,6.4954
2021-01-19,6.4813
2021-01-20,6.4624
2021-01-21,6.465
2021-01-22,6.4974
2021-01-23,6.4974
2021-01-24,6.4974
2021-01-25,6.4878
2021-01-26,6.4727
2021-01-27,6.4973
2021-01-28,6.4752
2021-01-29,6.4489
2021-01-30,6.4489
2021-01-31,6.4489
2021-02-01,6.4754
2021-02-02,6.4577
2021-02-03,6.4581
2021-02-04,6.4729
2021-02-05,6.4589
2021-02-06,6.4589
2021-02-07,6.4589
2021-02-08,6.4418
2021-02-09,6.4198
2021-02-10,6.4288
2021-02-11,6.422999999999999
2021-02-12,6.4206
2021-02-13,6.4206
2021-02-14,6.4206
2021-02-15,6.4062
2021-02-16,6.4254
2021-02-17,6.4358
2021-02-18,6.4601
2021-02-19,6.4594
2021-02-20,6.4594
2021-02-21,6.4594
2021-02-22,6.4664
2021-02-23,6.4605
2021-02-24,6.4477
2021-02-25,6.4896
2021-02-26,6.4813
2021-02-27,6.4813
2021-02-28,6.4813
2021-03-01,6.4696
2021-03-02,6.4749
2021-03-03,6.4772
2021-03-04,6.4916
2021-03-05,6.5171
2021-03-06,6.5171
2021-03-07,6.5171
2021-03-08,6.5516
2021-03-09,6.5193
2021-03-10,6.4948
2021-03-11,6.4786
2021-03-12,6.4972
2021-03-13,6.4972
2021-03-14,6.4972
2021-03-15,6.4979
2021-03-16,6.5012
2021-03-17,6.4862
2021-03-18,6.5071
2021-03-19,6.5076
2021-03-20,6.5076
2021-03-21,6.5076
2021-03-22,6.5074
2021-03-23,6.5199
2021-03-24,6.5293
2021-03-25,6.5483
2021-03-26,6.5394
2021-03-27,6.5394
2021-03-28,6.5394
2021-03-29,6.575
2021-03-30,6.5724
2021-03-31,6.5649
2021-04-01,6.5753
2021-04-02,6.5766
2021-04-03,6.5766
2021-04-04,6.5766
2021-04-05,6.5567
2021-04-06,6.5427
2021-04-07,6.5489
2021-04-08,6.5566
2021-04-09,6.5586
2021-04-10,6.5586
2021-04-11,6.5586
2021-04-12,6.547999999999999
2021-04-13,6.5438
2021-04-14,6.532
2021-04-15,6.527
2021-04-16,6.527
2021-04-17,6.527
2021-04-18,6.527
2021-04-19,6.5091
2021-04-20,6.5006
2021-04-21,6.4899
2021-04-22,6.4947
2021-04-23,6.4897
2021-04-24,6.4897
2021-04-25,6.4897
2021-04-26,6.4725
2021-04-27,6.4802
2021-04-28,6.476
2021-04-29,6.4642
2021-04-30,6.4742
2021-05-01,6.4742
2021-05-02,6.4742
2021-05-03,6.4703
2021-05-04,6.4838
2021-05-05,6.4876
2021-05-06,6.4645
2021-05-07,6.4159
2021-05-08,6.4159
2021-05-09,6.4159
2021-05-10,6.4227
2021-05-11,6.4286
2021-05-12,6.459
2021-05-13,6.4484
2021-05-14,6.4399
2021-05-15,6.4399
2021-05-16,6.4399
2021-05-17,6.4428
2021-05-18,6.4233
2021-05-19,6.4396
2021-05-20,6.4317
2021-05-21,6.4354
2021-05-22,6.4354
2021-05-23,6.4354
2021-05-24,6.4097
2021-05-25,6.4121
2021-05-26,6.3802
2021-05-27,6.3715
2021-05-28,6.3598
2021-05-29,6.3598
2021-05-30,6.3598
2021-05-31,6.3726
2021-06-01,6.3844
2021-06-02,6.3838
2021-06-03,6.3997
2021-06-04,6.3902
2021-06-05,6.3902
2021-06-06,6.3902
2021-06-07,6.3868
2021-06-08,6.4003
2021-06-09,6.3869
2021-06-10,6.3864
2021-06-11,6.3963
2021-06-12,6.3963
2021-06-13,6.3963
2021-06-14,6.4060000000000015
2021-06-15,6.4056
2021-06-16,6.4397
2021-06-17,6.4572
2021-06-18,6.4633
2021-06-19,6.4633
2021-06-20,6.4633
2021-06-21,6.4652
2021-06-22,6.4804
2021-06-23,6.4787
2021-06-24,6.4708
2021-06-25,6.4615
2021-06-26,6.4615
2021-06-27,6.4615
2021-06-28,6.4605
2021-06-29,6.4653
2021-06-30,6.4679
2021-07-01,6.4729
2021-07-02,6.4718
2021-07-03,6.4718
2021-07-04,6.4718
2021-07-05,6.4624
2021-07-06,6.4784
2021-07-07,6.4746
2021-07-08,6.4925
2021-07-09,6.4788
2021-07-10,6.4788
2021-07-11,6.4788
2021-07-12,6.4756
2021-07-13,6.4802
2021-07-14,6.4586
2021-07-15,6.4611
2021-07-16,6.4768
2021-07-17,6.4768
2021-07-18,6.4768
2021-07-19,6.4936
2021-07-20,6.4882
2021-07-21,6.4643
2021-07-22,6.476
2021-07-23,6.476
2021-07-24,6.476
2021-07-25,6.476
2021-07-26,6.4836
2021-07-27,6.5281
2021-07-28,6.4857
2021-07-29,6.4572
2021-07-30,6.4627
2021-07-31,6.4627
2021-08-01,6.4627
2021-08-02,6.4644
2021-08-03,6.4664
2021-08-04,6.4624
2021-08-05,6.4625
2021-08-06,6.4784
2021-08-07,6.4784
2021-08-08,6.4784
2021-08-09,6.4873
2021-08-10,6.4882
2021-08-11,6.4761
2021-08-12,6.4772
2021-08-13,6.4772
2021-08-14,6.4772
2021-08-15,6.4772
2021-08-16,6.4766
2021-08-17,6.4916
2021-08-18,6.485
2021-08-19,6.5016
2021-08-20,6.4996
2021-08-21,6.4996
2021-08-22,6.4996
2021-08-23,6.4764
2021-08-24,6.4694
2021-08-25,6.4703
2021-08-26,6.484
2021-08-27,6.4627
2021-08-28,6.4627
2021-08-29,6.4627
2021-08-30,6.4654
2021-08-31,6.4544
2021-09-01,6.4516
2021-09-02,6.4483
2021-09-03,6.4388
2021-09-04,6.4388
2021-09-05,6.4388
2021-09-06,6.4510000000000005
2021-09-07,6.4615
2021-09-08,6.4579999999999975
2021-09-09,6.4509
2021-09-10,6.445
2021-09-11,6.445
2021-09-12,6.445
2021-09-13,6.4419
2021-09-14,6.4348
2021-09-15,6.4274
2021-09-16,6.4543
2021-09-17,6.4725
2021-09-18,6.4725
2021-09-19,6.4725
2021-09-20,6.4835
2021-09-21,6.4811
2021-09-22,6.4668
2021-09-23,6.4624
2021-09-24,6.4615
2021-09-25,6.4615
2021-09-26,6.4615
2021-09-27,6.4591
2021-09-28,6.4664
2021-09-29,6.4772
2021-09-30,6.4491
2021-10-01,6.4354
2021-10-02,6.4354
2021-10-03,6.4354
2021-10-04,6.4506
2021-10-05,6.4493
2021-10-06,6.454
2021-10-07,6.4527
2021-10-08,6.4456
2021-10-09,6.4456
2021-10-10,6.4456
2021-10-11,6.4593
2021-10-12,6.4557
2021-10-13,6.4284
2021-10-14,6.4358
2021-10-15,6.4345
2021-10-16,6.4345
2021-10-17,6.4345
2021-10-18,6.4284
2021-10-19,6.3765
2021-10-20,6.3949
2021-10-21,6.3945
2021-10-22,6.3839
2021-10-23,6.3839
2021-10-24,6.3839
2021-10-25,6.3843
2021-10-26,6.3783
2021-10-27,6.3937
2021-10-28,6.3888
2021-10-29,6.4057
2021-10-30,6.4057
2021-10-31,6.4057
2021-11-01,6.3944
2021-11-02,6.4028
2021-11-03,6.3949
2021-11-04,6.3973
2021-11-05,6.3944
2021-11-06,6.3944
2021-11-07,6.3944
2021-11-08,6.3891
2021-11-09,6.3898
2021-11-10,6.3992
2021-11-11,6.3915
2021-11-12,6.3796
2021-11-13,6.3796
2021-11-14,6.3796
2021-11-15,6.382999999999999
2021-11-16,6.3909
2021-11-17,6.3746
2021-11-18,6.3811
2021-11-19,6.391
2021-11-20,6.391
2021-11-21,6.391
2021-11-22,6.3902
2021-11-23,6.3907
2021-11-24,6.3957
2021-11-25,6.3877
2021-11-26,6.3972
2021-11-27,6.3972
2021-11-28,6.3972
2021-11-29,6.3861
2021-11-30,6.3648
2021-12-01,6.3732
2021-12-02,6.3726
2021-12-03,6.3733
2021-12-04,6.3733
2021-12-05,6.3733
2021-12-06,6.375
2021-12-07,6.3637
2021-12-08,6.3458
2021-12-09,6.377999999999999
2021-12-10,6.3765
2021-12-11,6.3765
2021-12-12,6.3765
2021-12-13,6.3755
2021-12-14,6.374
2021-12-15,6.3754
2021-12-16,6.3807
2021-12-17,6.3886
2021-12-18,6.3886
2021-12-19,6.3886
2021-12-20,6.3835
2021-12-21,6.3763
2021-12-22,6.3764
2021-12-23,6.3755
2021-12-24,6.374
2021-12-25,6.374
2021-12-26,6.374
2021-12-27,6.3753
2021-12-28,6.3748
2021-12-29,6.3702
2021-12-30,6.3756
2021-12-31,6.3644
2022-01-01,6.3644
2022-01-02,6.3644
2022-01-03,6.375
2022-01-04,6.3752
2022-01-05,6.3754
2022-01-06,6.3944
2022-01-07,6.3829
2022-01-08,6.3829
2022-01-09,6.3829
2022-01-10,6.3814
2022-01-11,6.3772
2022-01-12,6.3618
2022-01-13,6.3645
2022-01-14,6.358
2022-01-15,6.358
2022-01-16,6.358
2022-01-17,6.3512
2022-01-18,6.36
2022-01-19,6.3511
2022-01-20,6.3478
2022-01-21,6.3416
2022-01-22,6.3416
2022-01-23,6.3416
2022-01-24,6.3335
2022-01-25,6.3311
2022-01-26,6.3351
2022-01-27,6.3685
2022-01-28,6.371
2022-01-29,6.371
2022-01-30,6.371
2022-01-31,6.371
2022-02-01,6.3697
2022-02-02,6.3576
2022-02-03,6.3532
2022-02-04,6.3618
2022-02-05,6.3618
2022-02-06,6.3618
2022-02-07,6.3616
2022-02-08,6.3664
2022-02-09,6.3624
2022-02-10,6.3637
2022-02-11,6.3676
2022-02-12,6.3676
2022-02-13,6.3676
2022-02-14,6.357
2022-02-15,6.3381
2022-02-16,6.3326
2022-02-17,6.3341
2022-02-18,6.3252
2022-02-19,6.3252
2022-02-20,6.3252
2022-02-21,6.3262
2022-02-22,6.324
2022-02-23,6.3125
2022-02-24,6.3214
2022-02-25,6.3109
2022-02-26,6.3109
2022-02-27,6.3109
2022-02-28,6.3134
2022-03-01,6.3181
2022-03-02,6.3246
2022-03-03,6.3226
2022-03-04,6.3267
2022-03-05,6.3267
2022-03-06,6.3267
2022-03-07,6.3257
2022-03-08,6.3253
2022-03-09,6.3232
2022-03-10,6.3283
2022-03-11,6.3588
2022-03-12,6.3588
2022-03-13,6.3588
2022-03-14,6.3945
2022-03-15,6.3816
2022-03-16,6.3679999999999986
2022-03-17,6.3645
2022-03-18,6.3671
2022-03-19,6.3671
2022-03-20,6.3671
2022-03-21,6.371
2022-03-22,6.3764
2022-03-23,6.3892
2022-03-24,6.3832
2022-03-25,6.3837
2022-03-26,6.3837
2022-03-27,6.3837
2022-03-28,6.3864
2022-03-29,6.3741
2022-03-30,6.3597
2022-03-31,6.3548
2022-04-01,6.3678
2022-04-02,6.3678
2022-04-03,6.3678
2022-04-04,6.3745
2022-04-05,6.377999999999999
2022-04-06,6.3591
2022-04-07,6.3637
2022-04-08,6.3689
2022-04-09,6.3689
2022-04-10,6.3689
2022-04-11,6.3885
2022-04-12,6.3767
2022-04-13,6.3775
2022-04-14,6.3893
2022-04-15,6.3816
2022-04-16,6.3816
2022-04-17,6.3816
2022-04-18,6.3789
2022-04-19,6.4184
2022-04-20,6.445
2022-04-21,6.4803
2022-04-22,6.5274
2022-04-23,6.5274
2022-04-24,6.5274
2022-04-25,6.5716
2022-04-26,6.5898
2022-04-27,6.5871
2022-04-28,6.6594
2022-04-29,6.6414
2022-04-30,6.6414
2022-05-01,6.6414
2022-05-02,6.6770000000000005
2022-05-03,6.6468
2022-05-04,6.6194
2022-05-05,6.6817
2022-05-06,6.7183
2022-05-07,6.7183
2022-05-08,6.7183
2022-05-09,6.7576
2022-05-10,6.7484
2022-05-11,6.7639999999999985
2022-05-12,6.8275
2022-05-13,6.7993
2022-05-14,6.7993
2022-05-15,6.7993
2022-05-16,6.7992
2022-05-17,6.7398
2022-05-18,6.7837
2022-05-19,6.7287
2022-05-20,6.7
2022-05-21,6.7
2022-05-22,6.7
2022-05-23,6.6619
2022-05-24,6.6574
2022-05-25,6.7133
2022-05-26,6.7673
2022-05-27,6.7204
2022-05-28,6.7204
2022-05-29,6.7204
2022-05-30,6.6714
2022-05-31,6.6773
2022-06-01,6.6982
2022-06-02,6.654
2022-06-03,6.6537
2022-06-04,6.6537
2022-06-05,6.6537
2022-06-06,6.6565
2022-06-07,6.6713
2022-06-08,6.7008
2022-06-09,6.7010000000000005
2022-06-10,6.7313
2022-06-11,6.7313
2022-06-12,6.7313
2022-06-13,6.7826
2022-06-14,6.7565
2022-06-15,6.6688
2022-06-16,6.6835
2022-06-17,6.7082
2022-06-18,6.7082
2022-06-19,6.7082
2022-06-20,6.6902
2022-06-21,6.6922
2022-06-22,6.7104
2022-06-23,6.6982
2022-06-24,6.6826
2022-06-25,6.6826
2022-06-26,6.6826
2022-06-27,6.6928
2022-06-28,6.7026
2022-06-29,6.7079
2022-06-30,6.6938
2022-07-01,6.6967
2022-07-02,6.6967
2022-07-03,6.6967
2022-07-04,6.6939
2022-07-05,6.7118
2022-07-06,6.7171
2022-07-07,6.693
2022-07-08,6.6837
2022-07-09,6.6837
2022-07-10,6.6837
2022-07-11,6.726
2022-07-12,6.7365
2022-07-13,6.7251
2022-07-14,6.7644
2022-07-15,6.7588
2022-07-16,6.7588
2022-07-17,6.7588
2022-07-18,6.7601
2022-07-19,6.7456
2022-07-20,6.7753
2022-07-21,6.7717
2022-07-22,6.7585
2022-07-23,6.7585
2022-07-24,6.7585
2022-07-25,6.7519
2022-07-26,6.7679
2022-07-27,6.7445
2022-07-28,6.7429999999999986
2022-07-29,6.752999999999999
2022-07-30,6.752999999999999
2022-07-31,6.752999999999999
2022-08-01,6.7843
2022-08-02,6.7784
2022-08-03,6.7595
2022-08-04,6.7509
2022-08-05,6.7672
2022-08-06,6.7672
2022-08-07,6.7672
2022-08-08,6.7624
2022-08-09,6.7553
2022-08-10,6.7234
2022-08-11,6.7439
2022-08-12,6.7382
2022-08-13,6.7382
2022-08-14,6.7382
2022-08-15,6.8163
2022-08-16,6.7923
2022-08-17,6.7919
2022-08-18,6.8033
2022-08-19,6.8364
2022-08-20,6.8364
2022-08-21,6.8364
2022-08-22,6.8671
2022-08-23,6.8546
2022-08-24,6.8775
2022-08-25,6.8515
2022-08-26,6.8955
2022-08-27,6.8955
2022-08-28,6.8955
2022-08-29,6.9155
2022-08-30,6.9235
2022-08-31,6.9069
2022-09-01,6.9156
2022-09-02,6.9186
2022-09-03,6.9186
2022-09-04,6.9186
2022-09-05,6.9424
2022-09-06,6.9703
2022-09-07,6.9570000000000025
2022-09-08,6.961
2022-09-09,6.9371
2022-09-10,6.9371
2022-09-11,6.9371
2022-09-12,6.9181
2022-09-13,6.9821
2022-09-14,6.973
2022-09-15,7.0134
2022-09-16,6.9985
2022-09-17,6.9985
2022-09-18,6.9985
2022-09-19,7.0047
2022-09-20,7.0304
2022-09-21,7.0754
2022-09-22,7.0817
2022-09-23,7.1385
2022-09-24,7.1385
2022-09-25,7.1385
2022-09-26,7.174
2022-09-27,7.18
2022-09-28,7.1623
2022-09-29,7.098
2022-09-30,7.1413
2022-10-01,7.1413
2022-10-02,7.1413
2022-10-03,7.1052
2022-10-04,7.0413
2022-10-05,7.0683
2022-10-06,7.0825
2022-10-07,7.1331
2022-10-08,7.1331
2022-10-09,7.1331
2022-10-10,7.1536
2022-10-11,7.1746
2022-10-12,7.1746
2022-10-13,7.1779
2022-10-14,7.2173
2022-10-15,7.2173
2022-10-16,7.2173
2022-10-17,7.2099
2022-10-18,7.2238
2022-10-19,7.2685
2022-10-20,7.2559
2022-10-21,7.2295
2022-10-22,7.2295
2022-10-23,7.2295
2022-10-24,7.3267
2022-10-25,7.3135
2022-10-26,7.1871
2022-10-27,7.2516
2022-10-28,7.27
2022-10-29,7.27
2022-10-30,7.27
2022-10-31,7.3367
2022-11-01,7.3081
2022-11-02,7.3437
2022-11-03,7.3321
2022-11-04,7.178
2022-11-05,7.178
2022-11-06,7.178
2022-11-07,7.229
2022-11-08,7.2284
2022-11-09,7.2718
2022-11-10,7.1526
2022-11-11,7.0923
2022-11-12,7.0923
2022-11-13,7.0923
2022-11-14,7.0417
2022-11-15,7.0484
2022-11-16,7.1078
2022-11-17,7.1479
2022-11-18,7.1254
2022-11-19,7.1254
2022-11-20,7.1254
2022-11-21,7.1821
2022-11-22,7.1368
2022-11-23,7.1538
2022-11-24,7.1695
2022-11-25,7.1935
2022-11-26,7.1935
2022-11-27,7.1935
2022-11-28,7.2474
2022-11-29,7.1399
2022-11-30,7.0458
2022-12-01,7.037000000000001
2022-12-02,7.0256
2022-12-03,7.0256
2022-12-04,7.0256
2022-12-05,6.9755
2022-12-06,6.9812
2022-12-07,6.9620000000000015
2022-12-08,6.961
2022-12-09,6.9737
2022-12-10,6.9737
2022-12-11,6.9737
2022-12-12,6.9893
2022-12-13,6.9636
2022-12-14,6.942
2022-12-15,6.9914
2022-12-16,6.9776
2022-12-17,6.9776
2022-12-18,6.9776
2022-12-19,6.9867
2022-12-20,6.9606
2022-12-21,6.9864
2022-12-22,7.0095
2022-12-23,7.0009
2022-12-24,7.0009
2022-12-25,7.0009
2022-12-26,6.976
2022-12-27,6.9674
2022-12-28,6.9971
2022-12-29,6.973
2022-12-30,6.921
2022-12-31,6.921
2023-01-01,6.921
2023-01-02,6.9268
2023-01-03,6.9241
2023-01-04,6.9009
2023-01-05,6.8889999999999985
2023-01-06,6.8288
2023-01-07,6.8288
2023-01-08,6.8288
2023-01-09,6.78
2023-01-10,6.7846
2023-01-11,6.7666
2023-01-12,6.7264
2023-01-13,6.7076
2023-01-14,6.7076
2023-01-15,6.7076
2023-01-16,6.7429999999999986
2023-01-17,6.7697
2023-01-18,6.7693
2023-01-19,6.7709
2023-01-20,6.784
2023-01-21,6.784
2023-01-22,6.784
2023-01-23,6.7764
2023-01-24,6.7839
2023-01-25,6.7707
2023-01-26,6.7374
2023-01-27,6.7564
2023-01-28,6.7564
2023-01-29,6.7564
2023-01-30,6.7563
2023-01-31,6.7554
2023-02-01,6.7186
2023-02-02,6.7383
2023-02-03,6.808
2023-02-04,6.808
2023-02-05,6.808
2023-02-06,6.8023
2023-02-07,6.7845
2023-02-08,6.7963
2023-02-09,6.7954
2023-02-10,6.8234
2023-02-11,6.8234
2023-02-12,6.8234
2023-02-13,6.824
2023-02-14,6.8377
2023-02-15,6.8632
2023-02-16,6.8682
2023-02-17,6.8743
2023-02-18,6.8743
2023-02-19,6.8743
2023-02-20,6.8593
2023-02-21,6.8873
2023-02-22,6.9061
2023-02-23,6.9172
2023-02-24,6.98
2023-02-25,6.98
2023-02-26,6.98
2023-02-27,6.9603
2023-02-28,6.9547
2023-03-01,6.8795
2023-03-02,6.921
2023-03-03,6.8972
2023-03-04,6.8972
2023-03-05,6.8972
2023-03-06,6.9503
2023-03-07,6.9941
2023-03-08,6.9682
2023-03-09,6.9762
2023-03-10,6.9389
2023-03-11,6.9389
2023-03-12,6.9389
2023-03-13,6.8551
2023-03-14,6.8827
2023-03-15,6.8929
2023-03-16,6.8956
2023-03-17,6.8898
2023-03-18,6.8898
2023-03-19,6.8898
2023-03-20,6.8738
2023-03-21,6.8766
2023-03-22,6.8611
2023-03-23,6.8299
2023-03-24,6.8707
2023-03-25,6.8707
2023-03-26,6.8707
2023-03-27,6.8826
2023-03-28,6.8788
2023-03-29,6.8956
2023-03-30,6.8746
2023-03-31,6.8741
2023-04-01,6.8741
2023-04-02,6.8741
2023-04-03,6.8761
2023-04-04,6.8786
2023-04-05,6.8843
2023-04-06,6.8821
2023-04-07,6.8763
2023-04-08,6.8763
2023-04-09,6.8763
2023-04-10,6.8928
2023-04-11,6.8942
2023-04-12,6.8825
2023-04-13,6.8722
2023-04-14,6.872000000000001
2023-04-15,6.872000000000001
2023-04-16,6.872000000000001
2023-04-17,6.8834
2023-04-18,6.8827
2023-04-19,6.8952
2023-04-20,6.8845
2023-04-21,6.9005
2023-04-22,6.9005
2023-04-23,6.9005
2023-04-24,6.9011
2023-04-25,6.9409
2023-04-26,6.9416
2023-04-27,6.9305
2023-04-28,6.9273
2023-04-29,6.9273
2023-04-30,6.9273
2023-05-01,6.9615
2023-05-02,6.9347
2023-05-03,6.9220000000000015
2023-05-04,6.9164
2023-05-05,6.9197
2023-05-06,6.9197
2023-05-07,6.9197
2023-05-08,6.921
2023-05-09,6.9244
2023-05-10,6.9392
2023-05-11,6.9599
2023-05-12,6.971
2023-05-13,6.971
2023-05-14,6.971
2023-05-15,6.9601
2023-05-16,6.9989
2023-05-17,7.007999999999999
2023-05-18,7.0507
2023-05-19,7.0242
2023-05-20,7.0242
2023-05-21,7.0242
2023-05-22,7.0489
2023-05-23,7.0649
2023-05-24,7.0647
2023-05-25,7.0923
2023-05-26,7.0734
2023-05-27,7.0734
2023-05-28,7.0734
2023-05-29,7.0845
2023-05-30,7.0911
2023-05-31,7.1192
2023-06-01,7.1042
2023-06-02,7.1103
2023-06-03,7.1103
2023-06-04,7.1103
2023-06-05,7.1185
2023-06-06,7.129
2023-06-07,7.1472
2023-06-08,7.1208
2023-06-09,7.1443
2023-06-10,7.1443
2023-06-11,7.1443
2023-06-12,7.1560000000000015
2023-06-13,7.1759
2023-06-14,7.1757
2023-06-15,7.1205
2023-06-16,7.1282
2023-06-17,7.1282
2023-06-18,7.1282
2023-06-19,7.1643
2023-06-20,7.1824
2023-06-21,7.1766
2023-06-22,7.1961
2023-06-23,7.2167
2023-06-24,7.2167
2023-06-25,7.2167
2023-06-26,7.2454
2023-06-27,7.2239
2023-06-28,7.2431
2023-06-29,7.2688
2023-06-30,7.2677
2023-07-01,7.2677
2023-07-02,7.2677
2023-07-03,7.2544
2023-07-04,7.2298
2023-07-05,7.262
2023-07-06,7.2559
2023-07-07,7.2321
2023-07-08,7.2321
2023-07-09,7.2321
2023-07-10,7.2292
2023-07-11,7.2141
2023-07-12,7.1664
2023-07-13,7.1504
2023-07-14,7.1579
2023-07-15,7.1579
2023-07-16,7.1579
2023-07-17,7.1786
2023-07-18,7.1926
2023-07-19,7.2321
2023-07-20,7.1749
2023-07-21,7.1895
2023-07-22,7.1895
2023-07-23,7.1895
2023-07-24,7.1857
2023-07-25,7.1373
2023-07-26,7.1531
2023-07-27,7.1715
2023-07-28,7.1534
2023-07-29,7.1534
2023-07-30,7.1534
2023-07-31,7.1464
2023-08-01,7.1853
2023-08-02,7.2026
2023-08-03,7.1814
2023-08-04,7.1883
2023-08-05,7.1883
2023-08-06,7.1883
2023-08-07,7.2031
2023-08-08,7.2373
2023-08-09,7.227
2023-08-10,7.2431
2023-08-11,7.2609
2023-08-12,7.2609
2023-08-13,7.2609
2023-08-14,7.2773
2023-08-15,7.3237
2023-08-16,7.3364
2023-08-17,7.3026
2023-08-18,7.3077
2023-08-19,7.3077
2023-08-20,7.3077
2023-08-21,7.2884
2023-08-22,7.3065
2023-08-23,7.2866
2023-08-24,7.2809
2023-08-25,7.2949
2023-08-26,7.2949
2023-08-27,7.2949
2023-08-28,7.2933
2023-08-29,7.2831
2023-08-30,7.3032
2023-08-31,7.2753
2023-09-01,7.2707
2023-09-02,7.2707
2023-09-03,7.2707
2023-09-04,7.2754
2023-09-05,7.3044
2023-09-06,7.3206
2023-09-07,7.342
2023-09-08,7.365
2023-09-09,7.365
2023-09-10,7.365
2023-09-11,7.3026
2023-09-12,7.3017
2023-09-13,7.2718
2023-09-14,7.29
2023-09-15,7.2807
2023-09-16,7.2807
2023-09-17,7.2807
2023-09-18,7.2912
2023-09-19,7.3037
2023-09-20,7.3071
2023-09-21,7.3142
2023-09-22,7.2987
2023-09-23,7.2987
2023-09-24,7.2987
2023-09-25,7.3167
2023-09-26,7.3101
2023-09-27,7.3226
2023-09-28,7.2948
2023-09-29,7.2957
2023-09-30,7.2957
2023-10-01,7.2957
2023-10-02,7.3225
2023-10-03,7.3184
2023-10-04,7.318
2023-10-05,7.3056
2023-10-06,7.3091
2023-10-07,7.3091
2023-10-08,7.3091
2023-10-09,7.2925
2023-10-10,7.2863
2023-10-11,7.3017
2023-10-12,7.3098
2023-10-13,7.3129
2023-10-14,7.3129
2023-10-15,7.3129
2023-10-16,7.3085
2023-10-17,7.3258
2023-10-18,7.3276
2023-10-19,7.3366
2023-10-20,7.3286
2023-10-21,7.3286
2023-10-22,7.3286
2023-10-23,7.3103
2023-10-24,7.3135
2023-10-25,7.3302
2023-10-26,7.3245
2023-10-27,7.3337
2023-10-28,7.3337
2023-10-29,7.3337
2023-10-30,7.3252
2023-10-31,7.3426
2023-11-01,7.3352
2023-11-02,7.3282
2023-11-03,7.2883
2023-11-04,7.2883
2023-11-05,7.2883
2023-11-06,7.2812
2023-11-07,7.2822
2023-11-08,7.287000000000001
2023-11-09,7.2985
2023-11-10,7.3072
2023-11-11,7.3072
2023-11-12,7.3072
2023-11-13,7.292999999999997
2023-11-14,7.2518
2023-11-15,7.2578
2023-11-16,7.2469
2023-11-17,7.2176
2023-11-18,7.2176
2023-11-19,7.2176
2023-11-20,7.1643
2023-11-21,7.1433
2023-11-22,7.1647
2023-11-23,7.1524
2023-11-24,7.1483
2023-11-25,7.1483
2023-11-26,7.1483
2023-11-27,7.1594
2023-11-28,7.1331
2023-11-29,7.143
2023-11-30,7.1444
2023-12-01,7.124
2023-12-02,7.124
2023-12-03,7.124
2023-12-04,7.1494
2023-12-05,7.1734
2023-12-06,7.1743
2023-12-07,7.164
2023-12-08,7.1854
2023-12-09,7.1854
2023-12-10,7.1854
2023-12-11,7.1936
2023-12-12,7.1943
2023-12-13,7.1376
2023-12-14,7.1248
2023-12-15,7.1346
2023-12-16,7.1346
2023-12-17,7.1346
2023-12-18,7.1432
2023-12-19,7.1234
2023-12-20,7.1511
2023-12-21,7.1416
2023-12-22,7.1532
2023-12-23,7.1532
2023-12-24,7.1532
2023-12-25,7.148
2023-12-26,7.1425
2023-12-27,7.1514
2023-12-28,7.1194
2023-12-29,7.1248
2023-12-30,7.1248
2023-12-31,7.1248
2024-01-01,7.1246
2024-01-02,7.151
2024-01-03,7.1664
2024-01-04,7.1773
2024-01-05,7.1657
2024-01-06,7.1657
2024-01-07,7.1657
2024-01-08,7.1621
2024-01-09,7.1842
2024-01-10,7.1833
2024-01-11,7.1747
2024-01-12,7.1897
2024-01-13,7.1897
2024-01-14,7.1897
2024-01-15,7.1862
2024-01-16,7.2189999999999985
2024-01-17,7.222
2024-01-18,7.2175
2024-01-19,7.2035
2024-01-20,7.2035
2024-01-21,7.2035
2024-01-22,7.1936
2024-01-23,7.1675
2024-01-24,7.1623
2024-01-25,7.1804
2024-01-26,7.1885
2024-01-27,7.1885
2024-01-28,7.1885
2024-01-29,7.1877
2024-01-30,7.188
2024-01-31,7.1864
2024-02-01,7.1878
2024-02-02,7.2161
2024-02-03,7.2161
2024-02-04,7.2161
2024-02-05,7.22
2024-02-06,7.2015
2024-02-07,7.2127
2024-02-08,7.2155
2024-02-09,7.2188
2024-02-10,7.2188
2024-02-11,7.2188
2024-02-12,7.215
2024-02-13,7.2317
2024-02-14,7.2226
2024-02-15,7.2178
2024-02-16,7.2127
2024-02-17,7.2127
2024-02-18,7.2127
2024-02-19,7.2113
2024-02-20,7.2014
2024-02-21,7.1995
2024-02-22,7.202000000000001
2024-02-23,7.2057
2024-02-24,7.2057
2024-02-25,7.2057
2024-02-26,7.2112
2024-02-27,7.2139
2024-02-28,7.213999999999999
2024-02-29,7.207000000000002
2024-03-01,7.21
2024-03-02,7.21
2024-03-03,7.21
2024-03-04,7.2101
2024-03-05,7.2119
2024-03-06,7.2103
2024-03-07,7.2003
2024-03-08,7.2008
2024-03-09,7.2008
2024-03-10,7.2008
2024-03-11,7.1802
2024-03-12,7.1869
2024-03-13,7.1936
2024-03-14,7.2025
2024-03-15,7.2064
2024-03-16,7.2064
2024-03-17,7.2064
2024-03-18,7.2061
2024-03-19,7.2118
2024-03-20,7.2112
2024-03-21,7.2218
2024-03-22,7.2762
2024-03-23,7.2762
2024-03-24,7.2762
2024-03-25,7.2529
2024-03-26,7.2487
2024-03-27,7.2541
2024-03-28,7.2621
2024-03-29,7.2575
2024-03-30,7.2575
2024-03-31,7.2575
2024-04-01,7.2594
2024-04-02,7.2543
2024-04-03,7.2489
2024-04-04,7.2502
2024-04-05,7.2472
2024-04-06,7.2472
2024-04-07,7.2472
2024-04-08,7.2422
2024-04-09,7.2381
2024-04-10,7.2625
2024-04-11,7.2558
2024-04-12,7.2673
2024-04-13,7.2673
2024-04-14,7.2673
2024-04-15,7.2592
2024-04-16,7.2645
2024-04-17,7.2446
2024-04-18,7.2495
2024-04-19,7.2509
2024-04-20,7.2509
2024-04-21,7.2509
2024-04-22,7.2512
2024-04-23,7.2605
2024-04-24,7.273
2024-04-25,7.2555
2024-04-26,7.2688
2024-04-27,7.2688
2024-04-28,7.2688
2024-04-29,7.2442
2024-04-30,7.255
2024-05-01,7.234
2024-05-02,7.206
2024-05-03,7.1916
2024-05-04,7.1916
2024-05-05,7.1916
2024-05-06,7.2144
2024-05-07,7.2252
2024-05-08,7.2295
2024-05-09,7.2224
2024-05-10,7.2344
2024-05-11,7.2344
2024-05-12,7.2344
2024-05-13,7.2397
2024-05-14,7.2401
2024-05-15,7.2178
2024-05-16,7.2236
2024-05-17,7.2337
2024-05-18,7.2337
2024-05-19,7.2337
2024-05-20,7.2471
2024-05-21,7.2468
2024-05-22,7.2549
2024-05-23,7.2579
2024-05-24,7.2618
2024-05-25,7.2618
2024-05-26,7.2618
2024-05-27,7.2591
2024-05-28,7.2633
2024-05-29,7.2732
2024-05-30,7.2529
2024-05-31,7.2632
2024-06-01,7.2632
2024-06-02,7.2632
2024-06-03,7.2518
2024-06-04,7.2478
2024-06-05,7.258999999999999
2024-06-06,7.2597
2024-06-07,7.2632
2024-06-08,7.2632
2024-06-09,7.2632
2024-06-10,7.2658
2024-06-11,7.2716
2024-06-12,7.2628
2024-06-13,7.2703
2024-06-14,7.271
2024-06-15,7.271
2024-06-16,7.271
2024-06-17,7.2704
2024-06-18,7.2712
2024-06-19,7.2812
2024-06-20,7.2908
2024-06-21,7.2905
2024-06-22,7.2905
2024-06-23,7.2905
2024-06-24,7.2834
2024-06-25,7.2896
2024-06-26,7.3011
2024-06-27,7.303
2024-06-28,7.2996
2024-06-29,7.2996
2024-06-30,7.2996
2024-07-01,7.305
2024-07-02,7.308
2024-07-03,7.3031
2024-07-04,7.295
2024-07-05,7.2894
2024-07-06,7.2894
2024-07-07,7.2894
2024-07-08,7.2857
2024-07-09,7.2886
2024-07-10,7.2926
2024-07-11,7.2677
2024-07-12,7.2723
2024-07-13,7.2723
2024-07-14,7.2723
2024-07-15,7.2742
2024-07-16,7.2892
2024-07-17,7.2721
2024-07-18,7.2769
2024-07-19,7.2857
2024-07-20,7.2857
2024-07-21,7.2857
2024-07-22,7.2962
2024-07-23,7.2895
2024-07-24,7.2632
2024-07-25,7.2403
2024-07-26,7.2633
2024-07-27,7.2633
2024-07-28,7.2633
2024-07-29,7.2716
2024-07-30,7.2442
2024-07-31,7.2266
2024-08-01,7.2517
2024-08-02,7.1658
2024-08-03,7.1658
2024-08-04,7.1658
2024-08-05,7.1375
2024-08-06,7.1592
2024-08-07,7.1735
2024-08-08,7.1848
2024-08-09,7.1747
2024-08-10,7.1747
2024-08-11,7.1747
2024-08-12,7.1782
2024-08-13,7.1476
2024-08-14,7.1471
2024-08-15,7.1795
2024-08-16,7.1631
2024-08-17,7.1631
2024-08-18,7.1631
2024-08-19,7.1336
2024-08-20,7.1171
2024-08-21,7.1328
2024-08-22,7.1468
2024-08-23,7.1161
2024-08-24,7.1161
2024-08-25,7.1161
2024-08-26,7.1231
2024-08-27,7.1211
2024-08-28,7.1333
2024-08-29,7.0947
2024-08-30,7.0904
2024-08-31,7.0904
2024-09-01,7.0904
2024-09-02,7.1166
2024-09-03,7.1209
2024-09-04,7.1129
2024-09-05,7.0908
2024-09-06,7.0944
2024-09-07,7.0944
2024-09-08,7.0944
2024-09-09,7.1201
2024-09-10,7.1354
2024-09-11,7.1295
2024-09-12,7.1191
2024-09-13,7.1009
2024-09-14,7.1009
2024-09-15,7.1009
2024-09-16,7.0969
2024-09-17,7.1109
2024-09-18,7.0952
2024-09-19,7.0710000000000015
2024-09-20,7.0417
2024-09-21,7.0417
2024-09-22,7.0417
2024-09-23,7.0622
2024-09-24,7.0109
2024-09-25,7.0327
2024-09-26,6.973
2024-09-27,6.9814
2024-09-28,6.9814
2024-09-29,6.9814
2024-09-30,7.0066
2024-10-01,7.0302
2024-10-02,7.0366
2024-10-03,7.0523
2024-10-04,7.099
2024-10-05,7.099
2024-10-06,7.099
2024-10-07,7.0715
2024-10-08,7.074
2024-10-09,7.0936
2024-10-10,7.0832
2024-10-11,7.0704
2024-10-12,7.0704
2024-10-13,7.0704
2024-10-14,7.0958
2024-10-15,7.1366
2024-10-16,7.1363
2024-10-17,7.1375
2024-10-18,7.1181
2024-10-19,7.1181
2024-10-20,7.1181
2024-10-21,7.1361
2024-10-22,7.1352
2024-10-23,7.1357
2024-10-24,7.1244
2024-10-25,7.1351
2024-10-26,7.1351
2024-10-27,7.1351
2024-10-28,7.145
2024-10-29,7.1429
2024-10-30,7.1253
2024-10-31,7.1217
2024-11-01,7.1385
2024-11-02,7.1385
2024-11-03,7.1385
2024-11-04,7.1113
2024-11-05,7.1021
2024-11-06,7.2039
2024-11-07,7.1499
2024-11-08,7.199
2024-11-09,7.199
2024-11-10,7.199
2024-11-11,7.2275
2024-11-12,7.2429
2024-11-13,7.2431
2024-11-14,7.2523
2024-11-15,7.2361
2024-11-16,7.2361
2024-11-17,7.2361
2024-11-18,7.226
2024-11-19,7.2345
2024-11-20,7.2505
2024-11-21,7.2552
2024-11-22,7.2597
2024-11-23,7.2597
2024-11-24,7.2597
2024-11-25,7.2461
2024-11-26,7.2576
2024-11-27,7.2451
2024-11-28,7.2498
2024-11-29,7.2482
2024-11-30,7.2482
2024-12-01,7.2482
2024-12-02,7.2866
2024-12-03,7.2998
2024-12-04,7.2773
2024-12-05,7.2635
2024-12-06,7.2839
2024-12-07,7.2839
2024-12-08,7.2839
2024-12-09,7.2678
2024-12-10,7.2581
2024-12-11,7.2799
2024-12-12,7.2753
2024-12-13,7.2795
2024-12-14,7.2795
2024-12-15,7.2795
2024-12-16,7.2926
2024-12-17,7.2879999999999985
2024-12-18,7.3247
2024-12-19,7.3091
2024-12-20,7.2926
2024-12-21,7.2926
2024-12-22,7.2926
2024-12-23,7.3079
2024-12-24,7.3065
2024-12-25,7.303
2024-12-26,7.3031
2024-12-27,7.3006
2024-12-28,7.3006
2024-12-29,7.3006
2024-12-30,7.3146
2024-12-31,7.3371
2025-01-01,7.3351
2025-01-02,7.3403
2025-01-03,7.3582
2025-01-04,7.3582
2025-01-05,7.3582
2025-01-06,7.346
2025-01-07,7.3406
2025-01-08,7.3538
2025-01-09,7.3563
2025-01-10,7.3635
2025-01-11,7.3635
2025-01-12,7.3635
2025-01-13,7.3478
2025-01-14,7.3444
2025-01-15,7.3492
2025-01-16,7.3464
2025-01-17,7.341
2025-01-18,7.341
2025-01-19,7.341
2025-01-20,7.263
2025-01-21,7.2675
2025-01-22,7.2817
2025-01-23,7.2878
2025-01-24,7.2443
2025-01-25,7.2443
2025-01-26,7.2443
2025-01-27,7.2517
2025-01-28,7.2747
2025-01-29,7.2663
2025-01-30,7.2931
2025-01-31,7.3221
2025-02-01,7.3221
2025-02-02,7.3221
2025-02-03,7.3119
2025-02-04,7.2869
2025-02-05,7.2831
2025-02-06,7.2888
2025-02-07,7.3038
2025-02-08,7.3038
2025-02-09,7.3038
2025-02-10,7.3113
2025-02-11,7.3101
2025-02-12,7.3101
2025-02-13,7.2703
2025-02-14,7.2594
2025-02-15,7.2594
2025-02-16,7.2594
2025-02-17,7.2589
2025-02-18,7.2756
2025-02-19,7.2849
2025-02-20,7.2365
2025-02-21,7.2524
2025-02-22,7.2524
2025-02-23,7.2524
2025-02-24,7.2542
2025-02-25,7.2547
2025-02-26,7.2666
2025-02-27,7.302
2025-02-28,7.295
2025-03-01,7.295
2025-03-02,7.295
2025-03-03,7.3026
2025-03-04,7.255
2025-03-05,7.2357
2025-03-06,7.2437
2025-03-07,7.2435
2025-03-08,7.2435
2025-03-09,7.2435
2025-03-10,7.2633
2025-03-11,7.2269
2025-03-12,7.2403
2025-03-13,7.2485
2025-03-14,7.2382
2025-03-15,7.2382
2025-03-16,7.2382
2025-03-17,7.2262
2025-03-18,7.2274
2025-03-19,7.2295
2025-03-20,7.2517
2025-03-21,7.2579
2025-03-22,7.2579
2025-03-23,7.2579
2025-03-24,7.2636
2025-03-25,7.2658
2025-03-26,7.279
2025-03-27,7.2676
2025-03-28,7.2697
2025-03-29,7.2697
2025-03-30,7.2697
2025-03-31,7.2652
2025-04-01,7.2815
2025-04-02,7.2964
2025-04-03,7.2806
2025-04-04,7.2966
2025-04-05,7.2966
2025-04-06,7.2966
2025-04-07,7.345
2025-04-08,7.4278
2025-04-09,7.347
2025-04-10,7.3118
2025-04-11,7.2813
2025-04-12,7.2813
2025-04-13,7.2813
2025-04-14,7.3121
2025-04-15,7.3298
2025-04-16,7.2995
2025-04-17,7.3022
2025-04-18,7.3037
2025-04-19,7.3037
2025-04-20,7.3037
2025-04-21,7.2928
2025-04-22,7.3114
2025-04-23,7.2875
2025-04-24,7.2879
2025-04-25,7.2889
2025-04-26,7.2889
2025-04-27,7.2889
2025-04-28,7.285
2025-04-29,7.2687
2025-04-30,7.2689
2025-05-01,7.2773
2025-05-02,7.2113
2025-05-03,7.2113
2025-05-04,7.2113
2025-05-05,7.2006
2025-05-06,7.207999999999997
2025-05-07,7.2283
2025-05-08,7.2437
2025-05-09,7.2402
2025-05-10,7.2402
2025-05-11,7.2402
2025-05-12,7.1996
2025-05-13,7.1968
2025-05-14,7.2114
2025-05-15,7.2045
2025-05-16,7.2098
2025-05-17,7.2098
2025-05-18,7.2098
2025-05-19,7.2143
2025-05-20,7.213999999999999
2025-05-21,7.204
2025-05-22,7.2049
2025-05-23,7.1722
2025-05-24,7.1722
2025-05-25,7.1722
2025-05-26,7.1769
2025-05-27,7.1917
2025-05-28,7.1927
2025-05-29,7.1893
2025-05-30,7.2065
2025-05-31,7.2065
2025-06-01,7.2065
2025-06-02,7.21
2025-06-03,7.1924
2025-06-04,7.1717
2025-06-05,7.1755
2025-06-06,7.1885
2025-06-07,7.1885
2025-06-08,7.1885
2025-06-09,7.1828
2025-06-10,7.1892
2025-06-11,7.1986
2025-06-12,7.1731
2025-06-13,7.1896
2025-06-14,7.1896
2025-06-15,7.1896
2025-06-16,7.1834
2025-06-17,7.1923
2025-06-18,7.1944
2025-06-19,7.1869
2025-06-20,7.1794
2025-06-21,7.1794
2025-06-22,7.1794
2025-06-23,7.1754
2025-06-24,7.1644
2025-06-25,7.1720000000000015
2025-06-26,7.1637
2025-06-27,7.1729
2025-06-28,7.1729
2025-06-29,7.1729
2025-06-30,7.1575
2025-07-01,7.1614
2025-07-02,7.1617
2025-07-03,7.1701
2025-07-04,7.1646
2025-07-05,7.1646
2025-07-06,7.1646
2025-07-07,7.1796
2025-07-08,7.1806
2025-07-09,7.1853
2025-07-10,7.1783
2025-07-11,7.1736
2025-07-12,7.1736
2025-07-13,7.1736
2025-07-14,7.1722
2025-07-15,7.1846
2025-07-16,7.1802
2025-07-17,7.1847
2025-07-18,7.181
2025-07-19,7.181
2025-07-20,7.181
2025-07-21,7.1709
2025-07-22,7.1705
2025-07-23,7.152
2025-07-24,7.1555
2025-07-25,7.1681
2025-07-26,7.1681
2025-07-27,7.1681
2025-07-28,7.1835
2025-07-29,7.1808
2025-07-30,7.2123
2025-07-31,7.2096
2025-08-01,7.1929
2025-08-02,7.1929
2025-08-03,7.1929
2025-08-04,7.1835
2025-08-05,7.1886
2025-08-06,7.1848
2025-08-07,7.1805
2025-08-08,7.189
2025-08-09,7.189
2025-08-10,7.189
2025-08-11,7.1962
2025-08-12,7.1856
2025-08-13,7.1815
2025-08-14,7.1823
2025-08-15,7.1891
2025-08-16,7.1891
2025-08-17,7.1891
2025-08-18,7.1877
2025-08-19,7.1882
2025-08-20,7.1815
2025-08-21,7.1833
2025-08-22,7.1712
2025-08-23,7.1712
2025-08-24,7.1712
2025-08-25,7.1581
2025-08-26,7.1534
2025-08-27,7.1523
2025-08-28,7.1209
2025-08-29,7.1221
2025-08-30,7.1221
2025-08-31,7.1221
2025-09-01,7.1351
2025-09-02,7.1385
2025-09-03,7.1397
2025-09-04,7.1372
2025-09-05,7.1263
2025-09-06,7.1263
2025-09-07,7.1263
2025-09-08,7.1226
2025-09-09,7.1232
2025-09-10,7.1202
2025-09-11,7.1129
2025-09-12,7.1237
2025-09-13,7.1237
2025-09-14,7.1237
2025-09-15,7.1191
2025-09-16,7.1041
2025-09-17,7.1023
2025-09-18,7.1087
2025-09-19,7.1196
2025-09-20,7.1196
2025-09-21,7.1196
2025-09-22,7.1157
2025-09-23,7.1136
2025-09-24,7.1379
2025-09-25,7.1452
2025-09-26,7.1413
2025-09-27,7.1413
2025-09-28,7.1413
2025-09-29,7.1294
2025-09-30,7.1287
2025-10-01,7.1278
2025-10-02,7.1328
2025-10-03,7.136
2025-10-04,7.136
2025-10-05,7.136
2025-10-06,7.1421
2025-10-07,7.1458
2025-10-08,7.1503
2025-10-09,7.138
2025-10-10,7.1478
2025-10-11,7.1478
2025-10-12,7.1478
2025-10-13,7.1382
2025-10-14,7.14
2025-10-15,7.1301
2025-10-16,7.1246
2025-10-17,7.1269
2025-10-18,7.1269
2025-10-19,7.1269
2025-10-20,7.1241
2025-10-21,7.1269
2025-10-22,7.1257
2025-10-23,7.1249
2025-10-24,7.1262
2025-10-25,7.1262
2025-10-26,7.1262
2025-10-27,7.1091
2025-10-28,7.0959
2025-10-29,7.0968
2025-10-30,7.1110000000000015
2025-10-31,7.1224
2025-11-01,7.1224
2025-11-02,7.1224
2025-11-03,7.1257
2025-11-04,7.1352
2025-11-05,7.1312
2025-11-06,7.1209
2025-11-07,7.1252
2025-11-08,7.1252
2025-11-09,7.1252
2025-11-10,7.1216
2025-11-11,7.1225
2025-11-12,7.1125
2025-11-13,7.0974
2025-11-14,7.1001
2025-11-15,7.1001
2025-11-16,7.1001
2025-11-17,7.1082
2025-11-18,7.1108
2025-11-19,7.1183
2025-11-20,7.1178
2025-11-21,7.1054
2025-11-22,7.1054
2025-11-23,7.1054
2025-11-24,7.1068
2025-11-25,7.0829
2025-11-26,7.0691
2025-11-27,7.0742
2025-11-28,7.0713
2025-11-29,7.0713
2025-11-30,7.0713
2025-12-01,7.072
2025-12-02,7.067
2025-12-03,7.0583
2025-12-04,7.0713
2025-12-05,7.0691
2025-12-06,7.0691
2025-12-07,7.0691
2025-12-08,7.0719
2025-12-09,7.0602
2025-12-10,7.0604
2025-12-11,7.0511
2025-12-12,7.0535
2025-12-13,7.0535
2025-12-14,7.0535
2025-12-15,7.0434
2025-12-16,7.0361
2025-12-17,7.04
2025-12-18,7.0335
2025-12-19,7.0336
2025-12-20,7.0336
2025-12-21,7.0336
2025-12-22,7.0313
2025-12-23,7.0194
2025-12-24,7.0076
2025-12-25,7.001
2025-12-26,7.0042
2025-12-27,7.0042
2025-12-28,7.0042
2025-12-29,6.9979999999999976
2025-12-30,6.9923
2025-12-31,6.9755
2026-01-01,6.98
2026-01-02,6.9699
2026-01-03,6.9699
2026-01-04,6.9699
2026-01-05,6.9829
2026-01-06,6.9808
2026-01-07,6.9935
2026-01-08,6.9823
2026-01-09,6.976
2026-01-10,6.976
2026-01-11,6.976
2026-01-12,6.9687
2026-01-13,6.9736
2026-01-14,6.9712
2026-01-15,6.9631
2026-01-16,6.9674
2026-01-17,6.9674
2026-01-18,6.9674
2026-01-19,6.9568
2026-01-20,6.9558
2026-01-21,6.9601
2026-01-22,6.964
2026-01-23,6.9487
2026-01-24,6.9487
2026-01-25,6.9487
2026-01-26,6.9492
2026-01-27,6.9336
2026-01-28,6.9434
2026-01-29,6.9482
2026-01-30,6.9589
2026-01-31,6.9589
2026-02-01,6.9589
2026-02-02,6.9414
2026-02-03,6.935
2026-02-04,6.9412
2026-02-05,6.9409
2026-02-06,6.9298
2026-02-07,6.9298
2026-02-08,6.9298
2026-02-09,6.9152
2026-02-10,6.9143
2026-02-11,6.9088
2026-02-12,6.899
2026-02-13,6.9011
2026-02-14,6.9011
2026-02-15,6.9011
2026-02-16,6.8833
2026-02-17,6.8853
2026-02-18,6.8912
2026-02-19,6.8998
2026-02-20,6.8972
2026-02-21,6.8972
2026-02-22,6.8972
2026-02-23,6.8894
2026-02-24,6.8798
2026-02-25,6.8544
2026-02-26,6.8438
2026-02-27,6.8612
2026-02-28,6.8612
2026-03-01,6.8612
2026-03-02,6.9012
2026-03-03,6.9175
2026-03-04,6.8946
2026-03-05,6.9184
2026-03-06,6.9093
2026-03-07,6.9093
2026-03-08,6.9093
2026-03-09,6.8875
2026-03-10,6.8813
2026-03-11,6.8766
2026-03-12,6.8821
2026-03-13,6.9077
2026-03-14,6.9077
2026-03-15,6.9077
2026-03-16,6.8894
2026-03-17,6.8835
2026-03-18,6.9016
2026-03-19,6.8824
2026-03-20,6.9062
2026-03-21,6.9062
2026-03-22,6.9062
2026-03-23,6.886
2026-03-24,6.8926
2026-03-25,6.9046
2026-03-26,6.9206
2026-03-27,6.9198
2026-03-28,6.9198
2026-03-29,6.9198
2026-03-30,6.9164
2026-03-31,6.8879
2026-04-01,6.8789
2026-04-02,6.8895
2026-04-03,6.8865
2026-04-04,6.8865
2026-04-05,6.8865
2026-04-06,6.8764
2026-04-07,6.8563
2026-04-08,6.8335
2026-04-09,6.828
